label|text




public_resource|"The university provides free online access to its digital library of educational research papers and teaching methodologies. Educators worldwide can download these resources to improve their classroom practices. This initiative supports evidence-based teaching in schools that lack access to academic journals."
public_resource|"Our education department offers free literacy development kits for local families with young children. Each kit contains books, reading guides, and interactive learning materials. Parents can borrow these resources to support early childhood literacy development at home."
public_resource|"The university's mathematics education center provides free online tutoring sessions for K-12 students struggling with math concepts. Education majors volunteer their time to provide personalized support. This service helps reduce educational inequality by supporting students who cannot afford private tutoring."
public_resource|"We maintain a public repository of adapted curriculum materials for students with special educational needs. Teachers can access modified lesson plans, visual supports, and assessment tools. These resources help create more inclusive classroom environments in local schools."
public_resource|"The science education department offers free virtual laboratory access to schools lacking proper science facilities. Students can conduct experiments through interactive simulations that mimic real laboratory conditions. This ensures all students receive hands-on science education regardless of their school's resources."
public_resource|"Our online platform provides free professional development courses for teachers in underserved areas. The courses cover modern teaching strategies, classroom management, and curriculum development. Educators can earn certification while improving their teaching practice."
public_resource|"The university's language center offers free digital resources for English language learners in local communities. Materials include interactive lessons, pronunciation guides, and vocabulary builders. These resources support immigrant families in acquiring essential language skills."
public_resource|"We provide free access to our educational technology tools for local schools and homeschooling families. The platform includes learning management systems and educational software. This helps bridge the digital divide in education across our region."
public_resource|"The early childhood education department shares free developmental screening tools with community childcare centers. Providers can identify children who need additional support and connect families with resources. This promotes early intervention and school readiness."
public_resource|"Our university offers free digital textbooks and open educational resources for high school students. The materials cover core subjects and are aligned with state curriculum standards. This reduces the financial burden on families and schools while ensuring access to quality materials."
public_resource|"The education policy center provides free research briefs on educational equity issues for community advocates. The documents analyze achievement gaps and propose evidence-based solutions. Local organizations use this information to advocate for educational reform."
public_resource|"We maintain a free online database of scholarship opportunities and college preparation resources. First-generation college students can access guidance on applications, financial aid, and campus life. This supports educational advancement for underrepresented student populations."
public_resource|"The special education department offers free workshops and resources for parents of children with disabilities. Materials cover rights, advocacy strategies, and home-based learning activities. This empowers families to better support their children's educational journey."
public_resource|"Our literacy center provides free reading assessment tools and intervention strategies for elementary teachers. Educators can identify struggling readers and implement targeted support. This helps ensure all students develop fundamental literacy skills."
public_resource|"The university shares free curriculum frameworks for project-based learning with local school districts. The frameworks include unit plans, assessment rubrics, and implementation guides. This promotes engaging, student-centered teaching practices in classrooms."
public_resource|"We offer free access to our digital archive of educational documentaries and teaching videos. Teachers can use these resources to enhance their lessons and provide real-world context. The collection spans all subject areas and grade levels."
public_resource|"The mathematics department provides free manipulatives and hands-on learning kits to local elementary schools. Teachers can borrow these resources to make abstract math concepts more concrete. This supports conceptual understanding in early mathematics education."
public_resource|"Our education technology lab offers free training on using digital tools in the classroom. Teachers learn to integrate technology effectively to enhance learning outcomes. The sessions focus on practical applications rather than theoretical concepts."
public_resource|"The university's career center provides free college and career readiness resources for high school students. Materials include career exploration tools, resume builders, and interview preparation guides. This helps students make informed decisions about their educational futures."
public_resource|"We maintain a free online platform connecting retired teachers with schools needing substitute coverage. The system helps address teacher shortages while utilizing experienced educators' expertise. Schools benefit from qualified coverage, and retired teachers stay engaged in education."
public_resource|"The educational psychology department offers free social-emotional learning resources for schools. Materials include lesson plans, assessment tools, and classroom management strategies. This supports whole-child development in educational settings."
public_resource|"Our university provides free STEM education kits to community centers and after-school programs. The kits include hands-on activities and project guides to spark interest in science and technology. This exposes children to STEM concepts outside formal school settings."
public_resource|"The teacher preparation program shares free classroom observation tools and feedback protocols with local schools. Administrators can use these resources to support teacher development and improve instruction. This promotes continuous improvement in teaching quality."
public_resource|"We offer free digital portfolios for students to document their learning journey and achievements. The platform helps students reflect on their growth and showcase their skills to colleges and employers. This supports the development of metacognitive skills and self-awareness."
public_resource|"The education department provides free curriculum mapping tools and resources for school districts. Administrators can align their programs with standards and identify gaps in their offerings. This helps ensure coherent and comprehensive educational experiences for students."
public_resource|"Our literacy initiative provides free books and reading materials to low-income neighborhoods. Volunteers distribute books and conduct read-aloud sessions in community spaces. This promotes literacy development and access to reading materials outside school."
public_resource|"The university's global education center offers free resources for teaching cultural competence and global awareness. Materials include lesson plans, virtual exchange programs, and international case studies. This prepares students for participation in an interconnected world."
public_resource|"We provide free assistive technology evaluations and recommendations for students with disabilities. Our specialists assess needs and suggest tools to support learning and participation. This helps schools implement appropriate accommodations for diverse learners."
public_resource|"The educational leadership program offers free resources for aspiring school administrators and teacher leaders. Materials include case studies, leadership frameworks, and professional development plans. This supports the development of effective educational leaders."
public_resource|"Our center for educational innovation shares free design thinking resources for school improvement projects. Educators learn human-centered approaches to address challenges in their schools. This promotes creative problem-solving in educational contexts."
public_resource|"The university provides free access to its language learning software for recent immigrants and refugees. The program focuses on practical language skills needed for daily life and employment. This supports successful integration and educational access for new community members."
public_resource|"We offer free financial literacy curriculum and resources for high school economics classes. The materials cover budgeting, saving, investing, and responsible credit use. This prepares students for financial decision-making after graduation."
public_resource|"The environmental education center provides free outdoor learning guides and resources for teachers. Materials include nature journaling prompts, ecosystem studies, and conservation activities. This connects classroom learning to real-world environmental issues."
public_resource|"Our educational assessment center offers free test preparation resources for standardized exams. Materials include practice tests, study guides, and test-taking strategies. This helps level the playing field for students from under-resourced schools."
public_resource|"The university's arts integration program provides free resources connecting arts with core academic subjects. Teachers learn to use visual arts, music, and drama to enhance learning in math, science, and literacy. This promotes engaging, multimodal learning experiences."
public_resource|"We maintain a free online platform for teachers to share lesson plans and best practices. Educators can upload their successful materials and adapt others' work for their classrooms. This fosters collaboration and continuous improvement in teaching."
public_resource|"The early childhood center offers free developmental milestone checklists and resources for parents and caregivers. Materials help identify typical development and when to seek additional support. This promotes early detection of developmental delays and appropriate intervention."
public_resource|"Our educational technology team provides free coding and computer science resources for K-12 schools. Materials include curriculum guides, project ideas, and professional development support. This helps schools implement computer science education effectively."
public_resource|"The university's history education project shares free primary source analysis tools and document sets. Teachers can access historical documents with accompanying analysis frameworks and lesson ideas. This helps students develop critical thinking through historical inquiry."
public_resource|"We offer free mindfulness and wellness resources for educators and students. Materials include guided meditation scripts, yoga sequences, and stress management strategies. This supports mental health and well-being in educational settings."
public_resource|"The educational research center provides free data analysis tools and resources for school improvement teams. Schools can analyze student achievement data and identify areas for intervention. This supports evidence-based decision-making in educational contexts."
public_resource|"Our university shares free universal design for learning frameworks and implementation guides. Teachers learn to design flexible lessons that accommodate diverse learning needs from the outset. This reduces the need for retroactive accommodations and supports all learners."
public_resource|"The literacy research center offers free dyslexia screening tools and intervention resources for schools. Teachers can identify struggling readers early and provide targeted support. This helps prevent reading difficulties from becoming significant barriers to learning."
public_resource|"We provide free college transition resources for high school seniors preparing for higher education. Materials include campus life guides, study skill strategies, and time management tips. This supports successful transition from high school to college."
public_resource|"The educational equity initiative offers free implicit bias training and resources for educators. Materials help teachers recognize and address biases that may affect their interactions with students. This promotes more equitable educational environments."
public_resource|"Our STEM education center provides free engineering design challenges and project-based learning resources. Teachers can implement hands-on engineering activities that develop problem-solving skills. This makes STEM education more engaging and accessible."
public_resource|"The university's writing center offers free online writing support for high school students. Tutors provide feedback on essays, research papers, and creative writing assignments. This helps students develop strong writing skills essential for academic success."
public_resource|"We maintain a free digital library of educational games and interactive learning activities. Teachers can access games aligned with curriculum standards to make learning more engaging. This supports differentiated instruction and student motivation."
public_resource|"The educational leadership program shares free school culture and climate assessment tools. Administrators can measure school environment and identify areas for improvement. This supports the development of positive learning environments."
public_resource|"Our center for civic education provides free resources for teaching democratic principles and civic engagement. Materials include mock trial scripts, voting education guides, and community service project ideas. This prepares students for active citizenship."
public_resource|"The university's mathematics initiative offers free number sense development resources for early grades. Teachers access activities that build foundational mathematical understanding through games and manipulatives. This supports conceptual rather than procedural mathematics learning."
public_resource|"We provide free trauma-informed practice resources for educators working with vulnerable student populations. Materials help teachers create safe, supportive learning environments for students who have experienced trauma. This promotes educational access and success for all students."
public_resource|"The educational technology center offers free digital citizenship curriculum and resources. Students learn about online safety, digital footprint management, and responsible technology use. This prepares students for ethical participation in digital spaces."
public_resource|"Our language acquisition lab provides free bilingual education resources and dual language program guides. Schools can access research-based models for serving English language learners. This supports academic achievement while maintaining native language development."
public_resource|"The university's gifted education program shares free resources for identifying and serving advanced learners. Materials include assessment tools, differentiation strategies, and enrichment activities. This ensures that all students receive appropriate educational challenges."
public_resource|"We offer free family engagement resources and partnership frameworks for schools. Materials help schools build strong, collaborative relationships with families. This recognizes families as essential partners in the educational process."
public_resource|"The educational policy center provides free school funding equity analysis tools for advocates. Community members can examine funding distribution patterns and identify disparities. This supports advocacy for more equitable resource allocation."
public_resource|"Our restorative practices initiative offers free conflict resolution resources for schools. Materials include circle scripts, mediation guides, and relationship-building activities. This promotes positive school climate and reduces disciplinary exclusion."
public_resource|"The university's geography education project shares free mapping and spatial analysis resources. Teachers can access GIS tools and geographic inquiry activities for their classrooms. This develops students' spatial thinking and global awareness."
public_resource|"We provide free career technical education resources and program development guides. Schools can design pathways that connect academic learning with workforce preparation. This helps students see the relevance of their education to future careers."
public_resource|"The educational neuroscience initiative offers free brain-based learning resources for educators. Teachers learn about memory, attention, and executive function in educational contexts. This applies cognitive science principles to teaching practice."
public_resource|"Our entrepreneurship education program provides free business plan development resources for students. Materials guide students through identifying opportunities and creating viable business concepts. This develops innovation skills and economic literacy."
public_resource|"The university's sustainability education center shares free climate change education resources. Teachers can access age-appropriate materials about environmental issues and solutions. This prepares students to address complex global challenges."
public_resource|"We offer free media literacy curriculum and critical thinking resources for the digital age. Students learn to analyze information sources, recognize bias, and identify misinformation. This develops essential critical thinking skills for navigating modern media landscapes."
public_resource|"The educational assessment program provides free alternative assessment models and portfolio frameworks. Teachers can move beyond traditional testing to more authentic measures of student learning. This provides a more comprehensive picture of student achievement."
public_resource|"Our global competence initiative offers free resources for developing intercultural understanding. Materials include perspective-taking activities, cross-cultural communication guides, and global issue explorations. This prepares students for collaboration across cultural differences."
public_resource|"The university's philosophy for children program shares free inquiry-based discussion resources. Teachers learn to facilitate philosophical conversations that develop critical thinking and reasoning skills. This promotes intellectual curiosity and dialogic learning."
public_resource|"We provide free growth mindset resources and assessment tools for educators. Materials help teachers foster beliefs about intelligence and ability that support learning persistence. This encourages students to embrace challenges and learn from mistakes."
public_resource|"The educational technology integration program offers free blended learning models and implementation guides. Schools can design approaches that combine face-to-face and online learning effectively. This provides flexibility while maintaining instructional quality."
public_resource|"Our mathematics anxiety reduction initiative provides free resources for building mathematical confidence. Teachers learn strategies to address anxiety and create positive mathematical identities. This removes emotional barriers to mathematics learning."
public_resource|"The university's place-based education project shares free local history and ecology study resources. Teachers connect curriculum to students' immediate environments and communities. This makes learning more relevant and engaging for students."
public_resource|"We offer free computational thinking resources and coding integration guides for elementary teachers. Materials help introduce foundational computer science concepts across subject areas. This develops problem-solving skills applicable beyond computer science."
public_resource|"The educational leadership program provides free instructional coaching models and resources. Teacher leaders and administrators learn to support professional growth through collaborative approaches. This builds capacity for continuous instructional improvement."
public_resource|"Our multilingual learner initiative offers free translanguaging resources and pedagogical approaches. Teachers learn strategies that leverage students' full linguistic repertoires for learning. This views bilingualism as an asset rather than a deficit."
public_resource|"The university's design education project shares free creative problem-solving resources. Students learn design thinking processes to address real-world challenges through innovative solutions. This develops creativity and innovation skills."
public_resource|"We provide free mathematical discourse resources and talk move strategies for teachers. Materials help facilitate classroom conversations that develop mathematical understanding. This positions students as sense-makers rather than answer-getters."
public_resource|"The educational equity center offers free culturally responsive curriculum review tools. Schools can examine their materials for representation, bias, and cultural relevance. This ensures that all students see themselves reflected in the curriculum."
public_resource|"Our science education initiative provides free phenomenon-based learning resources. Teachers use compelling natural phenomena to drive student inquiry and sense-making. This makes science learning more authentic and engaging."
public_resource|"The university's literacy research center shares free disciplinary literacy resources for content areas. Teachers in science, history, and other subjects learn to develop students' subject-specific reading skills. This supports literacy development across the curriculum."
public_resource|"We offer free mathematical modeling resources and real-world application projects. Students learn to use mathematics to understand and solve authentic problems. This demonstrates the relevance and utility of mathematics."
public_resource|"The educational technology program provides free accessibility evaluation tools for digital resources. Teachers and developers can ensure their materials are usable by students with diverse abilities. This promotes inclusive digital learning environments."
public_resource|"Our social studies education initiative offers free historical thinking resources and analysis frameworks. Students learn to source documents, contextualize information, and corroborate evidence. This develops critical approaches to historical understanding."
public_resource|"The university's arts education program shares free integrated arts curriculum resources. Teachers learn to connect arts learning with academic content across subject areas. This promotes creative expression while reinforcing academic learning."
public_resource|"We provide free mathematical visualization tools and representation resources. Teachers help students make sense of abstract concepts through multiple mathematical representations. This supports deeper conceptual understanding in mathematics."
public_resource|"The educational policy center offers free school integration models and diversity frameworks. Communities can design approaches that create more diverse and inclusive educational settings. This prepares students for participation in a diverse society."
public_resource|"Our environmental literacy initiative provides free sustainability education resources. Students learn about ecological systems, human impacts, and sustainable solutions. This develops knowledge and skills for creating sustainable futures."
public_resource|"The university's data science education project shares free statistical reasoning resources. Teachers introduce data analysis and interpretation skills across grade levels and subjects. This develops essential literacy for our data-rich world."
public_resource|"We offer free philosophical inquiry resources for developing ethical reasoning skills. Students explore complex ethical dilemmas and develop reasoned positions through dialogue. This promotes moral development and ethical decision-making."
public_resource|"The educational technology initiative provides free game-based learning resources and implementation guides. Teachers learn to use educational games effectively to enhance motivation and learning. This leverages engagement for educational purposes."
public_resource|"Our mathematics education program shares free number talk resources and mental math strategies. Teachers develop students' computational fluency and mathematical reasoning through brief daily exercises. This builds both procedural skill and conceptual understanding."
public_resource|"The university's literacy initiative offers free multilingual library resources and reading materials. Schools can access books in multiple languages to serve diverse student populations. This supports literacy development in both native languages and additional languages."
public_resource|"We provide free spatial reasoning resources and geometry visualization tools. Teachers help students develop mental rotation, perspective-taking, and spatial visualization skills. This supports learning in mathematics, science, and beyond."
public_resource|"The educational leadership program offers free change management resources for school improvement. Leaders learn to navigate complex change processes while maintaining focus on student learning. This builds capacity for meaningful educational transformation."
public_resource|"Our computational thinking initiative provides free algorithm development resources across subjects. Students learn to break down problems and design step-by-step solutions in various contexts. This develops systematic approaches to problem-solving."
public_resource|"The university's global education project shares free virtual exchange resources and partnership models. Schools can connect classrooms across geographic and cultural boundaries for collaborative learning. This develops global awareness and cross-cultural communication skills."
public_resource|"The university's digital library offers free public access to millions of academic articles and historical documents. This comprehensive resource is available to anyone who registers for a free community account online. It serves as a vital tool for lifelong learners and researchers not affiliated with the institution."
public_resource|"A new online portal provides free access to specialized software for graphic design and statistical analysis. Community members can use these powerful tools for personal projects or to develop new professional skills. The platform includes tutorial videos and a support forum moderated by university IT staff."
public_resource|"The geology department has created a public database of local mineral and fossil specimens. Each entry includes high-resolution photographs, 3D scans, and detailed geological context for the samples. School teachers frequently use this resource to create engaging lesson plans for their science classes."
public_resource|"Our institution maintains a public repository of open-source textbooks and course materials. These resources are peer-reviewed by faculty and cover a wide range of undergraduate subjects. Students from other universities and self-learners worldwide have praised the quality and accessibility of these materials."
public_resource|"The university press has made its entire catalog of academic journals available through open-access publishing. This means all articles are free to read, download, and share without any subscription fees. The initiative aims to accelerate the pace of scientific discovery and global knowledge sharing."
public_resource|"A public makerspace on campus provides free access to 3D printers, laser cutters, and electronics workstations. Community users must complete a safety orientation before booking time on the equipment. This facility has helped local inventors and artists bring their creative ideas to life."
public_resource|"The music library streams live performances and maintains an archive of historical recordings for public listening. These collections include rare folk music recordings and contemporary student compositions. Music enthusiasts from around the city regularly visit to study these unique audio resources."
public_resource|"Our free language learning platform offers courses in over twenty languages for community members. The interactive system uses speech recognition technology to help users improve their pronunciation. Local businesses often recommend this resource to employees who need to develop language skills for customer service."
public_resource|"The university's public data portal provides free access to curated datasets on urban development and public health. Local journalists frequently use this information to create data-driven stories about community issues. The portal includes visualization tools that make the data understandable to non-experts."
public_resource|"The architecture archives offer free public viewing of historical blueprints and architectural models. These collections document the development of the city's built environment over the past two centuries. Preservation activists and history buffs find this resource particularly valuable for their work."
public_resource|"A new digital humanities project provides free access to transcribed historical letters and diaries. Volunteers from the community help with the transcription process through an online platform. High school history teachers use these primary sources to make their lessons more engaging and authentic."
public_resource|"The university's observatory offers free remote access to its research telescope for approved educational projects. Astronomy clubs and science teachers can book time slots to capture images of celestial objects. This program has enabled students without access to expensive equipment to participate in genuine astronomical research."
public_resource|"Our public legal information center provides free access to legal databases and document preparation software. Law students volunteer at the center to help community members navigate complex legal systems. The service has been particularly helpful for people dealing with housing and family law matters."
public_resource|"The environmental science department maintains a public database of local air and water quality measurements. The data is updated in real-time from monitoring stations located throughout the region. Local residents use this information to track environmental conditions in their neighborhoods."
public_resource|"A free digital archive of university theses and dissertations is available to the public online. While recent works may have access restrictions, most historical documents are fully accessible. Graduate students from other institutions frequently cite these works in their own research."
public_resource|"The university's career center offers free online resources for job seekers in the community. These include resume templates, interview preparation guides, and information about local job markets. The resources are available in multiple languages to serve the diverse population of our city."
public_resource|"Our public health department provides free access to epidemiological models and disease tracking tools. Community health workers use these resources to understand and respond to local health trends. The tools have proven especially valuable during public health emergencies."
public_resource|"The engineering school offers free online tutorials for programming and computer-aided design software. These self-paced courses include practical projects that help learners build professional portfolios. Many participants have used these skills to transition into better-paying technology jobs."
public_resource|"A digital collection of local newspaper archives is freely accessible through the university library. The collection includes scanned issues dating back to the city's founding in the 19th century. Genealogists and local historians rely heavily on this resource for their research."
public_resource|"The university's policy institute provides free public access to its research reports and data analysis. These documents cover important local issues such as transportation, education, and economic development. City planners and community organizers use these insights to inform their decision-making processes."
public_resource|"Our free online mathematics resource center offers interactive lessons and practice problems for K-12 students. The content aligns with state educational standards and is used by homeschool families and tutoring centers. The platform tracks student progress and adapts to individual learning needs."
public_resource|"The university museum provides free digital access to its collections of art and historical artifacts. High-resolution images allow users to examine objects in detail from their home computers. Teachers can create custom galleries from the collection for use in their virtual classrooms."
public_resource|"A public innovation hub offers free access to patent databases and market research tools. Local entrepreneurs use these resources to evaluate business ideas and conduct competitive analysis. The hub also hosts networking events that connect innovators with potential investors."
public_resource|"The film studies department streams classic and independent films for free through its online platform. Each film is accompanied by scholarly commentary and discussion questions. Cinema clubs throughout the city use this resource to organize their viewing and discussion sessions."
public_resource|"Our free writing center offers online resources for improving academic and professional writing skills. The materials cover everything from basic grammar to advanced research paper composition. Community members can access writing templates and examples of successful documents."
public_resource|"The university's agricultural extension provides free access to soil testing and crop management resources. Local farmers use these services to improve their yields while reducing environmental impact. The extension also offers free workshops on sustainable farming practices."
public_resource|"A digital repository of public domain sheet music is maintained by the university's music department. Musicians can download and perform these works without worrying about copyright restrictions. Community orchestras and church choirs frequently use this collection to find repertoire."
public_resource|"The psychology department offers free online mental health resources and self-assessment tools. While not a substitute for professional therapy, these resources help people understand common psychological challenges. The materials have been particularly valuable during times of increased social isolation."
public_resource|"Our free coding platform provides interactive programming lessons for beginners through advanced developers. Users can write and test code directly in their web browsers without installing special software. Local technology companies often recommend this resource to job applicants who need to improve their technical skills."
public_resource|"The university's transportation research center provides free access to traffic flow models and public transit data. Urban planners use these tools to analyze transportation problems and test potential solutions. Community groups have used this data to advocate for improved public transit services."
public_resource|"A public digital archive of local government documents is hosted by the university library. The collection includes city council minutes, budget documents, and planning reports dating back decades. Journalists and civic activists use this archive to hold local government accountable."
public_resource|"The university's business school offers free access to case studies and industry analysis reports. Aspiring entrepreneurs and small business owners use these materials to learn about successful business strategies. The cases cover a wide range of industries and business challenges."
public_resource|"Our free online anatomy resource provides interactive 3D models of the human body. Medical students, healthcare professionals, and curious learners all use this tool to study human anatomy. The models can be rotated, layered, and labeled to support different learning objectives."
public_resource|"The chemistry department offers free access to virtual laboratory simulations for dangerous or expensive experiments. High school teachers use these simulations when their schools lack the equipment or safety infrastructure for hands-on labs. The simulations include realistic measurements and unexpected outcomes to mimic actual laboratory work."
public_resource|"A public database of local biodiversity is maintained by the university's biology department. Citizens can contribute observations through a mobile app, creating a community-sourced map of local species. Environmental planners use this data to identify important habitats that need protection."
public_resource|"The university's free online statistics resource helps users understand and apply statistical methods. The material is presented in clear language with examples from everyday life rather than abstract mathematics. Community researchers and small non-profit organizations find this resource particularly valuable."
public_resource|"Our digital archive of historical maps allows users to explore how the local landscape has changed over time. The collection includes topographic maps, property surveys, and urban planning documents. Preservationists use these maps to identify historically significant sites that may lack other documentation."
public_resource|"The university's public policy debates are recorded and made available through a free podcast series. Each episode features experts discussing current policy issues from multiple perspectives. Listeners appreciate the balanced approach and depth of analysis in these discussions."
public_resource|"A free digital library of children's literature is available through the education department. The collection includes books in multiple languages and formats accessible to children with different abilities. Teachers and parents use this resource to encourage reading and cultural awareness."
public_resource|"The university's energy research center provides free access to data on renewable energy technologies. Homeowners and small businesses use this information to evaluate options for reducing their energy costs and environmental impact. The center also offers free consultations for community energy projects."
public_resource|"Our free online philosophy resource offers introductions to major philosophical traditions and thinkers. The material is presented through videos, texts, and discussion prompts that encourage critical thinking. Book clubs and discussion groups use these resources to structure their conversations."
public_resource|"The university's disability resource center offers free access to assistive technology tutorials and guides. These resources help individuals with disabilities make better use of technology in education and employment. The materials are developed with input from people with diverse types of disabilities."
public_resource|"A public database of building energy performance is maintained by the architecture school. Property owners can compare their building's energy use to similar structures and identify improvement opportunities. The database has helped drive energy efficiency improvements throughout the community."
public_resource|"The university's free online music theory resource offers interactive lessons and ear training exercises. Aspiring musicians use these tools to develop their understanding of harmony, rhythm, and musical structure. The platform includes instant feedback on exercises to help users identify areas needing improvement."
public_resource|"Our public weather and climate data portal provides free access to historical records and forecasting models. Farmers, event planners, and researchers all rely on this information for their planning and analysis. The data is available in both raw formats and user-friendly visualizations."
public_resource|"The university's free digital archive of scientific instruments documents the history of technological innovation. Each entry includes photographs, technical specifications, and historical context for the instruments. Museum curators and collectors reference this archive when researching their own collections."
public_resource|"A public database of local water systems and quality is maintained by the environmental engineering department. Homeowners use this information to understand their water sources and potential contamination risks. The data has been instrumental in identifying areas needing infrastructure improvements."
public_resource|"The university's free online resource for literary analysis offers guides to major works of world literature. Each guide includes historical context, thematic analysis, and discussion questions. Book clubs and literature students find these materials helpful for deepening their understanding of complex texts."
public_resource|"Our public database of local economic indicators provides free access to employment, income, and business data. Community development organizations use this information to target their programs where they are most needed. The data is updated quarterly to reflect changing economic conditions."
public_resource|"The university's free online logic and critical thinking resource helps users develop better reasoning skills. The interactive exercises teach users to identify common fallacies and evaluate arguments systematically. The skills developed through this resource are valuable in both personal and professional contexts."
public_resource|"A public digital archive of architectural photographs documents the changing face of the city over the past century. The collection includes images of buildings that have since been demolished or significantly altered. Urban historians and preservationists use this archive to understand the city's development."
public_resource|"The university's free online resource for public speaking offers video examples and practice exercises. Users can record themselves delivering speeches and receive automated feedback on their delivery. Community leaders and activists have used this resource to become more effective communicators."
public_resource|"Our public database of local health statistics provides free access to information about disease prevalence and health outcomes. Public health officials use this data to identify community health priorities and allocate resources. The information is presented in maps and charts that make patterns easy to understand."
public_resource|"The university's free online resource for learning about scientific methodology offers interactive experiments. Users can manipulate variables and see how they affect outcomes in simulated environments. Science teachers use these simulations to demonstrate concepts that are difficult to show in classroom settings."
public_resource|"A public digital archive of political campaign materials documents local election history. The collection includes brochures, advertisements, and debate recordings from past campaigns. Political scientists and journalists use this archive to study changing campaign strategies and issues."
public_resource|"The university's free online resource for financial literacy offers courses on budgeting, investing, and debt management. The courses use realistic scenarios to help users apply financial concepts to their own situations. Community organizations partner with the university to promote these resources to their constituents."
public_resource|"Our public database of local environmental regulations helps homeowners and businesses understand their compliance obligations. The information is presented in plain language with links to the full legal texts. This resource has helped prevent unintentional violations and associated penalties."
public_resource|"The university's free online resource for learning about world cultures offers multimedia introductions to different societies. The materials include videos, music, recipes, and descriptions of cultural traditions. Teachers use these resources to create more inclusive and globally-aware curricula."
public_resource|"A public digital archive of labor history documents the struggles and achievements of local workers. The collection includes union records, oral history interviews, and photographs of strikes and protests. Labor organizers and historians use this archive to understand the evolution of workers' rights."
public_resource|"The university's free online resource for conflict resolution offers strategies for managing disputes in various settings. The materials include video demonstrations of effective communication techniques and negotiation strategies. Community mediators and organizational leaders use these resources to improve their conflict management skills."
public_resource|"Our public database of local educational outcomes provides information about school performance and achievement gaps. Parents, policymakers, and community advocates use this data to identify needs and advocate for educational improvements. The data is disaggregated by demographic groups to highlight equity issues."
public_resource|"The university's free online resource for learning about ethical reasoning offers case studies and analysis frameworks. The cases address real-world dilemmas in business, healthcare, technology, and other fields. Professional associations sometimes use these materials for their continuing education programs."
public_resource|"A public digital archive of women's history documents the contributions of local women to community development. The collection includes personal papers, organizational records, and oral history interviews. Researchers use this archive to recover stories that were often excluded from traditional historical accounts."
public_resource|"The university's free online resource for research methods offers guidance on designing and conducting studies in various disciplines. The materials cover both quantitative and qualitative approaches to research. Community organizations use these resources to improve their own data collection and evaluation efforts."
public_resource|"Our public database of local housing market trends provides information about prices, availability, and affordability. Renters, homeowners, and housing advocates use this information to understand market dynamics and policy impacts. The data has been used to support affordable housing initiatives."
public_resource|"The university's free online resource for learning about sustainable living offers practical advice for reducing environmental impact. The materials cover topics such as energy conservation, waste reduction, and sustainable food choices. Community environmental groups promote these resources to their members."
public_resource|"A public digital archive of immigrant experiences documents the stories of diverse communities that have shaped the city. The collection includes personal narratives, photographs, and cultural artifacts. The archive helps foster understanding between different cultural groups in the community."
public_resource|"The university's free online resource for curriculum development offers templates and examples for creating effective learning experiences. Teachers at all levels use these materials to design lessons that engage students and achieve learning objectives. The resource is particularly valuable for new teachers developing their teaching practices."
public_resource|"Our public database of local crime statistics provides information about crime patterns and police responses. Community groups use this data to identify public safety concerns and advocate for appropriate resources. The information is presented with context to help users understand factors that influence crime rates."
public_resource|"The university's free online resource for grant writing offers guidance on finding funding and preparing successful proposals. Non-profit organizations and community groups use these materials to improve their fundraising efforts. The resource includes examples of successful proposals from various fields."
public_resource|"A public digital archive of technological innovation documents the development of important inventions and industries. The collection includes patent documents, technical drawings, and corporate records. Innovators and entrepreneurs use this archive to understand the evolution of technology in their fields."
public_resource|"The university's free online resource for community organizing offers strategies for building effective advocacy campaigns. The materials cover topics such as coalition building, messaging, and mobilization tactics. Activists use these resources to increase their impact on issues they care about."
public_resource|"Our public database of local food systems provides information about food production, distribution, and access. Farmers, food businesses, and anti-hunger advocates use this information to strengthen local food networks. The data has helped identify areas with limited access to healthy food options."
public_resource|"The university's free online resource for learning about cognitive biases offers explanations of common thinking errors. The interactive exercises help users recognize these biases in their own reasoning. Professionals in various fields use this resource to improve their decision-making processes."
public_resource|"A public digital archive of social movements documents efforts to create social and political change. The collection includes protest materials, organizational records, and media coverage. Contemporary activists study this archive to learn from past successes and failures."
public_resource|"The university's free online resource for disaster preparedness offers practical guidance for individuals and communities. The materials cover preparation for various types of natural and human-made disasters. Local emergency management officials promote these resources to increase community resilience."
public_resource|"Our public database of local arts and culture provides information about artists, organizations, and venues. Arts advocates use this information to demonstrate the economic and social value of the cultural sector. The database helps connect artists with opportunities and audiences."
public_resource|"The university's free online resource for learning about media literacy offers tools for critically evaluating information sources. The materials help users identify misinformation and understand media persuasion techniques. Teachers and librarians use these resources to help students become more discerning information consumers."
public_resource|"A public digital archive of educational history documents the evolution of schools and teaching methods in the region. The collection includes textbooks, lesson plans, and photographs of classroom scenes. Education researchers use this archive to understand how pedagogical approaches have changed over time."
public_resource|"The university's free online resource for career exploration offers assessments and information about different occupations. Users can learn about required education, typical responsibilities, and employment outlook for various careers. High school and college students use this resource to make informed decisions about their futures."
public_resource|"Our public database of local volunteer opportunities connects community members with organizations needing assistance. The database allows users to search for opportunities based on their interests, skills, and availability. Non-profit organizations report that this resource has helped them recruit dedicated volunteers."
public_resource|"The university's free online resource for learning about artificial intelligence offers accessible introductions to key concepts and applications. The materials include interactive demonstrations that allow users to experiment with AI algorithms. The resource helps demystify a technology that is increasingly important in many aspects of life."
public_resource|"A public digital archive of sports history documents the role of athletics in community identity and development. The collection includes team records, photographs, and memorabilia from local sports organizations. Sports enthusiasts and historians use this archive to preserve and celebrate local athletic achievements."
public_resource|"The university's free online resource for personal productivity offers evidence-based strategies for managing time and attention. The materials include tools for planning, prioritizing, and avoiding distractions. Students and professionals use these strategies to accomplish their goals more efficiently."
public_resource|"Our public database of local recycling and waste management information helps residents properly dispose of various materials. The database includes locations of recycling centers and instructions for handling special waste items. Environmental officials credit this resource with reducing contamination in the recycling stream."
public_resource|"The university's free online resource for learning about neuroscience offers introductions to brain structure and function. The materials include interactive brain maps and explanations of neurological disorders. The resource helps satisfy public curiosity about how the brain works."
public_resource|"A public digital archive of theater history documents local productions, companies, and performers. The collection includes programs, reviews, photographs, and video recordings. Theater artists use this archive to research past productions and draw inspiration for new work."
public_resource|"The university's free online resource for ethical consumption offers guidance on making purchasing decisions that align with values. The materials cover topics such as fair trade, environmental impact, and corporate responsibility. Consumer advocates use these resources to promote more conscious consumption patterns."
public_resource|"Our public database of local public transportation resources provides information about routes, schedules, and fares. The database includes accessibility information for riders with disabilities. Transportation advocates use this data to identify service gaps and advocate for improvements."
public_resource|"The university's free online resource for learning about cryptography offers historical and modern perspectives on secret communication. The materials include interactive tools for experimenting with different encryption methods. Computer science students and privacy enthusiasts find this resource particularly engaging."
public_resource|"A public digital archive of fashion history documents changing styles and clothing practices in the region. The collection includes garments, patterns, photographs, and fashion publications. Designers and historians use this archive to understand the cultural significance of clothing."
public_resource|"The university's free online resource for stress management offers evidence-based techniques for coping with pressure. The materials include guided relaxation exercises and cognitive strategies for reframing stressful situations. Students and working professionals have found these techniques helpful for maintaining mental health."
public_resource|"Our public database of local child care resources provides information about licensed providers and early education programs. Parents use this information to find quality care that meets their family's needs. Child care advocates use the data to identify areas with insufficient supply of services."
public_resource|"The university's free online resource for learning about renewable energy technologies offers explanations of how different systems work. The materials include case studies of successful implementations in various settings. Homeowners and community groups use this information when considering renewable energy projects."
public_resource|"A public digital archive of comic art documents the work of local cartoonists and graphic novelists. The collection includes original artwork, published comics, and related correspondence. Scholars and fans use this archive to study the development of this popular art form."
public_resource|"The university's free online resource for negotiation skills offers strategies for achieving mutually beneficial agreements. The materials include video demonstrations of effective negotiation techniques and practice scenarios. Business professionals and community mediators use these resources to improve their negotiation outcomes."
public_resource|"Our public database of local aging services provides information about resources for older adults and their caregivers. The database includes information about housing, healthcare, transportation, and social opportunities. Aging service providers use this information to connect clients with appropriate support."
public_resource|"The university's free online resource for learning about oceanography offers virtual explorations of marine environments. The materials include interactive maps, video footage from research expeditions, and data from ocean monitoring. The resource brings the wonders of the deep sea to people who may never visit the ocean."
public_resource|"A public digital archive of protest music documents songs that have accompanied social movements in the region. The collection includes recordings, sheet music, and historical context about the songs' creation and use. Activists and musicians draw inspiration from this archive for contemporary social justice work."
public_resource|"The university's free online resource for digital privacy offers practical advice for protecting personal information online. The materials cover topics such as password management, social media settings, and recognizing phishing attempts. Digital literacy instructors use these resources in their classes on internet safety."
public_resource|"Our public database of local parks and recreation facilities provides information about amenities and programming. Residents use this information to find opportunities for exercise, relaxation, and social connection. Park advocates use the data to identify needs for facility improvements and new parks."
public_resource|"The university's free online resource for learning about indigenous knowledge systems offers perspectives often excluded from traditional education. The materials include oral histories, ecological knowledge, and cultural practices shared by indigenous community members. Educators use these resources to create more inclusive curricula."
public_resource|"A public digital archive of disability history documents the struggles for rights and accessibility in the community. The collection includes personal accounts, advocacy materials, and documentation of policy changes. Disability rights activists use this archive to inform their ongoing work for inclusion."
public_resource|"The university's free online resource for scientific communication offers guidance on explaining complex concepts to non-experts. The materials include examples of effective science writing and public presentations. Researchers use these resources to improve their ability to share their work with broader audiences."
public_resource|"Our public database of local business resources provides information about licensing, financing, and support services. Entrepreneurs use this information to navigate the process of starting and growing a business. Economic development officials use the data to identify ways to strengthen the local business environment."
public_resource|"The university's free online resource for learning about game design offers introductions to the principles behind engaging interactive experiences. The materials include analysis of successful games and tools for prototyping new ideas. Aspiring game developers use these resources to begin their journey in this creative field."
public_resource|"A public digital archive of funeral practices documents how different cultural groups in the region honor their dead. The collection includes photographs, ritual descriptions, and memorial artifacts. The archive serves as a respectful resource for understanding diverse approaches to death and mourning."
public_resource|"The university's free online resource for mindful communication offers practices for more intentional and compassionate interactions. The materials include exercises for deep listening and speaking with awareness. Relationship counselors and organizational leaders use these practices to improve communication in their settings."
public_resource|"Our public database of local historical landmarks provides information about significant buildings, sites, and structures. Preservationists use this information to prioritize conservation efforts and educate the public about local history. The database includes both designated landmarks and potential candidates for preservation."
public_resource|"The university's free online resource for learning about animal behavior offers fascinating insights into the lives of different species. The materials include video observations and explanations of behavioral adaptations. Animal lovers and aspiring biologists find this resource both entertaining and educational."
public_resource|"A public digital archive of traditional crafts documents techniques and products that are part of the region's cultural heritage. The collection includes tools, finished objects, and recordings of craft processes. Contemporary artisans use this archive to learn and preserve traditional skills."
public_resource|"The university's free online resource for creative problem-solving offers techniques for generating innovative solutions to challenges. The materials include brainstorming methods, lateral thinking exercises, and case studies of creative breakthroughs. Innovation teams in various organizations use these approaches in their work."
public_resource|"Our public database of local climate action initiatives provides information about community efforts to reduce greenhouse gas emissions. Environmental advocates use this information to coordinate efforts and avoid duplication. The database helps create a comprehensive picture of local climate action."
public_resource|"The university's free online resource for learning about the history of medicine offers perspectives on how healing practices have evolved. The materials include historical medical texts, illustrations, and accounts of public health challenges. Medical students and history enthusiasts find this resource illuminating."
public_resource|"A public digital archive of community celebrations documents festivals, parades, and other collective rituals that strengthen social bonds. The collection includes photographs, planning documents, and recordings of events. Community organizers use this archive to understand the role of celebration in community life."
public_resource|"The university's free online resource for digital storytelling offers guidance on creating compelling narratives using multimedia tools. The materials include examples of effective digital stories and technical tutorials for production. Educators and community organizations use these resources to help people share their stories."
public_resource|"Our public database of local innovation and invention provides information about patents, startups, and research commercialization. Economic developers use this information to identify growth sectors and support innovation ecosystems. The database highlights the community's capacity for generating new ideas and enterprises."
public_resource|"The university's online library portal offers free access to a vast collection of academic journals and historical archives for the general public."
public_resource|"A new initiative provides free public access to specialized software and high-end 3D printers in the campus maker-space on weekends."
public_resource|"The university has launched a public digital repository of open educational resources, including video lectures and course materials for independent learners."
public_resource|"Our botanical garden website features a free, detailed database of local plant species with high-resolution images for public use."
public_resource|"The physics department publishes free, interactive simulations of complex scientific phenomena, making advanced learning tools available to anyone online."
public_resource|"The university's digital library offers free access to academic journals for community members without university affiliation."
public_resource|"Open educational resources including lecture slides and course materials are freely available on the university's public portal."
public_resource|"Historical archives and special collections have been digitized and made accessible to the public through our online repository."
public_resource|"Free access to statistical software and data analysis tools is provided through public computer labs on campus."
public_resource|"The university's research repository contains thousands of theses and dissertations available for public download and study."
public_resource|"Digital collections of local flora and fauna documentation are freely accessible to nature enthusiasts and researchers alike."
public_resource|"Public access to the university's language learning software helps community members develop new language skills at no cost."
public_resource|"The architecture department's digital portfolio of sustainable designs is available for public viewing and inspiration."
public_resource|"Free online courses on various academic subjects are offered through the university's open learning initiative."
public_resource|"The music department's archive of classical performances is streamable to the public through our digital platform."
public_resource|"Public access to scientific databases helps local researchers conduct studies without financial barriers."
public_resource|"The university's digital map collection assists urban planners and historians with free geographical data."
public_resource|"Free programming tutorials and coding exercises are available through the computer science department's public portal."
public_resource|"The engineering school's patent library is openly accessible to inventors and entrepreneurs in the community."
public_resource|"Public resource computers in the library provide free internet access and academic software to community members."
public_resource|"Digital archives of local newspaper collections help genealogists and historians with their research projects."
public_resource|"The university's open data initiative provides public access to research datasets across multiple disciplines."
public_resource|"Free access to legal databases helps small business owners and entrepreneurs understand regulatory requirements."
public_resource|"The medical school's anatomical database is publicly available for healthcare students and professionals."
public_resource|"Public resource terminals in community centers extend the university's digital collections to neighborhood residents."
public_resource|"The university's podcast library features educational content freely available to the general public."
public_resource|"Free access to academic writing tools and citation software supports lifelong learners in their educational pursuits."
public_resource|"Digital repositories of local art collections provide cultural enrichment to community members online."
public_resource|"The university's public resource portal offers free tutorials on digital literacy and technology skills."
public_resource|"Open access to environmental monitoring data helps community activists track local ecological changes."
public_resource|"Free digital subscriptions to academic publications are available through the university's public program."
public_resource|"The mathematics department's problem bank helps students and teachers access practice materials freely."
public_resource|"Public access to 3D modeling software supports artists and designers in the local community."
public_resource|"The university's digital herbarium provides plant identification resources to gardeners and botanists."
public_resource|"Free online access to business case studies helps entrepreneurs develop their strategic thinking skills."
public_resource|"Public resource kiosks in libraries provide free access to the university's digital collections."
public_resource|"The psychology department's research findings are publicly available through open-access publications."
public_resource|"Free digital archives of local historical photographs preserve community memory for future generations."
public_resource|"The university's public resource program provides free access to specialized academic databases."
public_resource|"Open educational resources for K-12 teachers are available through the education department's portal."
public_resource|"Public access to economic indicators and market data supports local business planning efforts."
public_resource|"The university's digital language corpus helps linguists and language learners study language patterns."
public_resource|"Free access to architectural blueprints and building plans assists local construction professionals."
public_resource|"The chemistry department's public database of chemical compounds supports research and education."
public_resource|"Public resource computers in rural libraries bridge the digital divide for remote communities."
public_resource|"The university's open courseware initiative provides free access to curriculum materials worldwide."
public_resource|"Digital archives of local music recordings preserve cultural heritage for community enjoyment."
public_resource|"Free access to medical research databases supports healthcare professionals in their practice."
public_resource|"The university's public resource program offers free online tutorials for professional development."
public_resource|"Open access to satellite imagery and geographic data supports environmental monitoring efforts."
public_resource|"Public resource terminals in senior centers provide elderly community members with digital access."
public_resource|"The university's digital collection of local recipes preserves culinary traditions for future generations."
public_resource|"Free access to programming interfaces and developer tools supports local tech entrepreneurs."
public_resource|"The physics department's simulation software is publicly available for educational purposes."
public_resource|"Public resource access in community centers promotes digital inclusion for underserved populations."
public_resource|"The university's open data portal provides free access to government and research datasets."
public_resource|"Digital archives of local theater productions are freely available to drama enthusiasts."
public_resource|"Free access to economic models and forecasting tools supports local policy planning."
public_resource|"The university's public resource initiative provides free online textbooks to students worldwide."
public_resource|"Open access to linguistic databases supports language preservation efforts in indigenous communities."
public_resource|"Public resource computers in homeless shelters provide internet access to vulnerable populations."
public_resource|"The university's digital collection of local crafts preserves traditional artisan techniques."
public_resource|"Free access to statistical analysis tools supports community-based research projects."
public_resource|"The biology department's species database is publicly available for environmental education."
public_resource|"Public resource access in prisons provides educational opportunities for incarcerated individuals."
public_resource|"The university's open educational resources support homeschooling parents and students."
public_resource|"Digital archives of local historical documents are freely accessible to genealogy researchers."
public_resource|"Free access to market research databases supports small business development in the community."
public_resource|"The university's public resource program provides free online courses for career changers."
public_resource|"Open access to architectural renderings supports urban planning discussions in the community."
public_resource|"Public resource terminals in hospitals provide patients with educational and entertainment content."
public_resource|"The university's digital collection of local poetry preserves literary heritage for future readers."
public_resource|"Free access to scientific calculators and computational tools supports student learning."
public_resource|"The economics department's public database provides free access to economic indicators."
public_resource|"Public resource access in community colleges extends university resources to more students."
public_resource|"The university's open access policy ensures all faculty publications are publicly available."
public_resource|"Digital archives of local radio broadcasts preserve audio history for community access."
public_resource|"Free access to legal research databases supports pro bono work and legal aid services."
public_resource|"The university's public resource initiative provides free software licenses to community organizations."
public_resource|"Open access to medical imaging databases supports healthcare education and training."
public_resource|"Public resource computers in youth centers provide safe internet access for young people."
public_resource|"The university's digital collection of local festivals preserves cultural traditions online."
public_resource|"Free access to data visualization tools supports community advocacy and awareness campaigns."
public_resource|"The sociology department's research data is publicly available for policy analysis."
public_resource|"Public resource access in refugee centers provides educational opportunities for newcomers."
public_resource|"The university's open science initiative makes research methods and data publicly accessible."
public_resource|"Digital archives of local sports history preserve athletic achievements for community pride."
public_resource|"Free access to psychological assessment tools supports mental health professionals."
public_resource|"The university's public resource program provides free online tutorials for digital skills."
public_resource|"Open access to engineering specifications supports local manufacturing and innovation."
public_resource|"Public resource terminals in public parks provide outdoor digital learning opportunities."
public_resource|"The university's digital collection of local wildlife recordings preserves natural soundscapes."
public_resource|"Free access to academic search engines supports independent researchers and scholars."
public_resource|"The political science department's election data is publicly available for analysis."
public_resource|"Public resource access in community kitchens provides recipe and nutrition information."
public_resource|"The university's open knowledge initiative makes expert content available to all."
public_resource|"Digital archives of local business history preserve economic development stories."
public_resource|"Free access to mathematical modeling tools supports STEM education in schools."
public_resource|"The university's public resource program provides free access to academic conferences online."
public_resource|"Open access to environmental data supports community sustainability initiatives."
public_resource|"Public resource computers in transit centers provide information to travelers and commuters."
public_resource|"The university's digital collection of local art exhibitions preserves cultural events."
public_resource|"Free access to language translation tools supports multicultural communication."
public_resource|"The anthropology department's ethnographic data is publicly available for cultural study."
public_resource|"Public resource access in waiting rooms provides educational content during downtime."
public_resource|"The university's open innovation platform shares research findings with the public."
public_resource|"Digital archives of local community meetings preserve democratic processes."
public_resource|"Free access to quality control tools supports local product development."
public_resource|"The university's public resource initiative provides free research mentoring to community members."
public_resource|"The university is pleased to announce the opening of applications for the Dr. Emily Carter STEM Scholarship, which offers a full tuition waiver for four years to low-income students pursuing science or engineering degrees. The application deadline is January 15th, and selection is based on academic merit and financial need. This funding opportunity is publicly advertised on the main financial aid portal."
public_resource|"The Municipal Service Grant Program provides $5,000 stipends to current students who commit to working 20 hours per week at a local government agency or approved non-profit organization during the academic year. This program aims to support civic engagement and alleviate student living expenses. Details and application forms are available online."
public_resource|"The School of Law offers the Dean's Public Interest Fellowship, covering up to 75% of tuition costs for students dedicated to practicing non-profit or public sector law after graduation. Applicants must submit an essay detailing their commitment to public service and projected career path. This is a critical investment in public sector legal talent."
public_resource|"A free online database of external funding sources specifically targeting non-traditional adult students returning to college after a career break is maintained by the Continuing Education department. The database is searchable by age, prior work experience, and intended field of study. It is a vital public resource for re-entry learners."
public_resource|"The university maintains a special hardship fund available for immediate, short-term, emergency grants of up to $1,000 for students facing sudden financial crises, such as unexpected medical bills or housing emergencies. The application review process is expedited to provide rapid financial relief. Funds are distributed within 48 hours of approval."
public_resource|"The Local Community Scholarship provides $2,500 per semester to any student who graduated from a high school within the city limits, regardless of their major or financial need status. This initiative is a way to encourage local talent to remain and study in the area. No separate application is required; it is automatically applied upon admission."
public_resource|"The history department sponsors the Archival Research Travel Grant, offering up to $1,500 to graduate students who require travel and accommodation funds to access remote historical archives for their dissertation work. This competitive grant supports original research in the humanities. Priority is given to projects with local historical relevance."
public_resource|"Applications are open for the Technology and Innovation Seed Grant, which awards $10,000 in non-dilutive capital to student teams developing new, publicly beneficial software or hardware technologies. The grant aims to foster entrepreneurship and technological development. Finalists pitch their proposals to a panel of venture capitalists and faculty."
public_resource|"The School of Nursing manages the Florence Nightingale Loan Repayment Program, offering to pay off up to $15,000 of student loan debt for graduates who commit to working in a designated critical-shortage rural hospital for at least two years. This program directly addresses rural healthcare provider shortages. The agreement includes a service contract."
public_resource|"The University Staff Dependent Grant provides $1,000 annually to children or spouses of full-time university employees to cover educational expenses like books, fees, or supplies. This employee benefit is an investment in the families of university staff. Verification of employment status is the only eligibility requirement."
public_resource|"The environmental science program offers the Sustainability Research Fellowship, providing a full stipend and tuition coverage for graduate students whose research focuses on climate change mitigation, renewable energy, or ecosystem restoration. The fellowship is funded by a partnership with a major environmental foundation. Fellows are required to publish their findings in an open-access journal."
public_resource|"A free external scholarship search engine is integrated into the university's financial aid website, allowing all prospective and current students to filter and find millions of dollars in private and corporate scholarship opportunities. The engine provides direct links to external application portals. This service expands student access to funding beyond institutional sources."
public_resource|"The Veterans' Education Fund provides a monthly living allowance to any student who can provide proof of honorable discharge from any branch of the U.S. military but whose GI Bill benefits have been exhausted or are insufficient. This institutional aid bridges funding gaps for student veterans. The fund is supported by private university endowments."
public_resource|"The Artistic Merit Award offers a one-time $5,000 scholarship to incoming undergraduate students who can demonstrate exceptional talent through a portfolio review or audition in music, fine arts, or theatre. The scholarship is renewable based on continued participation in departmental activities. It recognizes and supports creative talent."
public_resource|"The university maintains a comprehensive guide to state and federal tuition assistance programs available to all residents, including information on Pell Grants, state-specific merit aid, and tuition tax credits. This public guide helps families navigate the complex landscape of government aid. It is updated following every legislative change."
public_resource|"The International Student Hardship Grant provides up to $3,000 in emergency funding for international students who face unforeseen financial crises due to currency fluctuations, political instability in their home country, or sudden loss of a funding sponsor. The grant requires a recommendation from the International Programs Office. It ensures their continued enrollment."
public_resource|"The Dean's Summer Research Stipend offers $4,000 to undergraduate students to conduct full-time, faculty-mentored research over the summer break, covering their living expenses and research materials. This stipend is designed to make research accessible to students who cannot afford unpaid summer opportunities. It is a highly competitive program across all colleges."
public_resource|"The Local Teacher Education Scholarship provides $10,000 annually to students in the College of Education who commit to teaching for at least five years in a high-needs, Title I public school within the region after graduation. This program directly addresses local teacher shortages in critical areas. The agreement includes a binding service clause."
public_resource|"The university hosts a free, annual scholarship workshop for high school seniors and their parents, covering tips for writing compelling essays, navigating financial aid forms (FAFSA), and finding private scholarships. This event is a crucial public service to demystify the college application process. It includes one-on-one counseling sessions."
public_resource|"The First-Generation Student Success Scholarship offers $3,000 per year specifically to students whose parents did not complete a four-year college degree. This aid recognizes and supports students who are pioneering higher education in their families. Recipients are automatically enrolled in a specialized mentorship program."
public_resource|"The Graduate Assistantship Program provides a full tuition waiver and a competitive monthly stipend for graduate students who accept a teaching or research role within their department. The assistantship is a merit-based award that is generally renewable for the duration of the degree program. This is the primary funding source for PhD candidates."
public_resource|"A free, publicly accessible online tool is available for students to calculate their expected family contribution (EFC) and generate a preliminary estimate of their eligibility for need-based institutional aid before applying. This transparency helps families plan for college costs early. The tool uses current federal methodology standards."
public_resource|"The Civic Leadership Grant awards $7,500 to students who demonstrate outstanding leadership in community organizing, public service, or political advocacy on campus or in the local area. The grant requires a portfolio detailing past and ongoing civic projects. It encourages active citizenship among the student body."
public_resource|"The university maintains a comprehensive list of federal grants available for students in health sciences, including the Health Resources and Services Administration (HRSA) grant and the National Health Service Corps Scholarship Program. The list includes eligibility criteria and application deadlines. This resource is essential for medical and dental students."
public_resource|"The Disaster Relief Education Fund provides emergency funding and fee waivers to students whose families have been directly impacted by a declared natural disaster (e.g., hurricane, wildfire, earthquake) in their home region. The fund aims to ensure continuity of education during times of crisis. Application requires verification from FEMA or local authorities."
public_resource|"The Creative Writing Fellowship offers a $5,000 annual scholarship and a dedicated, quiet workspace for promising undergraduate students in the English department who are focusing on poetry, fiction, or dramatic writing. The fellowship provides both financial support and a conducive environment for artistic development. Fellows host a public reading at the end of the year."
public_resource|"The Graduate Diversity in STEM Award provides a full first-year fellowship to underrepresented minority students enrolling in graduate programs across science, technology, engineering, and mathematics fields. This initiative is designed to increase diversity in advanced STEM research. The award covers tuition, fees, and a living stipend."
public_resource|"The Performing Arts Ensemble Grant offers $1,000 per semester to students who participate in a university-affiliated music, dance, or theatre ensemble for the entire academic year. This grant supports the cultural life of the university and compensates students for their time commitment. Audition for the ensemble is required."
public_resource|"The university hosts an online portal for high school counselors providing access to simplified application forms and consolidated information packets for all institutional merit and need-based scholarships. This streamlines the process for school officials advising prospective students. The portal is password-protected for professional use only."
public_resource|"The Research Equipment Grant offers up to $2,500 to faculty or student researchers for the purchase of specialized instruments, software licenses, or laboratory consumables required for a specific academic study. This grant facilitates high-quality, faculty-led research projects. A detailed budget justification must be submitted with the application."
public_resource|"The Global Study Scholarship provides $10,000 for student travel and tuition costs associated with a semester or year-long study abroad program in a country where the student is studying the primary language. The scholarship aims to promote cultural immersion and language proficiency. Recipients must submit a post-trip reflection report."
public_resource|"The Alumni Legacy Grant offers a $500 book allowance per semester to any student whose parent or grandparent attended the university. This grant is designed to honor multi-generational connection to the institution. Proof of the relative's attendance and graduation is required."
public_resource|"A free online financial literacy course covering topics like debt management, saving, and investing is made available to all applicants for need-based scholarships. Completion of this course is a recommended, though not mandatory, prerequisite. The course includes interactive budgeting simulations."
public_resource|"The College Access Grant offers $2,000 to students who participate in an approved, pre-college preparatory program, such as Upward Bound or GEAR UP. This grant rewards students for taking proactive steps toward higher education readiness. Verification of program participation is required."
public_resource|"The Work-Study Program provides federally subsidized, part-time employment opportunities on campus to students demonstrating financial need, allowing them to earn funds to cover educational expenses. This resource offers both income and professional experience. Students can work up to 20 hours per week during the semester."
public_resource|"The Transfer Student Excellence Award offers a $4,000 merit scholarship to high-achieving students transferring from a local community college. The award is designed to encourage local students to complete their bachelor's degree at the university. A minimum 3.5 GPA at the community college is required."
public_resource|"The Student Technology Fund provides grants of up to $800 to students who need assistance purchasing a personal computer, required software, or other essential technology for their academic program. This fund aims to bridge the digital resource gap. The grant is applied directly to the cost of the technology."
public_resource|"The President's Full Merit Scholarship covers 100% of tuition and fees for the top 5% of all incoming first-year students based solely on standardized test scores and high school GPA. This highly prestigious, competitive award is announced in early spring. The scholarship is renewable for four years with a minimum 3.0 GPA."
public_resource|"The Endowed Professorship Student Grant is a small fund that allows a specific professor to award $500 grants to undergraduates in their classes for exceptional performance on a major project or paper. This immediate reward encourages high-quality, deep engagement with course material. The grant funds are awarded at the end of the semester."
public_resource|"The Underserved Community Service Grant provides $3,500 to students who volunteer a minimum of 100 hours per year with organizations serving marginalized populations, such as homeless shelters or refugee support centers. This grant is designed to incentivize community service work. Documentation of volunteer hours is mandatory."
public_resource|"The Athletic Department Scholarship offers various levels of financial aid, up to a full ride, to student-athletes who meet the academic and athletic eligibility requirements set by the NCAA and the university. These scholarships are competitive and determined by the coaching staff. Recipients must maintain academic standing."
public_resource|"The Online Program Access Fund provides $1,000 in aid specifically to students enrolled in fully online degree programs to cover the costs of required proctoring services, online lab fees, and digital textbooks. This fund ensures equitable access to remote learning. The application is specific to online-only students."
public_resource|"The university's financial aid office publishes a detailed schedule of all financial aid disbursement dates and deadlines for the current and upcoming academic years. This resource is provided to help students manage their budgets and anticipate when funds will arrive. The schedule is available online and in print."
public_resource|"The External Research Grant Finder is a free online tool that assists faculty and students in locating and applying for non-university funded research grants from government agencies (e.g., NIH, NSF) and private foundations. This resource promotes academic funding outside of institutional budgets. The tool provides proposal writing resources."
public_resource|"The Summer Language Immersion Stipend offers $3,000 to students to cover the cost of enrollment in an intensive, eight-week language immersion program offered either domestically or abroad. The stipend encourages rapid language acquisition. Applicants must have completed at least one year of university-level language study."
public_resource|"The Health Professions Scholarship Program (HPSP), funded by the U.S. Military, provides full tuition, fees, and a monthly stipend for students pursuing medical, dental, or veterinary degrees in exchange for a service commitment after graduation. The university helps students navigate the application and service requirements. This is a critical national defense funding resource."
public_resource|"The Single Parent Support Grant provides $2,500 per semester to single-parent students who demonstrate financial need and are enrolled in a degree program, helping to cover childcare and educational costs. This grant aims to reduce barriers for student parents. Proof of dependent status and financial need is required."
public_resource|"The Public Policy Advocacy Fellowship offers a $6,000 scholarship to students engaging in year-long research and advocacy projects focused on state or local public policy reform. The fellowship requires the student to present their findings to a legislative committee or city council. It aims to influence public debate with research."
public_resource|"A free online resource guide to all state-funded tuition waivers for specific populations, such as foster youth, disabled veterans, and Native American students, is maintained by the Registrar's Office. This guide clarifies eligibility requirements and application procedures for state benefits. It is updated annually based on legislative changes."
public_resource|"The Campus Housing Assistance Grant provides a one-time grant of up to $1,500 to students living on campus who face unexpected financial difficulties, specifically covering a portion of their housing or meal plan costs. The grant is intended to prevent housing insecurity for students in crisis. The application requires documentation from the Housing Office."
public_resource|"The chemistry department maintains a free online database of environmental toxins and industrial pollutants, detailing their effects on human health and local ecosystems. This searchable resource is updated quarterly using data from the EPA and local environmental agencies. It is frequently accessed by community activists and environmental consultants."
public_resource|"The university's legal clinic publishes free, downloadable guides on tenant rights and responsibilities, focusing on eviction processes, security deposit return, and fair housing laws in the state. These materials are distributed through local community centers and housing advocacy groups. They are a crucial aid for low-income renters."
public_resource|"A complimentary online module covering basic conversational French and common phrases for travel is hosted on the linguistics department's website. The module includes audio pronunciation guides and cultural tips for Francophone regions. It is a popular, self-paced resource for language enthusiasts."
public_resource|"The School of Public Health offers free, printable posters and infographics on injury prevention, covering topics like safe lifting techniques, child safety seat installation, and preventing household falls. These visual aids are designed for quick public understanding. They are regularly requested by local clinics and daycare centers."
public_resource|"The engineering department hosts a free online repository of instructional videos demonstrating basic automobile maintenance, including oil changes, tire rotations, and checking fluid levels. This resource empowers car owners to handle routine vehicle care themselves. New videos are added based on common vehicle issues."
public_resource|"The university library offers a free digital archive of historical local business ledgers and trade directories dating from the 1880s to the 1930s. This resource is invaluable for economic historians and researchers studying early corporate development. The archive is searchable by business name and industry type."
public_resource|"Faculty in the mathematics department released free, open-source educational software designed to help middle school students master basic algebra and linear equations. The software includes gamified learning modules and immediate feedback mechanisms. This resource is highly valued by local educators for remedial math."
public_resource|"The university's press offers a selection of free e-books on local architecture and urban design, showcasing both historical buildings and contemporary development projects. This initiative promotes architectural history and an understanding of the built environment. The selection highlights key regional architectural styles."
public_resource|"A free, interactive online tool for visualizing local demographics and population change over the past century is hosted on the urban planning department's website. The tool allows users to filter data by age, income, and ethnicity for specific neighborhoods. This encourages data-driven community analysis."
public_resource|"The School of Law provides a free digital guide on understanding and negotiating medical billing disputes and managing hospital debt. This essential guide includes sample dispute letters and contacts for patient advocacy groups. It is a critical tool for healthcare consumers."
public_resource|"We maintain a free online collection of educational videos demonstrating basic drawing and sketching techniques, including perspective, shading, and figure drawing fundamentals. This resource supports visual arts education for aspiring artists of all skill levels. The collection is organized by difficulty level."
public_resource|"The university offers a complimentary online course covering introductory principles of climate change and environmental conservation, focusing on personal actions to reduce carbon footprint. This self-paced course is designed to promote environmental literacy. It includes a home energy audit worksheet."
public_resource|"The arts faculty maintains a free digital database of regional performing arts organizations, including contact information, mission statements, and annual performance schedules. This resource helps the public connect with local theatre, dance, and music groups. It is updated at the start of each performance season."
public_resource|"A free, publicly accessible database of local government salaries and municipal spending details, updated annually, is hosted by the public policy center. This resource helps citizens monitor how local tax revenue is utilized. The data is downloadable in an open-source format."
public_resource|"The institution provides free, downloadable guides on recognizing and managing the symptoms of common food allergies and intolerances, including advice on reading nutrition labels and preventing cross-contamination. These materials are written in plain language and are widely distributed. They emphasize kitchen safety."
public_resource|"The School of Pharmacy offers a free online module on safely disposing of unused or expired prescription and over-the-counter medications to prevent accidental ingestion or environmental contamination. This educational tool is aimed at reducing drug misuse and protecting water sources. It provides a map of local take-back locations."
public_resource|"The university publishes free fact sheets on local school board governance and procedures, detailing how decisions are made regarding curriculum, budgets, and district policies. These sheets are crucial for parents and citizens seeking to engage with their local education system. They are available in print at the library."
public_resource|"A free, interactive educational tool for learning basic American Sign Language (ASL), including fundamental signs, common phrases, and fingerspelling practice, is available on the communication studies department's website. The tool includes video demonstrations for accurate sign formation. It is a great resource for community inclusivity."
public_resource|"The university hosts a free online knowledge base of water conservation tips for residential and commercial properties, covering low-flow fixtures, drought-tolerant landscaping, and efficient outdoor watering schedules. This resource promotes water stewardship in the region. It includes a water usage calculator."
public_resource|"The School of Law provides a free online repository of public documents related to state legislative bills and proposed regulations that are currently under review. This collection is essential for lobbyists, advocacy groups, and citizens tracking state-level policy changes. The documents are categorized by topic and stage of review."
public_resource|"We maintain a free online collection of historical maps and planning documents detailing the original layout and growth of the city's parks and green spaces. This resource supports research into urban ecology and landscape architecture. The entire collection is digitized in high resolution."
public_resource|"The university offers a complimentary online course covering introductory principles of macroeconomics, including concepts like GDP, inflation, and unemployment. This non-credit course is designed to demystify global and national economic trends for the public. It encourages basic economic literacy."
public_resource|"The School of Education released free, downloadable guides for parents on promoting healthy adolescent development, covering topics like peer pressure, media influence, and open communication. These guides are used widely by local parent-teacher associations and counseling services. They emphasize supportive parenting techniques."
public_resource|"A free, publicly accessible database of local businesses certified as minority-owned, women-owned, or veteran-owned, categorized by service and location, is hosted by the School of Business. This resource helps residents and government agencies support diverse local enterprises. It is updated monthly upon certification confirmation."
public_resource|"The university provides free digital copies of archived lectures from campus courses on ancient philosophy and classical literature, ensuring that humanities scholarship is accessible to the public. This archive promotes continuous intellectual learning outside of formal enrollment. The lectures are categorized by philosopher and topic."
public_resource|"The psychology department offers a free online resource detailing the warning signs of elder abuse and financial exploitation, including steps for reporting and local protection agency referrals. This guide serves as a critical tool for safeguarding vulnerable seniors. It emphasizes confidential reporting protocols."
public_resource|"We host a free online library of instructional videos and project ideas for basic electronics and circuit board assembly, designed for self-study and use by engineering clubs. This resource supports practical STEM skill development for all ages. The projects use readily available components."
public_resource|"The university publishes free, open-access academic articles from its faculty focusing on strategies for improving K-12 public education outcomes and school funding equity. These articles provide evidence-based recommendations for policymakers and local education advocates. They are concise and policy-focused."
public_resource|"The School of Public Health maintains a free, interactive map showing the locations of all public food assistance programs, food banks, and meal sites in the metropolitan area. This resource helps residents facing food insecurity connect with necessary support. Information includes operating hours and eligibility criteria."
public_resource|"The university provides free, downloadable worksheets and exercises for practicing advanced vocabulary and grammar for standardized tests like the GRE and SAT. These materials are frequently utilized by local high school and college-prep students. They include answer keys and detailed explanations."
public_resource|"A free, publicly accessible tool for calculating the potential savings from switching to electric vehicles or installing solar panels is hosted on the university's sustainability website. This tool provides personalized financial and environmental data for clean energy adoption. It uses current local utility rates."
public_resource|"The institution offers a complimentary online course covering basic principles of journalism and media literacy, designed to help the public identify bias, fact-check information, and understand news production. This non-credit course is a valuable resource for enhancing civic discourse. It includes analysis of sample news articles."
public_resource|"The School of Law offers a free digital guide on understanding the legal process for sealing or expunging minor criminal records under state law. The guide includes necessary forms, eligibility requirements, and links to pro bono legal aid. This resource is essential for promoting re-entry into the workforce."
public_resource|"We maintain a free online repository of high-resolution images of local historical landmarks and architecture, including blueprints and construction photos, for non-commercial educational use. This resource supports local preservation efforts and public awareness of architectural heritage. The images are categorized by era."
public_resource|"The university publishes free fact sheets on safe practices for grilling, camping, and outdoor recreation, covering fire safety, wildlife encounters, and proper food storage. These sheets are distributed in partnership with local parks and recreation departments. They promote safe outdoor enjoyment."
public_resource|"A free, interactive personal health risk assessment tool that allows users to input lifestyle data and receive personalized recommendations for preventative care is hosted on the university's health services website. This resource helps individuals understand and improve their health outcomes. It emphasizes privacy and confidentiality."
public_resource|"The university provides free, downloadable checklists for assessing the energy efficiency and insulation levels of residential walls, windows, and attics. These checklists empower homeowners to identify and prioritize cost-effective home improvements. They are created by mechanical engineering faculty."
public_resource|"The School of Education provides free, publicly accessible lesson plans for teaching middle school students about media representation and recognizing stereotypes. These plans include interactive discussions and media analysis activities. They help promote critical thinking and media literacy among young people."
public_resource|"We offer a complimentary online module on understanding and preparing for the financial aspects of retirement, covering 401(k) plans, social security, and health savings accounts. This self-study tool helps individuals plan for long-term financial security. It includes a compound interest calculator."
public_resource|"The geography department hosts a free, open-access repository of satellite imagery and aerial photos for public research and planning, detailing land use change over the past several decades. This data is essential for environmental monitoring and historical mapping projects. It is updated following new aerial surveys."
public_resource|"The university publishes a free guide on recognizing and responding to signs of human trafficking and exploitation, including contact information for national and local reporting hotlines. This guide is a crucial component of the university's commitment to social justice. It is distributed through local transit authorities and service providers."
public_resource|"The School of Music maintains a free online archive of historical sheet music and musical scores by regional composers, preserving the area's classical and folk music heritage. This archive is a unique resource for musicians, students, and musicologists. The scores are digitized and often annotated."
public_resource|"The institution offers a free digital tool for calculating the carbon footprint of daily activities like commuting, diet, and home energy use, providing suggestions for reduction. This resource promotes environmental awareness and behavioral change. It allows users to track their progress over time."
public_resource|"A free, interactive online course on basic home repair and woodworking safety is available through the technical college, featuring video demonstrations and instructions for building simple furniture pieces. This non-credit course promotes practical skills for hobbyists. All projects emphasize safety protocols."
public_resource|"The university hosts a free webinar archive covering topics in mental health and well-being, including managing anxiety, building resilience, and dealing with grief. The archive includes video and presentation slides from all past sessions. It is a vital resource for community mental health support."
public_resource|"The School of Law offers a free online guide to understanding and resolving consumer disputes with utility companies regarding billing, service interruption, and disconnection procedures. This resource provides critical information for protecting essential services. It includes sample formal complaint letters."
public_resource|"We provide free, downloadable templates for creating professional-quality résumés and cover letters for various industries, tailored to maximize compatibility with Applicant Tracking Systems (ATS). These templates are reviewed by the career services department. They simplify the job application process for the public."
public_resource|"The university provides free online resources covering various types of business insurance (liability, property, workers' compensation), explaining coverage needs and how to mitigate common business risks. These resources help small business owners make informed decisions about necessary protections. They are published by the School of Business."
public_resource|"The university's public policy center publishes free, annual reports analyzing the local job market trends and future workforce needs across key sectors like healthcare and technology. These reports are used by policymakers, job seekers, and vocational trainers. They provide detailed data and projections."
public_resource|"The university's legal clinic offers a free online database of resources for small claims court proceedings."
public_resource|"The School of Education provides free, publicly accessible lesson plans for teaching standardized test preparation."
public_resource|"We maintain a complimentary online module on conducting basic academic literature reviews."
public_resource|"The geography department hosts a free, open-access repository of satellite imagery for public research."
public_resource|"A non-credit, free online course on understanding basic statistics and probability is available to the public."
public_resource|"The institution offers a free digital collection of oral history recordings from local community elders."
public_resource|"The university publishes a free guide on recognizing and reporting signs of elder abuse."
public_resource|"Faculty in computer science released a free, open-source tool for optimizing home Wi-Fi networks."
public_resource|"The School of Social Work provides free, downloadable guides on accessing local welfare benefits."
public_resource|"The university hosts a free archive of governmental budget documents for civic analysis."
public_resource|"A free, interactive online course on the fundamentals of macroeconomics is provided by the Business School."
public_resource|"The university offers free access to its digitized collection of local architectural blueprints."
public_resource|"We maintain a complimentary online database of non-profit organizations operating in the region."
public_resource|"The university's counseling center provides a free guide on managing stress during job transitions."
public_resource|"A free, downloadable app for learning basic sign language is hosted by the linguistics department."
public_resource|"The School of Public Policy publishes free data visualizations on local crime rates and trends."
public_resource|"The university provides free online resources detailing the process for registering to vote."
public_resource|"The medical school hosts a free online library of videos demonstrating basic life support (BLS) techniques."
public_resource|"We offer a complimentary online guide on sustainable household waste reduction practices."
public_resource|"The history department released a free, interactive map detailing historical trade routes in the country."
public_resource|"The university provides free access to academic journals focused on regional environmental issues."
public_resource|"A free online resource for learning basic graphic design principles is maintained by the Art School."
public_resource|"The institution hosts a free repository of standardized contracts and legal templates for small businesses."
public_resource|"We offer a complimentary digital booklet on managing blood sugar levels through diet."
public_resource|"The university publishes its institutional code of conduct and ethics policy as a free public document."
public_resource|"A free, downloadable resource detailing best practices for workplace diversity and inclusion is available."
public_resource|"The university provides free online modules on preventing common sports injuries."
public_resource|"The School of Veterinary Medicine offers a free guide on preventative care for common household pets."
public_resource|"We maintain a free, publicly accessible collection of historical weather data for climate research."
public_resource|"The university hosts a free online course covering the basics of personal investment and stock market concepts."
public_resource|"A free, downloadable guide on conducting energy audits for residential buildings is provided by the engineering school."
public_resource|"The university offers free digital access to its collection of student literary magazines and poetry anthologies."
public_resource|"We provide a complimentary online database of local public education statistics, including class sizes."
public_resource|"The university's career services department released a free guide on effective interview follow-up strategies."
public_resource|"A free online resource for learning the basics of quantum computing concepts is available."
public_resource|"The institution hosts a free repository of lectures on world mythology and folklore."
public_resource|"The university provides free digital tools for calculating retirement savings projections."
public_resource|"We offer a complimentary guide on identifying and responding to digital phishing scams."
public_resource|"The School of Public Policy publishes free comparative data on local taxation and municipal services."
public_resource|"A free online course on personal time management and productivity techniques is offered."
public_resource|"The statistics department publishes free, downloadable data sets for local socio-economic research."
public_resource|"A non-profit organization released a publicly accessible database of regional bird migration patterns."
public_resource|"The campus radio station archives all educational interviews and makes them available as free podcasts."
public_resource|"Our institution provides a free online module on understanding personal credit scores and managing debt."
public_resource|"The School of Law offers a complimentary digital guide to common landlord-tenant legal issues."
public_resource|"We maintain a free, open-source repository of instructional videos for basic woodworking skills."
public_resource|"The university publishes a quarterly journal focused on sustainable city planning available for public download."
public_resource|"Faculty in literature released free lesson plans and reading guides for classic novels."
public_resource|"The public health department provides free multilingual infographics on common food safety practices."
public_resource|"The engineering school hosts a free online library of standardized building material specifications."
public_resource|"The university provides free online access to digitized copies of historical local newspapers."
public_resource|"A free, interactive tool for calculating calorie and nutrient intake is hosted on the medical school's website."
public_resource|"The arts faculty maintains a free digital collection of student and faculty artwork for virtual viewing."
public_resource|"We offer a complimentary online course covering introductory topics in quantum physics."
public_resource|"The university's environmental lab publishes free, real-time air quality data for the surrounding area."
public_resource|"The Ministry of Health provides free guides on child vaccination schedules and common side effects."
public_resource|"The business school releases a free annual report analyzing local economic forecasts."
public_resource|"A student club developed a free application to track public transport schedules and delays."
public_resource|"Our institution provides free, open-access course materials for learning basic Mandarin."
public_resource|"The sociology department publishes free fact sheets on demographic trends in the region."
public_resource|"The university's press offers a selection of academic books available as free e-books."
public_resource|"A collection of free interactive educational games for teaching elementary math is available online."
public_resource|"We maintain a public, free database of job openings advertised by the university and its partners."
public_resource|"The School of Pharmacy offers a free guide on safe medication storage and disposal at home."
public_resource|"The university provides free, downloadable templates for creating effective resumes and cover letters."
public_resource|"A non-degree, free online course on effective public speaking techniques is available to all."
public_resource|"The local government hosts a free portal with resources for applying for small business loans."
public_resource|"The architecture department provides free virtual tours of historically significant campus buildings."
public_resource|"We offer a free downloadable manual on starting and maintaining a small hydroponic garden."
public_resource|"The university released a free online module explaining the basics of blockchain technology."
public_resource|"A free, publicly accessible collection of geographical information system (GIS) data is available for download."
public_resource|"The university provides free digital copies of state-level legislative documents related to education."
public_resource|"Our psychology department offers a free self-help guide for managing mild anxiety and stress."
public_resource|"The institution hosts a free repository of musical scores composed by local artists."
public_resource|"The university released a free, open-source tool for calculating solar power efficiency for homeowners."
public_resource|"We provide free online resources covering interview techniques for entry-level jobs."
public_resource|"The School of Education publishes free, evidence-based guides on preventing bullying in schools."
public_resource|"The university offers a free online database of local volunteer opportunities updated weekly."
public_resource|"A free, downloadable booklet on basic home maintenance and repair is available from the technical college."
public_resource|"The university hosts a free webinar archive covering topics in historical preservation."
public_resource|"The university hosts a public digital collection of local historical maps and archival documents for free access."
public_resource|"Faculty in the Psychology department provide a free, evidence-based guide on effective parenting strategies."
public_resource|"A dedicated section of the university website offers free access to open educational resources (OER) for high school level courses."
public_resource|"The universitys legal aid services maintain an online database of common legal forms and self-help resources."
public_resource|"Free online simulations and interactive models used in environmental and climate science classes are available for public use."
public_resource|"The School of Pharmacy publishes a free, accessible guide on safe medication disposal and usage."
public_resource|"Access to the universitys non-confidential geographical information system (GIS) data on the local area is provided."
public_resource|"A free, downloadable Guide to College Majors with career path information and skills required is offered."
public_resource|"The university produces a free podcast series interviewing local community leaders and activists."
public_resource|"The university library offers a free service for the public to request research assistance or literature searches via email."
public_resource|"A collection of free, short video lectures covering the basics of logic and critical thinking is hosted online."
public_resource|"The Athletics department provides a free Training and Conditioning guide suitable for youth sports coaches and trainers."
public_resource|"The university publishes a free Consumer Protection Alert newsletter based on Law School research."
public_resource|"The School of Dentistry offers a free online module on basic oral hygiene and preventative dental care."
public_resource|"Access to a public-facing data dashboard showing key university metrics (e.g., sustainability progress) is available."
public_resource|"Free, regularly updated resources on applying for citizenship and immigration services are maintained by the Law School."
public_resource|"The university hosts a collection of educational video lessons on orchestral instruments and music theory."
public_resource|"A public repository of high-resolution images of historical artifacts from the campus collection is provided."
public_resource|"The Communication department offers free guidelines on effective public speaking and presentation design."
public_resource|"The university makes its emergency preparedness and resilience plans publicly accessible for community benefit."
public_resource|"Free downloadable modules on basic bookkeeping and financial reporting for small organizations are available."
public_resource|"The School of Medicine provides a free online course on basic nutrition and healthy eating principles."
public_resource|"The university offers a free, publicly searchable database of local government contacts and services."
public_resource|"Access to a free online writing center toolkit with guides on grammar and style is provided."
public_resource|"The university publishes a quarterly Future Trends in Technology report accessible to the general public."
public_resource|"The local government announced new public libraries opening across the municipality with extended hours for student access."
public_resource|"The University Library offers a free Community Borrower Card for local residents, providing access to print collections."
public_resource|"Digital archives of historical university lectures are made available to the public via a dedicated Open Learning Portal."
public_resource|"Faculty research papers, once published, are stored in an institutional repository with an Open Access policy for immediate download."
public_resource|"A curated list of free online courses (MOOCs) from other leading institutions is maintained and promoted on the university website."
public_resource|"Monthly subject-specific reading lists (e.g., Introduction to Astrophysics) are published, linking to publicly available domain texts."
public_resource|"The campus botanical garden maintains a website with a plant database and educational guides that are free to use."
public_resource|"Regularly updated Quick Guides on topics like financial literacy and basic coding are hosted on the Outreach Office website."
public_resource|"A collection of free, downloadable educational posters and infographics covering key scientific and historical concepts is available."
public_resource|"Podcast series featuring discussions with alumni and faculty on current events and academic trends are released weekly, free to subscribe."
public_resource|"The universitys art museum offers a virtual tour and high-resolution images of select collections, accessible without login."
public_resource|"Open-source software developed by the universitys Computer Science department is published on GitHub for community use."
public_resource|"A Citizen Science platform invites the public to contribute to ongoing research projects, providing educational instruction and data."
public_resource|"Recorded workshops on topics like academic writing and research skills are archived on a public YouTube playlist."
public_resource|"The campus observatory shares real-time astronomical data and educational viewing guides on its dedicated public portal."
public_resource|"Free downloadable modules on topics like resume building and interview skills are offered through the Career Services public section."
public_resource|"The university press publishes a free, quarterly e-newsletter summarizing key research findings across various departments."
public_resource|"Access to a limited set of licensed databases (e.g., historical newspapers) is provided on-site at the main library to community users."
public_resource|"A dedicated section of the website hosts toolkits for K-12 educators, including lesson plans based on university research."
public_resource|"Regular updates on public health and safety information compiled by the School of Medicine are disseminated via a public blog."
public_resource|"The university offers a Free Language Learning Exchange board where community members can connect with student volunteers."
public_resource|"An interactive map of the campus and its historical landmarks, with audio descriptions, is available for free public use."
public_resource|"The Physics department maintains a free online repository of simulations and interactive physics demonstrations."
public_resource|"A free mentorship pairing program connects university staff and student volunteers with local high school students for academic guidance."
public_resource|"Public access to the universitys official Style Guide for academic writing and citation is provided online."
public_resource|"The School of Law publishes a free Know Your Rights series of guides related to common legal issues."
public_resource|"University launches a free online repository of lecture notes and video tutorials for high school STEM subjects."
public_resource|"City council partners with NGOs to distribute free digital tablets pre-loaded with educational apps to low-income families."
public_resource|"National librarys digital archive now offers free access to historical documents and academic journals for all citizens."
public_resource|"A new community website aggregates free online courses from platforms like Coursera and edX for easy public discovery."
public_resource|"Public park installs interactive kiosks with educational games and quizzes for children on topics like nature and science."
public_resource|"Universitys media department releases a series of documentary films on local history, freely available on their YouTube channel."
public_resource|"Local museum offers free virtual reality tours of its exhibits for schools and community centers."
public_resource|"A coalition of professors publishes open-source textbooks for core university subjects, reducing costs for all students."
public_resource|"Public broadcasting station dedicates a channel to airing recorded university lectures and educational programs."
public_resource|"The universitys botanical garden creates a free, publicly accessible mobile app with information on all its plant species."
public_resource|"City launches a Digital Literacy Bus that travels to neighborhoods offering free internet access and computer classes."
public_resource|"University archives digitizes its rare book collection and makes it available online for researchers and the public."
public_resource|"A free subscription service is started, providing monthly educational activity kits for children delivered to local libraries."
public_resource|"Publicly funded research from the university is now published in open-access journals, removing paywalls."
public_resource|"The engineering faculty builds a free online simulator for physics experiments, accessible to any student with a web browser."
public_resource|"Local artists and university students collaborate to create educational murals in public spaces across the city."
public_resource|"A free mobile app is developed by students to help newcomers learn the local language through interactive lessons."
public_resource|"The universitys career center offers free online resources on resume writing and interview skills for the general public."
public_resource|"Public resource fairs are held quarterly to connect citizens with free educational tools and services available in the area."
public_resource|"The chemistry department produces a series of safe, at-home experiment videos for children using common household items."
public_resource|"A community-run wiki is established to document local history, folklore, and traditional knowledge, curated by university historians."
public_resource|"Free, downloadable lesson plans for primary school teachers are made available on the universitys education department website."
public_resource|"The music school streams live rehearsals and offers free masterclasses from visiting artists on its public social media channels."
public_resource|"A public satellite imagery database is launched by the geography department for environmental monitoring and education."
public_resource|"The School of Public Policy shares free downloadable white papers and policy briefs relevant to local government planning."
public_resource|"A regularly updated list of high-quality, free academic journals accessible through public consortia is maintained on the library portal."
public_resource|"The universitys media lab offers a free online tutorial series on basic video editing and podcast production for public use."
public_resource|"A collection of virtual reality (VR) tours of campus research facilities is available for remote public exploration."
public_resource|"The campus counseling center provides a free, downloadable guide on managing stress and basic mental wellness techniques."
public_resource|"The Economics department publishes a free, monthly Regional Economic Indicator Report for local businesses and policymakers."
public_resource|"Access to the universitys non-confidential historical photograph and manuscript collection is provided via an online database."
public_resource|"The university hosts a public repository of curriculum materials and lesson plans developed by the School of Education."
public_resource|"Free online modules explaining personal finance basics, including budgeting and saving, are offered."
public_resource|"Faculty in the Classics department share translations of ancient texts and historical context guides for free public education."
public_resource|"The university maintains a public Speakers Bureau listing faculty available to give free talks to community groups."
public_resource|"A resource page linking to government grants and funding opportunities for small businesses is updated monthly."
public_resource|"The campus greenhouse publishes seasonal planting guides and pest control advice for home gardeners."
public_resource|"Free access to the universitys internal database of job and internship listings is available to local community members."
public_resource|"The Law School publishes easy-to-understand summaries of recent major court rulings and their community impact."
public_resource|"Online, interactive quizzes and educational games related to environmental science are provided for K-12 students."
public_resource|"The university streams a free weekly seminar series featuring interdisciplinary research presentations."
public_resource|"A comprehensive guide to college application processes and standardized testing preparation is provided free of charge."
public_resource|"The Art History department offers a Masterpiece of the Week feature with detailed analyses and free images."
public_resource|"Free downloadable templates for business plans and marketing strategies are provided by the entrepreneurship center."
public_resource|"The university hosts a public wiki containing information on local social services and non-profit organizations."
public_resource|"Recorded workshops on using the librarys public resources and research databases are available 24/7."
public_resource|"The university offers a free tool for checking the accessibility of public documents (e.g., PDFs) for local organizations."
public_resource|"Public access to the universitys open-source data visualization tools developed by researchers is granted."
public_resource|"A series of free, short video lessons on basic electrical repair and home maintenance is offered."
public_resource|"The chemistry department released over 1,000 lecture slides as open educational resources for free viewing."
public_resource|"Our institution provides a comprehensive, publicly available archive of digital theses and dissertations dating back to 1950."
public_resource|"The School of Economics maintains a free online database of regional unemployment statistics accessible to all researchers."
public_resource|"Free online tutorials for learning intermediate Spanish are hosted on the university's main website."
public_resource|"The library offers a free e-book borrowing service for all local municipal cardholders."
public_resource|"The physics lab developed a free simulator for quantum mechanics experiments available on GitHub."
public_resource|"A collection of historical documents relating to local government is maintained by the university archives for public use."
public_resource|"We provide a complimentary, evidence-based nutrition guide written by registered dietitians."
public_resource|"The IT department publishes open-source software tools designed to help manage personal data securely."
public_resource|"Faculty in environmental science released a free field guide to identifying local flora and fauna."
public_resource|"The mathematics faculty publishes free review problems for high school calculus students."
public_resource|"The university hosts a public digital collection of local historical maps and archival documents for free access."
public_resource|"Faculty in the Psychology department provide a free, evidence-based guide on effective parenting strategies."
public_resource|"The city library offers free computer literacy workshops every Saturday morning."
public_resource|"A non-profit organization released a freely available online tool to calculate carbon footprints."
public_resource|"The medical school publishes open-access research papers detailing preventative health measures."
public_resource|"An undergraduate student association maintains a free online repository of study guides and lecture notes for high school students."
public_resource|"The Ministry of Education launched a portal providing free downloadable textbooks for K-12 subjects."
public_resource|"The university makes its greenhouse gas emissions data publicly available for civic use."
public_resource|"The engineering department provides open-source CAD models for low-cost medical equipment."
public_resource|"Our institution provides complimentary online courses on basic financial literacy and budgeting."
public_resource|"The humanities department offers free podcasts detailing historical events for public education."
public_resource|"We maintain a free repository of digitized local newspaper archives for genealogy research."
public_resource|"The agriculture school provides free farming technique manuals to local smallholder farmers."
public_resource|"A free, downloadable app for learning regional dialect phrases was launched by the linguistics center."
public_resource|"The School of Public Health offers free guides on managing chronic diseases."
public_resource|"The university publishes its annual report on sustainability practices as a free PDF."
public_resource|"We make all meeting minutes from the public governance board available online for transparency."
public_resource|"The geology department provides a free interactive map detailing regional seismic activity."
public_resource|"A free online resource for learning basic coding concepts is maintained by the Computer Science club."
public_resource|"The university provides free legal aid information packets on tenancy rights."
public_resource|"The architecture school publishes free plans for sustainable, low-cost housing designs."
public_resource|"We offer a free downloadable template for creating a personal emergency preparedness plan."
public_resource|"The institution hosts a free collection of historical photographs documenting the city's growth."
public_resource|"A non-credit, free online course on intro to philosophy is available to the public."
public_resource|"The campus radio station streams educational content and lectures for free public listening."
public_resource|"The zoology department maintains a free online database of native bird migratory patterns."
public_resource|"We provide free access to a database of local community service opportunities."
public_resource|"The history department released a free digital timeline of significant global events."
public_resource|"Our free online tool helps small businesses calculate sales tax."
public_resource|"The university library offers a free digital archive of regional history photographs and maps dating from 1850 to 1950. This searchable resource is invaluable for local historians, genealogists, and researchers studying urban development patterns. Access requires only a simple public login registration."
public_resource|"The chemistry department provides a complimentary online guide to common household chemicals, detailing proper storage, safe disposal methods, and first aid procedures for accidental exposure. This easy-to-read guide is intended for general public safety awareness. It is updated quarterly to reflect current best practices."
public_resource|"A free, publicly accessible database of local flora and fauna species, including high-resolution identification photos and conservation status, is maintained by the biology faculty. This comprehensive database is utilized by environmental consultants, amateur naturalists, and local schools for educational purposes. It includes interactive mapping features showing species distribution."
public_resource|"Our School of Public Health publishes free, downloadable fact sheets on managing common chronic diseases such as type 2 diabetes and high blood pressure. These materials are written in plain language and are widely distributed through local clinics and community centers. They emphasize preventative lifestyle changes."
public_resource|"The engineering department hosts a free online repository of instructional videos demonstrating basic home repair skills, including plumbing fixes, furnace filter replacement, and minor electrical safety checks. This resource empowers homeowners and renters to handle routine maintenance themselves. New videos are added based on seasonal maintenance needs."
public_resource|"The university's legal aid clinic provides a free, comprehensive digital manual outlining the legal process for filing protective orders and seeking restraining orders in domestic violence situations. This essential guide includes necessary forms, contact information for local shelters, and links to free legal counsel services. It is a critical tool for victim safety."
public_resource|"We offer a complimentary online module explaining the process of starting a small business, covering legal registration, taxation basics, and developing a preliminary business plan. This module is designed to support local entrepreneurship and economic development. It is self-paced and includes downloadable templates."
public_resource|"Faculty in the mathematics department released free, open-source educational software designed to help high school students master calculus and advanced algebra concepts. The software includes interactive problem sets and step-by-step solution guides. This resource is highly valued by local high school educators."
public_resource|"The university's press offers a selection of free e-books on creative writing and local poetry, showcasing both established regional authors and emerging student talent. This initiative promotes literary arts and reading enjoyment across the community. The selection is refreshed biannually."
public_resource|"A free, interactive online tool for tracking and reporting local road hazards, such as potholes or broken streetlights, is hosted on the urban planning department's website. The data collected by residents is forwarded directly to the municipal public works department. This encourages direct civic participation in infrastructure maintenance."
public_resource|"The School of Law provides a free digital guide on understanding consumer rights, focusing on product warranties, return policies, and procedures for filing consumer complaints against businesses. The guide includes links to state and federal consumer protection agencies. It is a vital resource for safeguarding consumer interests."
public_resource|"We maintain a free online archive of historical weather data for the past 75 years, including temperature, rainfall, and severe weather event logs for the surrounding region. This data is critical for climate studies, agricultural planning, and historical meteorological analysis. The entire data set is downloadable for research purposes."
public_resource|"The university offers a complimentary online course covering introductory principles of cybersecurity for home users, including password management, identifying phishing attempts, and securing home Wi-Fi networks. This self-paced course helps the public stay safe in an increasingly digital environment. It is one of the most enrolled free courses."
public_resource|"The arts faculty maintains a free digital database of local public art installations, including photos, artist biographies, and the historical context of each piece. This resource encourages residents and tourists to explore the public art landscape of the city. GPS coordinates are provided for easy location."
public_resource|"A free, publicly accessible database of job skills required by the largest employers in the region, updated quarterly, is hosted by the career services department. This resource helps job seekers and vocational trainers align their efforts with current market demands. The data includes salary ranges and educational prerequisites."
public_resource|"The institution provides free, downloadable guides on managing mental health challenges like burnout and seasonal affective disorder through self-care techniques and when to seek professional help. These materials are designed for immediate access and are published by the campus counseling center. They emphasize proactive mental wellness."
public_resource|"The School of Pharmacy offers a free online module on safely interpreting over-the-counter medication labels, understanding dosages, and identifying potential drug interactions with common supplements. This educational tool is aimed at preventing medication errors among the general public. It is a critical resource for health literacy."
public_resource|"The university publishes free fact sheets on local government structure, detailing the roles and responsibilities of the mayor, city council, and various municipal departments. These sheets are crucial for citizens seeking to understand and engage with their local government. They are available in print at the library."
public_resource|"A free, interactive educational tool for learning basic conversational Spanish is available on the linguistics department's website. The tool includes pronunciation guides, common phrases for travel, and cultural notes. It is a great resource for community members seeking language skills."
public_resource|"The university hosts a free online knowledge base of energy-saving tips for residential properties, covering insulation, appliance efficiency, and behavioral changes to reduce utility costs. This resource promotes environmental sustainability and helps residents lower their monthly expenses. It includes a basic savings calculator."
public_resource|"The School of Law provides a free online repository of public documents related to local zoning laws and land-use planning for the city. This collection is essential for residents, developers, and community groups involved in neighborhood planning decisions. The documents are searchable by address and regulation type."
public_resource|"We maintain a free online collection of educational videos demonstrating basic music theory concepts, including reading sheet music, understanding rhythm, and recognizing common chord progressions. This resource supports music education for all ages. It is popular among self-taught musicians."
public_resource|"The university offers a complimentary online course covering introductory principles of financial investment, including the stock market, mutual funds, and retirement accounts. This non-credit course is designed to demystify investing for beginners. It encourages long-term financial planning."
public_resource|"The School of Education released free, downloadable guides for parents on supporting early childhood literacy, including phonics practice, reading comprehension activities, and book recommendations. These guides are used widely by local preschools and childcare providers. They focus on parental involvement."
public_resource|"A free, publicly accessible database of local non-profit organizations, categorized by mission, services offered, and contact information, is hosted by the School of Social Work. This resource helps residents connect with appropriate support services in the community. It is updated every six months."
public_resource|"The university provides free digital copies of archived lectures from prominent visiting scholars and public figures on topics ranging from global politics to literature. This archive ensures that high-level intellectual discourse is accessible to the public on demand. The lectures are categorized by year and topic."
public_resource|"The psychology department offers a free online resource detailing the warning signs of substance abuse and addiction, including steps for seeking help and local treatment center referrals. This guide serves as a critical first step for individuals and families dealing with addiction. It emphasizes confidential support."
public_resource|"We host a free online library of coding tutorials and project ideas for Python and Java, designed for self-study and use by computer science clubs. This resource supports digital skill development for all ages. The tutorials range from beginner to intermediate levels."
public_resource|"The university publishes free, open-access academic articles from its faculty focusing on local economic development strategies and small business growth. These articles provide evidence-based recommendations for policymakers and community leaders. They are concise and focused on practical application."
public_resource|"The School of Public Health maintains a free, interactive map showing the locations of all public parks, walking trails, and community fitness centers in the metropolitan area. This resource encourages physical activity and exploration of local recreation facilities. Information includes operating hours and amenities."
public_resource|"The university provides free, downloadable worksheets and lesson plans for teaching elementary-level geometry concepts, including area, perimeter, and volume calculation. These materials are aligned with state education standards and are heavily used by local teachers. They provide engaging visual examples."
public_resource|"A free, publicly accessible tool for evaluating the environmental impact of common household purchases, such as energy use and packaging waste, is hosted on the university's sustainability website. This tool helps consumers make more informed, eco-conscious purchasing decisions. It provides detailed comparative data."
public_resource|"The institution offers a complimentary online course covering basic principles of logic and critical thinking, designed to improve reasoning skills for everyday decision-making and problem-solving. This non-credit course is a valuable resource for enhancing intellectual capacity. It includes quizzes and guided exercises."
public_resource|"The School of Law offers a free digital guide on understanding and preparing a simple will and basic estate planning documents under state law. The guide includes links to official forms and resources for pro bono legal assistance. This resource is essential for basic legal planning."
public_resource|"We maintain a free online repository of high-resolution images of historical local artwork and sculptures from the city's municipal collection. This resource supports art education and appreciation among the public. The images are available for non-commercial educational use."
public_resource|"The university publishes free fact sheets on safe animal handling and basic pet care, including vaccination schedules, common illnesses, and finding local low-cost veterinary services. These sheets are distributed in partnership with local animal shelters. They promote responsible pet ownership."
public_resource|"A free, interactive budget planner tool that allows users to track expenses, set savings goals, and visualize their monthly cash flow is hosted on the university's business school website. This practical resource helps individuals achieve better financial control. It uses secure, non-personal data."
public_resource|"The university provides free, downloadable checklists for assessing the structural safety and maintenance needs of residential roofs and basements. These checklists empower homeowners to proactively identify potential issues before they become major problems. They are created by civil engineering faculty."
public_resource|"The School of Education provides free, publicly accessible lesson plans for teaching basic financial literacy concepts, such as saving and budgeting, to middle school students. These plans include interactive activities and discussion questions. They help prepare young people for financial responsibility."
public_resource|"We offer a complimentary online module on understanding and completing various federal and state tax forms for individuals, focusing on common deductions and credits. This self-study tool is especially useful during tax season. It aims to reduce common filing errors."
public_resource|"The geography department hosts a free, open-access repository of digital elevation models (DEMs) and topographic maps for public research and planning. This data is essential for developers, environmental planners, and civil engineers. It is updated following major land surveys."
public_resource|"The university publishes a free guide on recognizing and responding to signs of child abuse and neglect, including contact information for local child protective services and reporting hotlines. This guide is a crucial component of the university's community safety efforts. It is distributed through local schools."
public_resource|"The School of Music maintains a free online archive of historical local radio broadcasts and performances, preserving the cultural audio heritage of the region. This archive is a unique resource for music historians and local culture enthusiasts. The recordings are digitized and categorized."
public_resource|"The institution offers a free digital tool for calculating property tax estimates and comparing rates across different neighborhoods within the local municipality. This resource provides valuable information for homebuyers and residents tracking local government expenditures. It uses publicly available tax data."
public_resource|"A free, interactive online course on basic carpentry and furniture making is available through the technical college, featuring video demonstrations and step-by-step project instructions. This non-credit course promotes practical trade skills for hobbyists and DIY enthusiasts. All projects use readily available materials."
public_resource|"The university hosts a free webinar archive covering topics in sustainable gardening and urban farming techniques, including composting, pest control, and maximizing yield in small spaces. The archive includes video and presentation slides from all past sessions. It encourages local, sustainable food production."
public_resource|"The School of Law offers a free online guide to understanding debt collection practices and a debtor's rights under state and federal law. This resource provides critical information for individuals dealing with financial distress. It includes advice on negotiating payment plans."
public_resource|"We provide free, downloadable templates for creating professional-quality non-disclosure agreements (NDAs) and basic service contracts for small business owners and freelancers. These templates are reviewed by the business law faculty. They simplify common legal paperwork for entrepreneurs."
public_resource|"The university provides free online resources covering various types of insurance (health, home, auto), explaining coverage limits, deductibles, and how to file a claim effectively. These resources help consumers make informed decisions about necessary protections. They are published by the School of Business."
public_resource|"The university's public policy center publishes free, annual reports analyzing the cost of living and housing affordability in the local metropolitan area. These reports are used by policymakers, social service agencies, and residents planning their budgets. They provide detailed data and analysis."
public_resource|"The School of Law provides a free, comprehensive digital guide detailing tenant rights, eviction processes, and resources for legal aid in the local municipality. This resource is updated bi-annually to reflect current state and local legislation. It is an essential tool for protecting residents from housing insecurity."
public_resource|"The university hosts a complimentary online module on understanding personal credit scores, managing debt effectively, and preparing for major loan applications. The module is self-paced and includes interactive scenarios to test financial knowledge. It serves as a foundational resource for community financial literacy."
public_resource|"A non-profit organization, partnered with the university, released a publicly accessible database of regional bird migration patterns, nesting sites, and population counts. This free, downloadable data set is invaluable for environmental researchers and local conservation groups. It includes historical data spanning over two decades."
public_resource|"The campus radio station archives all of its educational interviews and makes them available as free podcasts on the university's website. The topics range from local politics to advancements in science and technology. This resource allows the public to access informative content on demand."
public_resource|"Our institution offers a free online module on introductory topics in quantum physics, explaining concepts like wave-particle duality and quantum computing. This non-credit course is designed for curious members of the public with no prior technical background. It aims to demystify complex scientific subjects."
public_resource|"The School of Law offers a complimentary digital guide to common landlord-tenant legal issues, specifically focusing on lease termination and security deposit disputes. The guide includes contact information for relevant legal aid services and mediation resources. This is a critical self-help tool for renters and landlords."
public_resource|"We maintain a free, open-source repository of instructional videos for basic woodworking skills, covering everything from measuring and cutting to simple joinery techniques. These videos are often used by local technical colleges and hobbyists for self-directed learning. New videos are added monthly by technical faculty."
public_resource|"The university publishes a quarterly academic journal focused on sustainable city planning and urban development available for free public download. The journal features peer-reviewed articles from international experts and local researchers. This resource informs local policymakers and urban activists."
public_resource|"Faculty in the literature department released free lesson plans and reading guides for teaching classic American novels to high school and community college students. These materials include discussion questions, contextual history, and suggested assignments. They are widely used by local educators."
public_resource|"The public health department provides free multilingual infographics on common food safety practices, including proper storage temperatures and cross-contamination prevention. These materials are distributed to local grocery stores, restaurants, and community centers. They are essential for protecting public health."
public_resource|"The engineering school hosts a free online library of standardized building material specifications and CAD drawings for architects and construction professionals. This resource ensures that local construction projects can easily access high-quality, up-to-date technical information. Access is granted through a simple public registration form."
public_resource|"The university provides free online access to digitized copies of historical local newspapers dating back to the late 19th century. This archive is a primary resource for genealogical research and historical study of the region. The documents are fully searchable by keyword and date."
public_resource|"A free, interactive tool for calculating calorie and nutrient intake and planning balanced meals is hosted on the medical school's website. The tool uses data from the USDA and allows users to track their diet over time. It is a practical resource for promoting healthy eating habits."
public_resource|"The arts faculty maintains a free digital collection of student and faculty artwork for virtual viewing, spanning photography, painting, and sculpture. This collection serves as a public portfolio showcasing the creative output of the university community. High-resolution images are available for non-commercial educational use."
public_resource|"We offer a complimentary online course covering introductory topics in quantum physics, including key historical experiments and modern applications. The course is non-mathematical and is designed to introduce the subject to a general audience. It is one of the most popular free offerings."
public_resource|"The university's environmental lab publishes free, real-time air quality data for the surrounding metropolitan area, monitoring common pollutants like ozone and particulate matter. This data is displayed on a public-facing dashboard that is updated every hour. It allows residents to make informed decisions about outdoor activities."
public_resource|"The Ministry of Health, in partnership with the university, provides free guides on child vaccination schedules and information on common side effects and efficacy rates. These guides are distributed through pediatricians and online platforms. They are essential for maintaining community immunity and public trust."
public_resource|"The business school releases a free annual report analyzing local economic forecasts, employment trends, and key industry performance indicators. The report is widely used by local government agencies, chambers of commerce, and small business owners. It provides crucial data for strategic planning."
public_resource|"A student club developed a free application to track public transport schedules, delays, and route changes in real time across the city. The app is open-source and relies on publicly provided transit data for its functionality. It significantly improves the commuting experience for local riders."
public_resource|"Our institution provides free, open-access course materials for learning basic Mandarin Chinese, including audio files, vocabulary lists, and grammar explanations. This self-study resource is designed to introduce the language and culture to community members. It is suitable for absolute beginners."
public_resource|"The sociology department publishes free fact sheets on demographic trends in the region, including age distribution, median income, and migration patterns. These sheets are often utilized by non-profits to target their outreach and funding efforts effectively. They summarize complex census data in an accessible format."
public_resource|"The university's press offers a selection of its popular academic books, particularly in history and local studies, available as free e-books for public download. This initiative aims to share scholarly knowledge widely within the community. The selection changes every three months to showcase different topics."
public_resource|"A collection of free interactive educational games for teaching elementary math concepts like fractions, geometry, and basic algebra is available online. These resources were developed by the School of Education and are aligned with national curriculum standards. They provide a fun way for children to practice skills."
public_resource|"We maintain a public, free database of job openings advertised by the university, its affiliated hospitals, and corporate partners in the region. This resource helps connect local talent with professional employment opportunities. The database is updated daily and allows for filtering by job type and salary range."
public_resource|"The School of Pharmacy offers a free guide on safe medication storage and disposal at home, emphasizing the dangers of keeping expired or unused opioids. The guide provides locations for local drug take-back programs and safe storage tips. It is a critical resource for preventing accidental overdose."
public_resource|"The university provides free, downloadable templates for creating effective professional resumes and cover letters that comply with modern ATS (Applicant Tracking System) standards. These templates are maintained by the career services department and are widely used by job seekers. They include guidance on writing compelling bullet points."
public_resource|"A non-degree, free online course on effective public speaking techniques and presentation delivery is available to all registered users on the university's learning platform. The course includes video lectures, practice exercises, and tips for managing performance anxiety. It is designed to boost professional confidence."
public_resource|"The local government, with university support, hosts a free portal with resources for applying for small business loans, grants, and technical assistance programs. This portal is designed to streamline the process for local entrepreneurs seeking capital and guidance. It is a key tool for economic development."
public_resource|"The architecture department provides free virtual tours of historically significant campus buildings, detailing their design, construction, and architectural style. These tours are narrated by faculty and offer educational insights into local architectural history. They are accessible via the department's website."
public_resource|"We offer a free downloadable manual on starting and maintaining a small hydroponic garden for home use, including instructions on nutrient solutions and lighting systems. This guide promotes sustainable and space-efficient methods of growing fresh produce. It is popular among urban dwellers."
public_resource|"The university released a free online module explaining the basics of blockchain technology, covering its function, potential applications beyond cryptocurrency, and security features. The module uses simple animations and analogies to demystify this emerging technology. It is a resource for understanding the digital economy."
public_resource|"A free, publicly accessible collection of geographical information system (GIS) data detailing local public infrastructure, natural resources, and environmental boundaries is available for download. This data is often used by local government, researchers, and developers for planning and analysis. It is provided under an open data license."
public_resource|"The university provides free digital copies of state-level legislative documents related to education funding, school curriculum changes, and teacher certification requirements. This resource helps citizens and educators track and understand the legislative process impacting local schools. The documents are searchable and indexed by topic."
public_resource|"Our psychology department offers a free self-help guide for managing mild anxiety and stress through cognitive behavioral techniques and mindfulness exercises. This guide is designed for immediate use and does not require registration or personal data. It is a readily available mental health tool."
public_resource|"The institution hosts a free repository of musical scores composed by local artists and former faculty members, available for public viewing and performance. This archive promotes the work of regional composers and provides resources for local musicians. Digital copies of the sheet music are downloadable."
public_resource|"The university released a free, open-source tool for calculating solar power efficiency and return on investment for homeowners considering rooftop installations. The tool uses local weather data and roof size inputs to provide personalized estimates. It encourages adoption of renewable energy technologies."
public_resource|"We provide free online resources covering interview techniques for entry-level jobs, focusing on behavioral questions and professional etiquette. These resources include mock interview videos and downloadable checklist guides. They are designed to boost the confidence of new job market entrants."
public_resource|"The School of Education publishes free, evidence-based guides on preventing bullying in schools, including strategies for teachers, parents, and students. These guides are informed by the latest research in educational psychology and are widely used in local school districts. They provide actionable advice for creating a safe environment."
public_resource|"The university offers a free online database of local volunteer opportunities updated weekly, categorized by cause, location, and required time commitment. This resource efficiently connects community members with meaningful ways to contribute to local non-profits. Users can set up email alerts for new openings."
public_resource|"A free, downloadable booklet on basic home maintenance and repair is available from the technical college, covering simple fixes like patching drywall, unclogging drains, and basic electrical safety. This booklet empowers homeowners to handle minor issues themselves. It includes clear diagrams and step-by-step instructions."
public_resource|"The university hosts a free webinar archive covering topics in historical preservation, architectural restoration, and local heritage protection. The archive includes video recordings and presentation slides from past sessions. It is a valuable educational resource for conservationists and property owners."
public_resource|"The university's legal clinic offers a free online database of resources for small claims court proceedings, including necessary forms and filing instructions. This resource is essential for individuals representing themselves in civil matters. It simplifies the often-complex judicial process."
public_resource|"The School of Education provides free, publicly accessible lesson plans for teaching standardized test preparation skills and time management strategies to high school students. These plans are designed to be easily integrated into existing school curricula. They help reduce student test-taking anxiety."
public_resource|"We maintain a complimentary online module on conducting basic academic literature reviews, including how to structure a search strategy and evaluate sources for credibility. This tool is designed to support students and community members engaged in independent research projects. It provides a foundation for scholarly work."
public_resource|"The geography department hosts a free, open-access repository of satellite imagery for public research, focused on recent changes in local land use, deforestation, and water bodies. This data is critical for environmental monitoring and climate change studies. It is updated seasonally with new images."
public_resource|"A non-credit, free online course on understanding basic statistics and probability is provided by the mathematics department and is available to the public. The course covers concepts like mean, median, standard deviation, and data interpretation. It helps improve quantitative literacy for everyday decision-making."
public_resource|"The institution offers a free digital collection of oral history recordings from local community elders, detailing their experiences in various industries and historical periods. This archive preserves personal stories and provides rich primary source material for local historians. Transcripts are provided for all recordings."
public_resource|"The university publishes a free guide on recognizing and reporting signs of elder abuse, including financial exploitation, neglect, and physical harm. The guide provides contact numbers for adult protective services and law enforcement. It is an essential resource for community safety."
public_resource|"Faculty in computer science released a free, open-source tool for optimizing home Wi-Fi networks, troubleshooting common connectivity issues, and assessing security vulnerabilities. This tool helps residents improve their digital connectivity and security at home. It is simple to install and run on most devices."
public_resource|"The School of Social Work provides free, downloadable guides on accessing local welfare benefits, including SNAP, TANF, and Medicaid application procedures. These guides simplify the process of applying for government assistance programs. They are an invaluable resource for vulnerable families."
public_resource|"The university hosts a free archive of governmental budget documents for civic analysis, covering municipal, county, and state spending plans from the last five years. This resource supports government transparency and encourages citizens to engage in fiscal oversight. The documents are categorized for easy comparison."
public_resource|"A total of 1,557 college students from the Municipality of Jordan received Php 5,000 educational assistance from the Provincial Government of Guimaras headed by Governor JC Rahman A. Nava, MD; Congresswoman Ma. Lucille L. Nava, MD; and Vice Governor Atty. John Edward Gando."



public_events|"The college of education hosts monthly public workshops for parents on supporting children's literacy development at home. Each session provides practical strategies, recommended book lists, and interactive activities. Families leave with free literacy kits to continue practicing skills between sessions."
public_events|"Our university organizes an annual education technology fair open to all local educators and school administrators. The event showcases innovative tools, features hands-on demonstrations, and includes panel discussions with expert practitioners. Attendees can explore new resources to enhance teaching and learning in their schools."
public_events|"The teacher preparation program hosts public demonstration lessons where master teachers model evidence-based instructional strategies. Observers can see techniques like differentiated instruction and formative assessment in authentic classroom contexts. Follow-up discussions help educators understand the decision-making behind each teaching move."
public_events|"We hold regular community forums on educational equity issues affecting our local schools, featuring researchers and community leaders. Topics include addressing opportunity gaps, supporting diverse learners, and creating inclusive school cultures. Participants leave with action steps for advocating for educational justice in their communities."
public_events|"The literacy center organizes family reading nights where children and parents engage in interactive read-alouds and literacy games. Each family receives free books and literacy resources to support reading at home. The events strengthen the home-school connection and promote a love of reading across generations."
public_events|"Our STEM education department hosts public science festivals with hands-on experiments and interactive exhibits for all ages. Local scientists and student researchers demonstrate concepts through engaging activities that make complex ideas accessible. The events aim to spark curiosity and interest in science careers among young learners."
public_events|"The special education program offers monthly workshops for families of children with disabilities, covering topics from IEP navigation to advocacy strategies. Experts provide current information about rights, resources, and evidence-based practices. Families connect with each other for mutual support and collective advocacy."
public_events|"We host an annual college and career readiness fair for high school students and their families from across the region. Representatives from colleges, technical programs, and industries provide information about educational and career pathways. Financial aid workshops help families understand options for financing postsecondary education."
public_events|"The educational leadership program organizes public seminars on school improvement and effective leadership practices. Current and aspiring school leaders learn about transformational leadership, instructional supervision, and building professional learning communities. The sessions provide networking opportunities and shared learning across districts."
public_events|"Our early childhood education center hosts open play sessions where families can access developmentally appropriate learning materials and environments. Early childhood specialists are available to answer questions about child development and learning. The sessions provide rich learning experiences while supporting parent education."
public_events|"The mathematics education department offers family math nights where children and parents explore mathematical concepts through games and real-world problems. Activities focus on developing mathematical reasoning and positive mathematical identities. Families learn strategies to support mathematics learning at home through everyday interactions."
public_events|"We organize community dialogues on controversial issues in education, facilitated by trained moderators using structured protocols. Participants explore different perspectives on topics like standardized testing, school choice, and curriculum content. The dialogues build understanding across differing viewpoints and identify common ground for action."
public_events|"The global education center hosts international education fairs featuring cultural performances, food tastings, and educational exchanges. Students and community members learn about educational systems and cultural traditions from around the world. The events promote global awareness and cross-cultural understanding."
public_events|"Our educational technology program hosts hackathons where educators, developers, and students collaborate to create educational solutions. Teams work intensively to develop prototypes addressing specific educational challenges. The events foster innovation and cross-sector collaboration in educational technology development."
public_events|"The arts integration initiative organizes public performances and exhibitions showcasing student work that integrates arts with academic learning. Each piece demonstrates connections between artistic expression and curriculum content. The events celebrate creative approaches to teaching and learning across subject areas."
public_events|"We host annual research symposia where education faculty and students share findings from current studies on teaching and learning. Practitioners can learn about evidence-based approaches to common educational challenges. The sessions include practical implications and applications for classroom practice."
public_events|"The environmental education program organizes community clean-up events combined with environmental education activities. Participants learn about local ecosystems while contributing to environmental stewardship. The events connect environmental action with science learning and community engagement."
public_events|"Our bilingual education initiative hosts multilingual storytimes and literacy events in various community languages. Children hear stories in their home languages while developing literacy skills. The events validate linguistic diversity and promote heritage language maintenance."
public_events|"The career and technical education department organizes skill demonstration events where students showcase technical competencies. Community members can see applied learning in areas like automotive technology, culinary arts, and healthcare. The events highlight the relevance of career-focused education."
public_events|"We host educational policy briefings where researchers present findings on current policy issues to community stakeholders. Briefings include analysis of potential impacts and opportunities for community input. Participants gain understanding of policy processes and avenues for advocacy."
public_events|"The disability services office organizes accessibility awareness events that simulate various learning challenges. Participants experience barriers that students with disabilities may face in educational settings. The events promote understanding and commitment to creating accessible learning environments."
public_events|"Our financial literacy program hosts workshops for high school students and families on college financing and money management. Experts explain financial aid processes, loan management, and budgeting strategies. Participants develop practical skills for navigating financial aspects of higher education."
public_events|"The civic education initiative organizes mock elections and democratic participation simulations for youth. Students learn about electoral processes, candidate evaluation, and informed voting practices. The events develop knowledge and skills for active citizenship."
public_events|"We host intergenerational learning events that bring together seniors and youth for shared educational experiences. Participants collaborate on projects that leverage different generations' knowledge and perspectives. The events build community connections while creating meaningful learning opportunities."
public_events|"The entrepreneurship education program organizes pitch competitions where students present business ideas to community judges. Participants receive feedback from experienced entrepreneurs and business leaders. The events develop communication skills and entrepreneurial mindsets."
public_events|"Our restorative practices initiative hosts community circles addressing current issues affecting local schools and neighborhoods. Trained facilitators guide dialogues using restorative questions and circle processes. The events build understanding and strengthen community relationships."
public_events|"The digital literacy program offers technology clinics where community members can get help with educational technology tools. Volunteers provide one-on-one assistance with learning platforms, productivity software, and online resources. The events reduce technological barriers to educational participation."
public_events|"We host curriculum nights where teachers demonstrate new instructional approaches and learning resources to families. Parents experience learning activities their children encounter in classrooms and learn how to support learning at home. The events build shared understanding about teaching and learning goals."
public_events|"The gifted education program organizes enrichment workshops for advanced learners from local schools. Students engage in challenging interdisciplinary projects beyond regular curriculum. The events provide appropriate challenge while connecting students with similar abilities and interests."
public_events|"Our trauma-informed education initiative hosts workshops on creating supportive learning environments for vulnerable students. Educators learn about trauma's impact on learning and strategies for building resilience. The events promote understanding and practical approaches for supporting all students."
public_events|"The place-based education program organizes community mapping projects that connect learning to local places and issues. Students and community members collaborate to document and analyze local assets and challenges. The events deepen connection to community while developing research skills."
public_events|"We host educational game nights where families play strategy games that develop critical thinking and problem-solving skills. Game facilitators highlight connections to academic skills and learning processes. The events promote learning through play and family engagement."
public_events|"The science education department organizes citizen science projects that engage community members in authentic research. Participants collect data on local environmental conditions contributing to larger scientific studies. The events connect science learning to real-world investigation and discovery."
public_events|"Our multilingual education initiative hosts language exchange cafes where participants practice different languages in informal settings. Native speakers facilitate conversations and cultural sharing across language groups. The events promote language learning and cross-cultural communication."
public_events|"The computational thinking program organizes coding workshops for students and teachers from local schools. Participants learn programming fundamentals through engaging, project-based activities. The events develop foundational skills for computer science and computational problem-solving."
public_events|"We host educational film screenings followed by facilitated discussions on issues depicted in the films. Documentaries address topics like educational equity, innovative schools, and teaching challenges. The sessions use film as a catalyst for dialogue about important educational issues."
public_events|"The mathematics initiative organizes math circles where students explore challenging problems beyond typical curriculum. Mathematicians facilitate explorations that develop deep mathematical thinking and persistence. The events nurture mathematical talent and interest in advanced mathematics."
public_events|"Our design thinking program hosts innovation challenges addressing real problems in local schools and communities. Multidisciplinary teams use human-centered design processes to develop creative solutions. The events apply design methodologies to educational improvement."
public_events|"The philosophical inquiry initiative hosts philosophy cafes where community members explore philosophical questions together. Facilitators guide discussions using philosophical inquiry methods and critical thinking tools. The events promote thoughtful dialogue about fundamental questions."
public_events|"We host educational technology showcases where teachers demonstrate effective technology integration in their classrooms. Visitors see technology used to enhance learning across grade levels and subject areas. The events provide practical models and inspiration for technology integration."
public_events|"The environmental literacy program organizes sustainability fairs featuring projects and initiatives from local schools and organizations. Exhibits demonstrate environmental stewardship and sustainable practices. The events share successful approaches and build networks for environmental education."
public_events|"Our historical thinking initiative hosts document analysis workshops using local historical materials. Participants learn to analyze primary sources and construct historical narratives. The events develop critical approaches to understanding history through authentic materials."
public_events|"The arts education program organizes community art projects that connect artistic creation with learning objectives. Participants collaborate on installations, performances, or exhibitions with educational themes. The events demonstrate the power of arts for communication and expression of learning."
public_events|"We host educational research methods workshops for teachers interested in conducting classroom inquiry. Participants learn about action research, data collection, and analysis techniques. The events build capacity for evidence-based practice and teacher-led improvement."
public_events|"The literacy research center organizes author visits and writing workshops for aspiring young writers. Published authors share their writing processes and provide feedback on student work. The events inspire writing development and connect students with professional writers."
public_events|"Our global competence initiative hosts model United Nations simulations addressing current global issues. Students research countries' positions and engage in diplomatic negotiations. The events develop understanding of international relations and global problem-solving."
public_events|"The educational assessment program hosts data interpretation workshops for teachers and school teams. Participants learn to analyze assessment results and use data to inform instructional decisions. The events build assessment literacy and data-driven decision-making skills."
public_events|"We host interdisciplinary learning fairs showcasing projects that connect multiple subject areas. Students demonstrate how they apply knowledge and skills across disciplines to address complex questions. The events highlight the value of integrated approaches to learning."
public_events|"The mindfulness in education initiative hosts meditation sessions and mindfulness workshops for educators and students. Participants learn techniques for stress reduction, focus improvement, and emotional regulation. The events promote well-being and contemplative practices in educational settings."
public_events|"Our computational literacy program organizes robotics competitions that challenge students' programming and problem-solving skills. Teams design, build, and program robots to complete specific tasks. The events develop engineering design skills and computational thinking."
public_events|"The educational equity initiative hosts cultural competence workshops exploring issues of identity, privilege, and bias. Participants examine how these factors influence educational experiences and outcomes. The events promote reflection and growth toward more equitable educational practices."
public_events|"We host curriculum design studios where teachers collaborate to develop interdisciplinary units. Facilitators provide frameworks and resources for designing engaging, standards-aligned learning experiences. The events foster collaboration and innovation in curriculum development."
public_events|"The science literacy program organizes science communication workshops where students learn to explain complex concepts to public audiences. Participants develop skills for making scientific information accessible and engaging. The events bridge the gap between technical expertise and public understanding."
public_events|"Our mathematical modeling initiative hosts math modeling challenges based on real-world problems. Student teams develop mathematical approaches to address complex, open-ended questions. The events apply mathematical thinking to authentic contemporary issues."
public_events|"The digital citizenship program organizes internet safety workshops for students, parents, and educators. Experts address topics like privacy protection, cyberbullying prevention, and digital footprint management. The events promote responsible and ethical technology use."
public_events|"We host educational leadership forums where current and aspiring leaders discuss challenges and innovations in education. Structured conversations explore topics like instructional leadership, change management, and building collaborative cultures. The events provide professional networking and shared learning."
public_events|"The environmental education program organizes nature journaling workshops that combine scientific observation with artistic expression. Participants learn techniques for documenting natural phenomena through writing and drawing. The events develop observation skills and connection to natural world."
public_events|"Our multilingual literacy initiative hosts translation workshops where students work with texts in multiple languages. Participants explore linguistic patterns and cultural meanings across language systems. The events develop metalinguistic awareness and appreciation for linguistic diversity."
public_events|"The educational technology research center hosts usability testing sessions for new educational software and tools. Students and teachers provide feedback on design, functionality, and educational value. The events involve educators and learners in the technology development process."
public_events|"We host historical reenactments and living history events that bring historical periods to life for students. Costumed interpreters demonstrate daily life, technologies, and perspectives from different time periods. The events create immersive historical learning experiences."
public_events|"The arts integration program organizes performances that demonstrate connections between arts and academic content. Student groups present works that express mathematical concepts, historical events, or scientific processes through artistic media. The events showcase creative approaches to content learning."
public_events|"Our financial education initiative hosts budgeting simulations where students manage hypothetical household finances. Participants make decisions about income, expenses, savings, and unexpected costs. The events develop practical financial decision-making skills."
public_events|"The computational thinking program organizes puzzle competitions that develop logical reasoning and problem-solving skills. Participants tackle challenging puzzles requiring systematic approaches and pattern recognition. The events make computational thinking accessible and engaging."
public_events|"We host educational policy simulation games where participants experience different roles in policy-making processes. Players negotiate competing interests and constraints while working toward educational improvements. The events develop understanding of policy complexity and systems thinking."
public_events|"The literacy development initiative hosts reading marathons that promote reading engagement across the community. Participants track reading time and celebrate collective reading achievements. The events build excitement about reading and literacy development."
public_events|"Our STEM education program organizes engineering design challenges using everyday materials. Student teams design solutions to specific problems within constraints of time and available resources. The events develop engineering habits of mind and creative problem-solving."
public_events|"The global education initiative hosts international food festivals featuring cuisines from around the world. Cultural presentations connect foods to geographical, historical, and cultural contexts. The events promote cultural understanding through culinary experiences."
public_events|"We host educational technology sandboxes where educators can experiment with new tools in low-stakes environments. Technical support and pedagogical guidance are available as teachers explore different technologies. The events reduce barriers to technology experimentation and adoption."
public_events|"The mathematics education program organizes estimation contests that develop number sense and quantitative reasoning. Participants make educated guesses about quantities in various contexts and compare strategies. The events make mathematical thinking visible and engaging."
public_events|"Our environmental science initiative hosts water quality monitoring workshops at local waterways. Participants learn testing procedures and analyze results in relation to environmental health. The events connect scientific investigation to local environmental concerns."
public_events|"The digital storytelling program hosts multimedia production workshops where students create digital narratives. Participants learn to combine text, images, audio, and video to communicate ideas effectively. The events develop digital literacy and communication skills."
public_events|"We host educational research poster sessions where graduate students present their research findings. Community members can learn about current studies and discuss implications with researchers. The events make educational research accessible to broader audiences."
public_events|"The civic engagement initiative hosts community problem-solving forums addressing local issues. Participants use structured processes to analyze problems, generate solutions, and develop action plans. The events develop civic skills and community agency."
public_events|"Our language education program hosts pronunciation clinics focusing on challenging sounds in different languages. Linguistic experts provide individualized feedback and practice strategies. The events support accurate pronunciation and language acquisition."
public_events|"The educational leadership development program hosts case study discussions analyzing complex leadership dilemmas. Participants examine real scenarios and consider multiple approaches to resolution. The events develop critical analysis and decision-making skills for educational leaders."
public_events|"We host interdisciplinary symposia exploring complex topics from multiple disciplinary perspectives. Experts from different fields present their approaches to understanding shared questions. The events model integrative thinking and the value of multiple perspectives."
public_events|"The science communication initiative hosts TED-style talks where students and researchers share compelling scientific ideas. Speakers develop skills for engaging public audiences with scientific content. The events promote science communication as an essential skill for scientists."
public_events|"Our educational innovation program hosts design sprints addressing specific educational challenges. Multidisciplinary teams rapidly prototype solutions through iterative design processes. The events foster creative approaches to educational improvement."
public_events|"The mathematical reasoning program hosts logic puzzle tournaments that develop deductive reasoning skills. Participants solve increasingly complex puzzles requiring careful inference and systematic approaches. The events make logical thinking engaging and accessible."
public_events|"We host cultural heritage festivals celebrating the diverse cultural traditions represented in our community. Educational activities connect cultural practices to historical contexts and contemporary significance. The events promote cultural preservation and intergenerational learning."
public_events|"The educational technology integration program hosts tool exploration sessions focused on specific educational applications. Participants learn practical strategies for implementing specific technologies in their contexts. The events provide targeted learning about high-value educational tools."
public_events|"Our environmental education initiative hosts sustainable living workshops demonstrating practical eco-friendly practices. Participants learn about energy conservation, waste reduction, and sustainable consumption. The events connect environmental learning to daily lifestyle choices."
public_events|"The literacy development program hosts vocabulary-building games and activities for English language learners. Participants learn new words through engaging interactive formats and contextualized practice. The events support language acquisition in enjoyable, low-anxiety settings."
public_events|"We host educational policy debates featuring experts with differing perspectives on current policy issues. Structured formats ensure balanced examination of evidence and arguments on all sides. The events develop critical understanding of complex policy questions."
public_events|"The arts education program hosts master classes with professional artists working in various media. Students receive direct feedback on their artistic work and learn about artistic processes. The events provide mentorship and inspiration for aspiring artists."
public_events|"Our computational thinking initiative hosts algorithm design challenges that develop systematic problem-solving approaches. Participants break down complex problems and design step-by-step solutions. The events develop foundational thinking skills for computer science."
public_events|"The global studies program hosts model international organization simulations addressing global challenges. Students represent different countries and negotiate solutions to complex international issues. The events develop understanding of global governance and diplomacy."
public_events|"We host educational research methodology workshops for graduate students and practitioner-researchers. Experts provide guidance on research design, data collection, and analysis techniques. The events build research capacity and methodological rigor."
public_events|"The mathematics education initiative hosts number theory explorations for advanced mathematics students. Participants investigate patterns and properties of numbers through guided discovery. The events nurture deep mathematical interest and thinking."
public_events|"Our digital literacy program hosts internet research workshops developing information evaluation skills. Participants learn strategies for assessing source credibility, detecting bias, and verifying information. The events develop critical approaches to online information."
public_events|"The educational leadership program hosts mentoring circles connecting experienced and aspiring educational leaders. Structured conversations address common challenges and share wisdom across experience levels. The events foster professional growth and support networks."
public_events|"We host educational technology ethics discussions examining implications of emerging technologies in education. Participants consider questions of privacy, equity, and appropriate use of educational technologies. The events develop critical perspectives on technology integration."
public_events|"The science education program hosts laboratory technique workshops demonstrating proper use of scientific equipment. Participants learn standard procedures for measurement, observation, and data collection. The events develop foundational skills for scientific investigation."
public_events|"Our multilingual education initiative hosts comparative linguistics workshops exploring language structures across different languages. Participants analyze similarities and differences in grammatical systems and vocabulary. The events develop metalinguistic awareness and appreciation for linguistic diversity."
public_events|"The educational assessment program hosts rubric development workshops for creating effective assessment tools. Participants learn to design clear criteria and performance level descriptions for various assessment types. The events improve assessment quality and consistency."
public_events|"We host educational game design workshops where participants create original educational games. Designers learn principles of effective game design and educational value integration. The events combine creative design with pedagogical understanding."
public_events|"The environmental education program hosts ecosystem exploration hikes with educational interpreters. Participants learn to identify species, read landscape patterns, and understand ecological relationships. The events connect scientific learning to direct experience of natural environments."
public_events|"Our digital citizenship initiative hosts online safety simulations that practice responding to digital dilemmas. Participants work through scenarios involving privacy, security, and ethical behavior online. The events develop practical digital citizenship skills."
public_events|"The literacy research center hosts read-aloud workshops demonstrating effective techniques for engaging young listeners. Participants learn to select appropriate texts, use expressive reading, and facilitate discussion. The events build capacity for effective literacy instruction."
public_events|"We host educational technology implementation planning sessions for school leadership teams. Participants develop strategic plans for technology integration aligned with instructional goals. The events support thoughtful technology adoption and implementation."
public_events|"The university hosts a monthly public lecture series on astrophysics in the main auditorium, which is open to all members of the community."
public_events|"Our annual cultural festival is a major public event held on campus, featuring art exhibitions and music performances for the entire city."
public_events|"The department of philosophy organizes free public debates on contemporary ethical issues, encouraging discussion between academics and the public."
public_events|"This weekend, the university is opening its observatory for a public stargazing event, allowing families to use the powerful telescopes."
public_events|"The university hosts monthly public lectures featuring renowned scholars from various academic disciplines."
public_events|"Annual science fairs open to the public showcase student research projects and innovative experiments."
public_events|"Public astronomy nights allow community members to use university telescopes for celestial observation."
public_events|"The music department presents free concerts throughout the academic year for public enjoyment."
public_events|"Cultural festivals on campus celebrate diversity through food, music, and artistic performances."
public_events|"Public workshops on financial literacy help community members improve their money management skills."
public_events|"The university's theater productions are open to the public with free admission for students and seniors."
public_events|"Environmental awareness events feature expert panels discussing climate change and sustainability."
public_events|"Public health fairs offer free screenings and educational materials about preventive care."
public_events|"The engineering school hosts robotics demonstrations that are open to families and school groups."
public_events|"Literature festivals bring authors and poets to campus for public readings and discussions."
public_events|"Public film screenings followed by faculty-led discussions explore social and cultural themes."
public_events|"The university's art gallery hosts public openings for new exhibitions throughout the year."
public_events|"Career development workshops provide job search strategies and resume building for community members."
public_events|"Public gardening workshops teach sustainable practices and urban farming techniques."
public_events|"The physics department demonstrates scientific principles through interactive public experiments."
public_events|"Historical reenactments on campus bring local history to life for public audiences."
public_events|"Public coding bootcamps introduce programming concepts to beginners of all ages."
public_events|"The business school hosts entrepreneurship competitions that are open for public viewing."
public_events|"Community yoga classes on the campus green promote wellness and stress reduction."
public_events|"Public debates on current issues feature faculty experts from opposing perspectives."
public_events|"The architecture department hosts public critiques of student design projects."
public_events|"Food tasting events showcase international cuisines prepared by culinary students."
public_events|"Public writing workshops help aspiring authors develop their creative skills."
public_events|"The psychology department offers public demonstrations of cognitive experiments."
public_events|"Community sports tournaments organized by the university promote physical activity."
public_events|"Public photography exhibitions feature work by students and local artists."
public_events|"The law school hosts mock trials that educate the public about legal procedures."
public_events|"Environmental clean-up events engage community volunteers in campus sustainability efforts."
public_events|"Public meditation sessions in the university gardens promote mental wellbeing."
public_events|"The education department hosts literacy events for children and families."
public_events|"Public technology demonstrations showcase emerging innovations from engineering students."
public_events|"The university's annual research symposium is open to the public with poster presentations."
public_events|"Community dance classes introduce various cultural dance forms to participants."
public_events|"Public philosophy discussions explore ethical questions with faculty guidance."
public_events|"The medical school offers first aid training sessions for community members."
public_events|"Public art installations created by students transform campus spaces."
public_events|"The economics department hosts public forums on local economic development."
public_events|"Community music jam sessions welcome musicians of all skill levels."
public_events|"Public science cafes discuss research findings in informal settings."
public_events|"The university's language department hosts cultural immersion events."
public_events|"Public gardening days involve community members in maintaining campus green spaces."
public_events|"The computer science department hosts hackathons open to public participants."
public_events|"Community history walks explore campus architecture and historical landmarks."
public_events|"Public poetry slams showcase spoken word talent from students and community members."
public_events|"The environmental studies department hosts bird watching tours on campus."
public_events|"Public cooking demonstrations teach healthy eating habits and recipe preparation."
public_events|"The university's innovation center hosts startup pitch events for public viewing."
public_events|"Community book clubs organized by the English department discuss literary works."
public_events|"Public stargazing parties during meteor showers attract astronomy enthusiasts."
public_events|"The political science department hosts election debate watch parties."
public_events|"Community craft workshops teach traditional and contemporary art techniques."
public_events|"Public mathematics competitions challenge students from local schools."
public_events|"The university's sustainability office hosts eco-fairs with green vendors."
public_events|"Community theater workshops develop acting skills in participants of all ages."
public_events|"Public innovation showcases feature student inventions and prototypes."
public_events|"The music therapy program offers public sessions demonstrating therapeutic techniques."
public_events|"Community running clubs organized by sports science students promote fitness."
public_events|"Public architecture tours showcase sustainable building designs on campus."
public_events|"The linguistics department hosts language learning socials for practice."
public_events|"Community science days feature hands-on experiments for children and families."
public_events|"Public investment workshops teach basic principles of personal finance."
public_events|"The university's international office hosts cultural exchange festivals."
public_events|"Community writing marathons support participants in completing writing projects."
public_events|"Public photography walks explore campus through different photographic perspectives."
public_events|"The chemistry department demonstrates chemical reactions in safe public shows."
public_events|"Community mindfulness sessions reduce stress through guided practices."
public_events|"Public debate tournaments feature teams from local high schools and colleges."
public_events|"The urban planning department hosts public design charrettes for campus improvements."
public_events|"Community music theory classes introduce fundamental concepts to beginners."
public_events|"Public artificial intelligence demonstrations showcase machine learning applications."
public_events|"The university's disability services office hosts accessibility awareness events."
public_events|"Community storytelling sessions preserve oral histories from local residents."
public_events|"Public nutrition workshops teach healthy eating on a budget."
public_events|"The robotics department hosts public competitions with student-built machines."
public_events|"Community art collaborations create murals and public art pieces."
public_events|"Public virtual reality demonstrations explore educational applications of VR technology."
public_events|"The university's entrepreneurship center hosts startup networking events."
public_events|"Community language cafes practice conversation in multiple languages."
public_events|"Public sustainability workshops teach composting and waste reduction."
public_events|"The film department hosts public screenings of student-produced documentaries."
public_events|"Community psychology workshops teach coping strategies and mental health awareness."
public_events|"Public engineering challenges engage participants in design and problem-solving."
public_events|"The university's agriculture program hosts farm-to-table cooking events."
public_events|"Community digital literacy classes help seniors navigate technology."
public_events|"Public astronomy lectures explain recent discoveries in space science."
public_events|"The business ethics center hosts public discussions on corporate responsibility."
public_events|"Community pottery workshops teach ceramic techniques in campus studios."
public_events|"Public history demonstrations showcase historical crafts and technologies."
public_events|"The university's health sciences department hosts public wellness fairs."
public_events|"Community coding classes introduce programming to underrepresented groups."
public_events|"Public architecture model-building workshops engage creative thinking."
public_events|"The environmental law clinic hosts public information sessions on legal rights."
public_events|"Community music composition workshops help participants create original works."
public_events|"Public neuroscience demonstrations explore brain function and cognition."
public_events|"The university's public policy center hosts community forums on local issues."
public_events|"Community gardening competitions promote sustainable growing practices."
public_events|"Public mathematics magic shows demonstrate mathematical principles through entertainment."
public_events|"The international relations department hosts model United Nations simulations."
public_events|"Community printmaking workshops create artistic pieces using campus facilities."
public_events|"Public renewable energy demonstrations showcase solar and wind technologies."
public_events|"The university's community engagement office hosts neighborhood partnership events."
public_events|"The university is hosting a free public lecture series on the history of local culinary traditions and their evolution through immigration and agriculture. The series is held every Tuesday evening and includes tastings of historical recipes prepared by culinary students. This event is a popular cultural and gastronomic attraction."
public_events|"All local K-12 students are invited to attend a free science and engineering fair on campus next spring, where they can showcase their projects and interact with university faculty and student researchers. The fair provides cash prizes for the top projects in each category. It is a major annual event promoting STEM education."
public_events|"The School of Art is holding a free public printmaking and screen printing workshop next Saturday afternoon, where participants will learn basic techniques for creating layered, multi-color designs on paper and fabric. All necessary inks, screens, and paper will be supplied by the department. This is a great, hands-on opportunity for artistic exploration."
public_events|"A free public forum on local education reform, including discussions on school funding, charter school proposals, and curriculum changes, will be held in the main conference hall next month. Local educators, policymakers, and parent advocates will present their views. This aims to foster informed public debate on education issues."
public_events|"The university theatre department will perform a free public performance of a classic Shakespeare play in the outdoor amphitheater in late summer. This annual event is a cherished cultural tradition for the entire community. Attendees are encouraged to bring blankets and picnic baskets."
public_events|"The Faculty of Science hosts a free public geology field trip to a local quarry or natural rock formation, allowing attendees to learn about local geological history and mineral identification. Geology faculty will provide guided commentary and answer questions about earth science. Sturdy hiking shoes are required for participation."
public_events|"A free public seminar on effective career change strategies and navigating the modern job market will be held in the business school's executive training center next Wednesday. The seminar will cover personal branding, professional networking, and leveraging online job boards. It is designed to assist adults in career transition."
public_events|"The School of Law is hosting a free public panel discussion on current issues in police reform and criminal justice, examining topics like accountability, de-escalation training, and alternative sentencing. The panel includes law professors, defense attorneys, and law enforcement representatives. This event aims to facilitate a constructive dialogue."
public_events|"The university hosts a free public exhibition showcasing student-designed architectural models and urban development proposals in the campus gallery. The exhibition highlights innovative solutions for local infrastructure and housing challenges. It is open for viewing during regular gallery hours."
public_events|"Local residents are invited to attend a free workshop on basic personal and home security measures, covering practical topics like door and window reinforcement, identifying suspicious activity, and working with neighborhood watch programs. The workshop is led by campus security and local police officers. It is a vital community safety initiative."
public_events|"The university provides free public screenings of historical documentaries focused on major 20th-century events, followed by a discussion led by a history professor in the main auditorium every Thursday evening. This initiative exposes the community to important historical perspectives. No advance tickets are required."
public_events|"A free public seminar on avoiding online scams and identity theft, focusing on phishing, malware, and securing personal financial accounts, is hosted by the computer science department. The seminar provides technical strategies and simple preventative measures. It aims to protect the community's digital security."
public_events|"The university hosts a free public event showcasing folk music and traditional craft demonstrations from various regional cultural groups and artisans. This celebration of local heritage includes interactive craft stations and live performances. It is a family-friendly cultural experience."
public_events|"The School of Nursing provides free public flu and COVID-19 vaccination clinics in the community health clinic on alternating Saturdays during the fall season. Health educators are available to discuss vaccine efficacy and public health protocols. This service encourages proactive seasonal health protection."
public_events|"Free public guided tours of the university's botanical gardens and arboretum, focusing on seasonal blooms, local ecology, and plant conservation efforts, are offered every weekend. The tours allow the public to explore the beauty and research function of the gardens. Advanced registration is recommended for larger groups."
public_events|"The history department hosts a free public lecture on the local impact of the Civil Rights Movement, focusing on regional protests, court cases, and community leaders from that era. The lecture will feature archival photographs and oral history interviews. It provides rich social and political context."
public_events|"A free public workshop on basic household repair and drywall patching techniques is offered by the technical college next month. Participants will learn how to mix mud, apply tape, and sand effectively for a seamless finish. This helps homeowners and renters handle minor damage themselves."
public_events|"The university hosts a free public book talk and signing with a prominent political historian discussing their latest work on presidential decision-making during major crises. The event provides a platform for engaging with important contemporary historical analysis. A question-and-answer period follows the presentation."
public_events|"Local children are invited to attend a free hands-on workshop on basic engineering principles and building structures using common household materials at the campus engineering lab next Saturday, led by engineering students. This fun, introductory session aims to spark early interest in structural design. Parent supervision is required for younger participants."
public_events|"The university offers free public yoga and stretching sessions led by certified wellness instructors every Tuesday morning in the campus wellness center. These sessions are open to all community members seeking physical flexibility and mental relaxation. Participants should bring their own mats."
public_events|"A free public forum on the state of local healthcare access and affordability will be held in the medical school's lecture hall. The panel includes hospital administrators, public health officials, and patient advocates who will discuss current challenges and proposed solutions. The goal is to stimulate public discourse on health equity."
public_events|"The School of Education hosts a free seminar for parents on identifying and supporting learning disabilities in children, including understanding common challenges and accessing educational resources. The seminar is led by educational psychology faculty and specialists. It empowers parents to advocate for their children's learning needs."
public_events|"The university hosts a free community electronics recycling and secure document shredding event every fall, allowing residents to safely dispose of old devices and sensitive papers. This event promotes both environmental sustainability and personal data security. University staff supervise the shredding process."
public_events|"A free public lecture on the geology of local coastal or riverine systems, including the history of water flow, erosion patterns, and ecological challenges, is scheduled this month. The speaker is a leading expert in hydrogeology. The event connects attendees with the complex water systems of the area."
public_events|"The university offers free workshops on basic digital photo organization and preservation for community members, covering cloud storage, file naming conventions, and creating archival prints. This valuable service ensures that personal memories are safely stored for the long term. Participants are asked to bring a laptop."
public_events|"The School of Social Work holds a free public workshop on accessing housing assistance and navigating rental subsidies in the city, including low-income programs and emergency shelter services. This workshop is designed to assist individuals and families facing housing instability. It provides vital resource directories."
public_events|"The university hosts a free public reading and discussion event with a renowned local fiction writer discussing their creative process and sources of inspiration. The author will read excerpts from their published work and answer questions from the audience. This is a special opportunity for local literature enthusiasts."
public_events|"The campus gymnasium offers a free public introductory class to various dance styles, including salsa, swing, and contemporary dance, led by professional instructors. This open session allows community members to experience different forms of physical expression and social activity. No partner is required for participation."
public_events|"A free public seminar on managing student loan debt and navigating repayment plans will be held in the business school, led by experienced financial aid counselors. The seminar provides actionable steps and information on federal forbearance programs. It is aimed at promoting financial stability for borrowers."
public_events|"The university provides free public workshops on advanced smartphone photography, covering manual controls, portrait lighting, and using mobile editing apps effectively. The workshops are led by professional photographers from the arts faculty. Participants must bring a modern smartphone."
public_events|"The School of Nursing hosts a free community workshop on managing type 2 diabetes, offering education on diet, blood glucose monitoring, and medication management. The workshop includes a Q&A with certified diabetes educators. It is a major annual public health outreach event."
public_events|"The university hosts a free public forum on addressing opioid abuse and local addiction treatment resources in collaboration with public health officials and local treatment centers. The discussion focuses on intervention, recovery programs, and harm reduction strategies. It is a critical dialogue for the community."
public_events|"A free public lecture on the art and history of Renaissance painting and sculpture, focusing on works by da Vinci, Michelangelo, and Raphael, is scheduled this month. The lecture will feature high-quality reproductions and expert art historical analysis. It offers cultural enrichment to the public."
public_events|"The university hosts a free public workshop on developing effective public speaking skills for civic advocacy, including presenting to city council, speaking at school board meetings, and leading community discussions. This event is valuable for activists and community leaders. It includes practice sessions with constructive feedback."
public_events|"The School of Law conducts an annual free public seminar discussing recent changes in labor and employment law and their impact on local workers and businesses. The seminar is led by employment law specialists and includes time for specific legal questions. This provides critical, timely legal information."
public_events|"Free public tours of the university's main data center and high-performance computing cluster are available every quarter, guided by IT infrastructure managers. The tours highlight the technology that powers university research and public services. Advanced security clearance is required for access."
public_events|"The university hosts a free community pet vaccination and low-cost microchipping event on the main lawn in partnership with local veterinary groups. University staff assist with pet handling and registration. This event promotes responsible pet ownership and animal health."
public_events|"A free public lecture on effective parenting strategies for navigating the challenges of raising teenagers, covering communication, discipline, and promoting independence, is offered by the psychology department. The lecture provides evidence-based advice for parents. It is designed to support healthy family dynamics."
public_events|"The university provides free public workshops on personal budgeting and debt management, focusing on creating a zero-based budget, negotiating lower interest rates, and using financial tracking apps. These sessions are led by experienced financial counselors. They are highly practical and focus on achieving financial goals."
public_events|"The School of Music offers a free public masterclass performance featuring a guest classical vocalist, open to local music students and the general public. The vocalist will coach advanced students on technique, breath control, and dramatic interpretation. It is a high-caliber musical education experience."
public_events|"The university hosts a free community workshop on building rain barrels and implementing water harvesting techniques for residential use. The workshop is held at the on-campus demonstration garden. It promotes local water conservation and sustainability. Participants can purchase materials at cost."
public_events|"A free public seminar on how to effectively secure and manage grant funding for non-profit and community projects, covering proposal writing, budget creation, and reporting requirements, is hosted by the School of Business. This seminar is a valuable resource for local organizations. It provides foundational skills for financial sustainability."
public_events|"The university provides free public workshops on basic data analysis and visualization using Google Sheets or Excel, focusing on creating effective charts and summarizing key trends. These workshops help professionals and students present data clearly. They are led by the business analytics faculty."
public_events|"The School of Education hosts a free public lecture on managing educational technology and ensuring student privacy in the K-12 classroom and at home. The talk provides practical guidelines and strategies for parents and educators. It addresses a major contemporary educational challenge."
public_events|"The university hosts a free public forum discussing the local impact of artificial intelligence and automation on the regional job market and future workforce skills. The panel includes computer scientists, economists, and workforce development leaders. It aims to generate proactive strategies for the local economy."
public_events|"A free public workshop on basic home safety and installing smoke and carbon monoxide detectors is offered by the technical college next month. The workshop is hands-on and led by a certified fire safety professional. It is a practical skill-building opportunity for homeowners."
public_events|"The university hosts a free public reading by student playwrights and screenwriters in the campus theatre, providing a casual venue for emerging dramatic talent to share their work. This informal event encourages local artistic collaboration and support for new theatrical works. A short Q&A follows the readings."
public_events|"The School of Social Work holds a free public seminar on managing family conflict and promoting healthy communication for parents and adult children. The seminar provides strategies for de-escalation, active listening, and setting boundaries. It is designed to support stronger family relationships."
public_events|"A free public lecture on the art and science of coffee roasting and preparation is scheduled this month, featuring a professor of food chemistry and a local master roaster. The lecture covers the chemical reactions during roasting and optimal brewing methods. A tasting session of various roasts follows the talk."
public_events|"The university hosts a free public seminar on creating a personal financial continuity plan for unexpected job loss, illness, or economic downturns, focusing on emergency funds and insurance review. This workshop is led by financial planning experts. It is a critical service for community resilience."
public_events|"The university is hosting a free public lecture series on the history of local culinary traditions and their evolution through immigration and agriculture. The series is held every Tuesday evening and includes tastings of historical recipes prepared by culinary students. This event is a popular cultural and gastronomic attraction."
public_events|"All local K-12 students are invited to attend a free science and engineering fair on campus next spring, where they can showcase their projects and interact with university faculty and student researchers. The fair provides cash prizes for the top projects in each category. It is a major annual event promoting STEM education."
public_events|"The School of Art is holding a free public printmaking and screen printing workshop next Saturday afternoon, where participants will learn basic techniques for creating layered, multi-color designs on paper and fabric. All necessary inks, screens, and paper will be supplied by the department. This is a great, hands-on opportunity for artistic exploration."
public_events|"A free public forum on local education reform, including discussions on school funding, charter school proposals, and curriculum changes, will be held in the main conference hall next month. Local educators, policymakers, and parent advocates will present their views. This aims to foster informed public debate on education issues."
public_events|"The university theatre department will perform a free public performance of a classic Shakespeare play in the outdoor amphitheater in late summer. This annual event is a cherished cultural tradition for the entire community. Attendees are encouraged to bring blankets and picnic baskets."
public_events|"The Faculty of Science hosts a free public geology field trip to a local quarry or natural rock formation, allowing attendees to learn about local geological history and mineral identification. Geology faculty will provide guided commentary and answer questions about earth science. Sturdy hiking shoes are required for participation."
public_events|"A free public seminar on effective career change strategies and navigating the modern job market will be held in the business school's executive training center next Wednesday. The seminar will cover personal branding, professional networking, and leveraging online job boards. It is designed to assist adults in career transition."
public_events|"The School of Law is hosting a free public panel discussion on current issues in police reform and criminal justice, examining topics like accountability, de-escalation training, and alternative sentencing. The panel includes law professors, defense attorneys, and law enforcement representatives. This event aims to facilitate a constructive dialogue."
public_events|"The university hosts a free public exhibition showcasing student-designed architectural models and urban development proposals in the campus gallery. The exhibition highlights innovative solutions for local infrastructure and housing challenges. It is open for viewing during regular gallery hours."
public_events|"Local residents are invited to attend a free workshop on basic personal and home security measures, covering practical topics like door and window reinforcement, identifying suspicious activity, and working with neighborhood watch programs. The workshop is led by campus security and local police officers. It is a vital community safety initiative."
public_events|"The university provides free public screenings of historical documentaries focused on major 20th-century events, followed by a discussion led by a history professor in the main auditorium every Thursday evening. This initiative exposes the community to important historical perspectives. No advance tickets are required."
public_events|"A free public seminar on avoiding online scams and identity theft, focusing on phishing, malware, and securing personal financial accounts, is hosted by the computer science department. The seminar provides technical strategies and simple preventative measures. It aims to protect the community's digital security."
public_events|"The university hosts a free public event showcasing folk music and traditional craft demonstrations from various regional cultural groups and artisans. This celebration of local heritage includes interactive craft stations and live performances. It is a family-friendly cultural experience."
public_events|"The School of Nursing provides free public flu and COVID-19 vaccination clinics in the community health clinic on alternating Saturdays during the fall season. Health educators are available to discuss vaccine efficacy and public health protocols. This service encourages proactive seasonal health protection."
public_events|"Free public guided tours of the university's botanical gardens and arboretum, focusing on seasonal blooms, local ecology, and plant conservation efforts, are offered every weekend. The tours allow the public to explore the beauty and research function of the gardens. Advanced registration is recommended for larger groups."
public_events|"The history department hosts a free public lecture on the local impact of the Civil Rights Movement, focusing on regional protests, court cases, and community leaders from that era. The lecture will feature archival photographs and oral history interviews. It provides rich social and political context."
public_events|"A free public workshop on basic household repair and drywall patching techniques is offered by the technical college next month. Participants will learn how to mix mud, apply tape, and sand effectively for a seamless finish. This helps homeowners and renters handle minor damage themselves."
public_events|"The university hosts a free public book talk and signing with a prominent political historian discussing their latest work on presidential decision-making during major crises. The event provides a platform for engaging with important contemporary historical analysis. A question-and-answer period follows the presentation."
public_events|"Local children are invited to attend a free hands-on workshop on basic engineering principles and building structures using common household materials at the campus engineering lab next Saturday, led by engineering students. This fun, introductory session aims to spark early interest in structural design. Parent supervision is required for younger participants."
public_events|"The university offers free public yoga and stretching sessions led by certified wellness instructors every Tuesday morning in the campus wellness center. These sessions are open to all community members seeking physical flexibility and mental relaxation. Participants should bring their own mats."
public_events|"A free public forum on the state of local healthcare access and affordability will be held in the medical school's lecture hall. The panel includes hospital administrators, public health officials, and patient advocates who will discuss current challenges and proposed solutions. The goal is to stimulate public discourse on health equity."
public_events|"The School of Education hosts a free seminar for parents on identifying and supporting learning disabilities in children, including understanding common challenges and accessing educational resources. The seminar is led by educational psychology faculty and specialists. It empowers parents to advocate for their children's learning needs."
public_events|"The university hosts a free community electronics recycling and secure document shredding event every fall, allowing residents to safely dispose of old devices and sensitive papers. This event promotes both environmental sustainability and personal data security. University staff supervise the shredding process."
public_events|"A free public lecture on the geology of local coastal or riverine systems, including the history of water flow, erosion patterns, and ecological challenges, is scheduled this month. The speaker is a leading expert in hydrogeology. The event connects attendees with the complex water systems of the area."
public_events|"The university offers free workshops on basic digital photo organization and preservation for community members, covering cloud storage, file naming conventions, and creating archival prints. This valuable service ensures that personal memories are safely stored for the long term. Participants are asked to bring a laptop."
public_events|"The School of Social Work holds a free public workshop on accessing housing assistance and navigating rental subsidies in the city, including low-income programs and emergency shelter services. This workshop is designed to assist individuals and families facing housing instability. It provides vital resource directories."
public_events|"The university hosts a free public reading and discussion event with a renowned local fiction writer discussing their creative process and sources of inspiration. The author will read excerpts from their published work and answer questions from the audience. This is a special opportunity for local literature enthusiasts."
public_events|"The campus gymnasium offers a free public introductory class to various dance styles, including salsa, swing, and contemporary dance, led by professional instructors. This open session allows community members to experience different forms of physical expression and social activity. No partner is required for participation."
public_events|"A free public seminar on managing student loan debt and navigating repayment plans will be held in the business school, led by experienced financial aid counselors. The seminar provides actionable steps and information on federal forbearance programs. It is aimed at promoting financial stability for borrowers."
public_events|"The university provides free public workshops on advanced smartphone photography, covering manual controls, portrait lighting, and using mobile editing apps effectively. The workshops are led by professional photographers from the arts faculty. Participants must bring a modern smartphone."
public_events|"The School of Nursing hosts a free community workshop on managing type 2 diabetes, offering education on diet, blood glucose monitoring, and medication management. The workshop includes a Q&A with certified diabetes educators. It is a major annual public health outreach event."
public_events|"The university hosts a free public forum on addressing opioid abuse and local addiction treatment resources in collaboration with public health officials and local treatment centers. The discussion focuses on intervention, recovery programs, and harm reduction strategies. It is a critical dialogue for the community."
public_events|"A free public lecture on the art and history of Renaissance painting and sculpture, focusing on works by da Vinci, Michelangelo, and Raphael, is scheduled this month. The lecture will feature high-quality reproductions and expert art historical analysis. It offers cultural enrichment to the public."
public_events|"The university hosts a free public workshop on developing effective public speaking skills for civic advocacy, including presenting to city council, speaking at school board meetings, and leading community discussions. This event is valuable for activists and community leaders. It includes practice sessions with constructive feedback."
public_events|"The School of Law conducts an annual free public seminar discussing recent changes in labor and employment law and their impact on local workers and businesses. The seminar is led by employment law specialists and includes time for specific legal questions. This provides critical, timely legal information."
public_events|"Free public tours of the university's main data center and high-performance computing cluster are available every quarter, guided by IT infrastructure managers. The tours highlight the technology that powers university research and public services. Advanced security clearance is required for access."
public_events|"The university hosts a free community pet vaccination and low-cost microchipping event on the main lawn in partnership with local veterinary groups. University staff assist with pet handling and registration. This event promotes responsible pet ownership and animal health."
public_events|"A free public lecture on effective parenting strategies for navigating the challenges of raising teenagers, covering communication, discipline, and promoting independence, is offered by the psychology department. The lecture provides evidence-based advice for parents. It is designed to support healthy family dynamics."
public_events|"The university provides free public workshops on personal budgeting and debt management, focusing on creating a zero-based budget, negotiating lower interest rates, and using financial tracking apps. These sessions are led by experienced financial counselors. They are highly practical and focus on achieving financial goals."
public_events|"The School of Music offers a free public masterclass performance featuring a guest classical vocalist, open to local music students and the general public. The vocalist will coach advanced students on technique, breath control, and dramatic interpretation. It is a high-caliber musical education experience."
public_events|"The university hosts a free community workshop on building rain barrels and implementing water harvesting techniques for residential use. The workshop is held at the on-campus demonstration garden. It promotes local water conservation and sustainability. Participants can purchase materials at cost."
public_events|"A free public seminar on how to effectively secure and manage grant funding for non-profit and community projects, covering proposal writing, budget creation, and reporting requirements, is hosted by the School of Business. This seminar is a valuable resource for local organizations. It provides foundational skills for financial sustainability."
public_events|"The university provides free public workshops on basic data analysis and visualization using Google Sheets or Excel, focusing on creating effective charts and summarizing key trends. These workshops help professionals and students present data clearly. They are led by the business analytics faculty."
public_events|"The School of Education hosts a free public lecture on managing educational technology and ensuring student privacy in the K-12 classroom and at home. The talk provides practical guidelines and strategies for parents and educators. It addresses a major contemporary educational challenge."
public_events|"The university hosts a free public forum discussing the local impact of artificial intelligence and automation on the regional job market and future workforce skills. The panel includes computer scientists, economists, and workforce development leaders. It aims to generate proactive strategies for the local economy."
public_events|"A free public workshop on basic home safety and installing smoke and carbon monoxide detectors is offered by the technical college next month. The workshop is hands-on and led by a certified fire safety professional. It is a practical skill-building opportunity for homeowners."
public_events|"The university hosts a free public reading by student playwrights and screenwriters in the campus theatre, providing a casual venue for emerging dramatic talent to share their work. This informal event encourages local artistic collaboration and support for new theatrical works. A short Q&A follows the readings."
public_events|"The School of Social Work holds a free public seminar on managing family conflict and promoting healthy communication for parents and adult children. The seminar provides strategies for de-escalation, active listening, and setting boundaries. It is designed to support stronger family relationships."
public_events|"A free public lecture on the art and science of coffee roasting and preparation is scheduled this month, featuring a professor of food chemistry and a local master roaster. The lecture covers the chemical reactions during roasting and optimal brewing methods. A tasting session of various roasts follows the talk."
public_events|"The university hosts a free public seminar on creating a personal financial continuity plan for unexpected job loss, illness, or economic downturns, focusing on emergency funds and insurance review. This workshop is led by financial planning experts. It is a critical service for community resilience."
public_events|"The university is hosting a free public lecture series on the history of jazz music and its influence on American culture, held every Wednesday evening in the campus auditorium. Each session features live performances by faculty musicians and guest artists. This cultural event is open to all ages."
public_events|"All local high school seniors are invited to attend a free college admissions and financial aid information session in the student union next month. The session will cover application essay writing, FAFSA completion, and scholarship opportunities. University counselors will be available for one-on-one questions."
public_events|"The School of Art is holding a free public clay sculpting workshop next Saturday morning, where participants will learn basic hand-building techniques and glaze application. All materials, including clay and tools, will be provided by the department. This is a great opportunity for community members to explore a new artistic medium."
public_events|"A free public forum on the future of local public transportation, including discussions on light rail expansion and bus route optimization, will be held in the main conference hall next month. City planners and transit advocates will present their proposals and answer questions from the community. This aims to foster civic input."
public_events|"The university choir and orchestra will perform a free concert of holiday and seasonal music in the campus chapel in early December. This annual event is a cherished tradition for the entire community. Seating is first-come, first-served due to the high popularity of the performance."
public_events|"The Faculty of Science hosts a free public astronomy night at the campus observatory, allowing attendees to view planets, galaxies, and star clusters through high-powered telescopes. Physics faculty will provide guided commentary and answer questions about space science. The event is weather-dependent."
public_events|"A free public seminar on effective time management and productivity techniques for busy adults will be held in the business school's executive training center next Thursday. The seminar will cover strategies like the Pomodoro method and digital organization tools. It is designed to boost personal efficiency."
public_events|"The School of Law is hosting a free public panel discussion on the impact of recent Supreme Court rulings on civil liberties and constitutional law. The panel includes law professors, practicing attorneys, and civil rights advocates. This event aims to provide expert legal analysis to the community."
public_events|"The university hosts a free public exhibition showcasing student-designed sustainable fashion and textile art in the campus gallery. The exhibition highlights innovative designs using recycled and ethically sourced materials. It is open for viewing during regular gallery hours."
public_events|"Local residents are invited to attend a free workshop on preparing for natural disasters and severe weather events, covering securing homes, creating emergency kits, and developing communication plans. The workshop is led by certified emergency management staff. It is a vital community preparedness effort."
public_events|"The university provides free public screenings of independent and foreign films followed by a discussion led by a film studies professor in the main auditorium every Tuesday evening. This initiative exposes the community to diverse cinematic perspectives. No advance tickets are required."
public_events|"A free public seminar on avoiding investment scams and financial fraud targeting seniors and vulnerable investors is hosted by the finance department. The seminar provides red flags to watch out for and resources for reporting suspicious activity. It aims to protect the community's financial well-being."
public_events|"The university hosts a free public event showcasing cultural music and dance performances from various international student organizations. This celebration of global diversity includes traditional food samples and interactive activities. It is a family-friendly cultural experience."
public_events|"The School of Nursing provides free public blood pressure and cholesterol screenings in the community health clinic on the third Saturday of every month. Health educators are available to discuss results and provide advice on preventative care. This service encourages proactive health monitoring."
public_events|"Free public guided tours of the university's main research laboratories, including the chemistry, robotics, and genetics labs, are offered every summer. The tours allow the public to see cutting-edge scientific research in action. Advanced registration is required due to limited space."
public_events|"The history department hosts a free public lecture on the local impact of the Great Depression, focusing on regional economic shifts and social changes during that period. The lecture will feature archival photographs and oral history accounts. It provides rich historical context."
public_events|"A free public workshop on basic home energy auditing and weatherproofing techniques is offered by the engineering school next month. Participants will learn how to identify air leaks and choose the most cost-effective energy-saving measures. This helps residents save money and reduce their carbon footprint."
public_events|"The university hosts a free public book talk and signing with a prominent political journalist discussing their latest work on current national policy issues. The event provides a platform for engaging with important contemporary political analysis. A question-and-answer period follows the presentation."
public_events|"Local children are invited to attend a free hands-on workshop on coding and basic robotics at the campus computer lab next Saturday, led by computer science students. This fun, introductory session aims to spark early interest in technology fields. Parent supervision is required for younger participants."
public_events|"The university offers free public meditation and stress reduction sessions led by certified wellness instructors every Monday evening in the campus wellness center. These sessions are open to all community members seeking mental relaxation and mindfulness training. Comfortable clothing is recommended."
public_events|"A free public forum on the ethical implications of genetic engineering and personalized medicine will be held in the medical school's lecture hall. The panel includes bioethicists, medical doctors, and patient advocates who will discuss the benefits and risks. The goal is to stimulate public discourse on complex health topics."
public_events|"The School of Education hosts a free seminar for parents on navigating K-12 special education services, understanding Individualized Education Programs (IEPs), and advocating for their child's needs. The seminar is led by special education faculty and legal experts. It empowers parents of children with disabilities."
public_events|"The university hosts a free community bike repair and safety clinic every spring, staffed by student volunteers who teach basic maintenance, tire changing, and gear adjustment. This hands-on clinic promotes cycling safety and sustainable transportation. Participants must bring their own bicycles."
public_events|"A free public lecture on the geology of local volcanic or mountainous regions, including the history of local seismic activity and the formation of regional rock structures, is scheduled this month. The speaker is a leading expert in regional geology. The event connects attendees with the natural history of the area."
public_events|"The university offers free tax preparation assistance for seniors and disabled residents every year during tax season, staffed by accounting students under the supervision of volunteer certified public accountants. This valuable service ensures that vulnerable residents receive all eligible tax credits. Appointments are required due to high demand."
public_events|"The School of Social Work holds a free public workshop on accessing mental health resources in the city, including low-cost counseling, support groups, and crisis intervention services. This workshop is designed to reduce the stigma associated with seeking mental health care. It provides vital resource directories."
public_events|"The university hosts a free public reading and discussion event with a renowned science fiction or fantasy author in the main library's reading room. The author will read excerpts from their work and discuss the future of the genre. This is a special opportunity for local literature enthusiasts."
public_events|"The campus gymnasium offers a free public introductory class to various martial arts, including Karate, Taekwondo, and Judo, led by certified instructors. This open session allows community members to experience different forms of physical discipline and self-defense. No prior experience is necessary."
public_events|"A free public seminar on managing credit card debt and improving credit scores will be held in the business school, led by experienced financial advisors. The seminar provides actionable steps and personalized budgeting tips. It is aimed at promoting financial stability for attendees."
public_events|"The university provides free public workshops on beginner digital photography, covering composition, exposure, and basic editing software. The workshops are led by professional photographers from the arts faculty. Participants must bring their own cameras or smartphones."
public_events|"The School of Nursing hosts a free community health fair offering various health screenings, educational materials on preventative health, and information on local health insurance options. The fair brings together local health providers and university staff. It is a major annual public health outreach event."
public_events|"The university hosts a free public forum on addressing gun violence and promoting school safety in collaboration with local law enforcement and education officials. The discussion focuses on policy solutions, intervention programs, and community collaboration. It is a critical dialogue for the community."
public_events|"A free public lecture on the art and history of ancient civilizations, focusing on Egyptian, Greek, and Roman artifacts from the university's collection, is scheduled this month. The lecture will feature high-quality images and expert commentary. It offers cultural enrichment to the public."
public_events|"The university hosts a free public workshop on developing professional networking skills, including elevator pitches, LinkedIn utilization, and professional etiquette. This event is valuable for job seekers and those looking to advance their careers. It includes speed-networking practice sessions."
public_events|"The School of Law conducts an annual free public seminar discussing recent changes in immigration law and their impact on local immigrant communities. The seminar is led by immigration law specialists and includes time for individual legal questions. This provides critical, timely legal information."
public_events|"Free public tours of the university's central library and special collection archives are available every Saturday afternoon, guided by library historians. The tours highlight the rare books, manuscripts, and unique artifacts held within the collections. They offer a behind-the-scenes look at academic resources."
public_events|"The university hosts a free community dog adoption and microchipping event on the main lawn in partnership with local animal shelters. University veterinary students and staff provide low-cost microchipping services. This event promotes responsible pet ownership and animal welfare."
public_events|"A free public lecture on effective parenting strategies for managing toddler behavior and promoting positive discipline is offered by the psychology department. The lecture provides evidence-based advice for parents and caregivers. It is designed to support healthy child development."
public_events|"The university provides free public workshops on resume writing and professional cover letter creation, focusing on tailoring applications for specific jobs and maximizing applicant tracking system (ATS) compatibility. These sessions are led by experienced career counselors. They are highly practical and job-focused."
public_events|"The School of Music offers a free public masterclass performance featuring a guest classical pianist, open to local music students and the general public. The pianist will coach advanced students on their technique and interpretation. It is a high-caliber musical education experience."
public_events|"The university hosts a free community garden workshop covering topics like soil preparation, organic pest control, and maximizing vegetable yields in small urban gardens. The workshop is held at the on-campus demonstration garden. It promotes local food production and sustainability."
public_events|"A free public seminar on how to start and manage a successful non-profit organization, covering board development, funding, and legal compliance, is hosted by the School of Business. This seminar is a valuable resource for community leaders and aspiring social entrepreneurs. It provides foundational organizational knowledge."
public_events|"The university provides free public workshops on the basics of digital security for small businesses, including data backup, protecting customer information, and recognizing cyber threats. These workshops help local businesses safeguard their operations. They are led by IT security faculty."
public_events|"The School of Education hosts a free public lecture on managing screen time and promoting healthy digital habits for children and teenagers. The talk provides practical guidelines and strategies for parents. It addresses a major contemporary family challenge."
public_events|"The university hosts a free public forum discussing the local impact of climate change, including changes in rainfall, temperature, and agricultural patterns. The panel includes climate scientists, farmers, and local government officials. It aims to generate local climate action strategies."
public_events|"A free public workshop on basic home electrical safety and simple wiring fixes is offered by the technical college next month. The workshop is hands-on and led by a licensed master electrician. It is a practical skill-building opportunity for homeowners."
public_events|"The university hosts a free public reading by student poets and writers in the campus café, providing a casual venue for emerging literary talent to share their work. This informal event encourages local artistic collaboration and community support for the arts. Refreshments are provided."
public_events|"The School of Social Work holds a free public seminar on managing caregiving stress for family members supporting elderly or chronically ill relatives. The seminar provides coping strategies, resources for respite care, and support group information. It is designed to help prevent caregiver burnout."
public_events|"A free public lecture on the art and science of beer brewing and fermentation is scheduled this month, featuring a professor of chemistry and a local craft brewer. The lecture covers the biochemistry of yeast and the historical evolution of brewing techniques. A non-alcoholic tasting session follows the talk."
public_events|"The university hosts a free public seminar on creating a personal emergency evacuation plan for families, including fire escape routes, communication strategies, and designated meeting places. This workshop is led by campus safety experts. It is a critical service for community resilience."
public_events|"The university is hosting a free public lecture by a renowned philosopher on the ethics of technology."
public_events|"Local artists are invited to attend a free public critique session hosted by the School of Fine Arts."
public_events|"The university hosts a free community market day showcasing local farmers and producers."
public_events|"The School of Music offers a free public concert featuring student soloists and ensembles."
public_events|"We are hosting a free public workshop on effective parenting for children with special needs."
public_events|"A free public seminar on personal cybersecurity and data protection will be held this week."
public_events|"The university provides free public workshops on resume writing and job interview skills."
public_events|"The campus theater hosts a free public showing of a film followed by a director Q&A session."
public_events|"The School of Law conducts a free public forum discussing recent changes in immigration law."
public_events|"All community members are invited to attend the free annual exhibition of student capstone projects."
public_events|"The university hosts a free public lecture on the geology of the local mountain range."
public_events|"We are offering a free public workshop on basic home appliance maintenance and repair."
public_events|"The Faculty of Education organizes a free public panel discussion on reducing standardized testing anxiety."
public_events|"The university hosts a free community health fair providing vision, hearing, and dental screenings."
public_events|"A free public lecture on the history of political cartoons is scheduled in the main lecture hall."
public_events|"The university offers free public tours of its rare book and manuscript collection."
public_events|"The School of Business hosts a free public seminar on investment planning for beginners."
public_events|"We are holding a free public workshop on urban gardening and composting techniques."
public_events|"The university hosts a free public debate on the role of social media in modern elections."
public_events|"The School of Public Health provides free public flu shot clinics on campus."
public_events|"A free public seminar on managing digital distraction and improving focus will be held."
public_events|"The university offers free public workshops on improving creative writing and storytelling skills."
public_events|"The campus radio station hosts a free public broadcast of local political candidate interviews."
public_events|"The university hosts a free public exhibition of historical photography documenting local industries."
public_events|"The School of Engineering offers a free public seminar on the future of electric vehicles."
public_events|"We are hosting a free public workshop on basic carpentry and furniture restoration."
public_events|"A free public lecture on the art and science of beekeeping is scheduled."
public_events|"The university hosts a free public forum on neighborhood safety and community policing."
public_events|"The School of Arts and Culture provides a free public demonstration of traditional textile weaving."
public_events|"The university offers free public workshops on managing personal archives and family documents."
public_events|"A free public lecture on the psychological impact of social isolation is held by the psychology department."
public_events|"The university hosts a free public seminar on applying for college financial aid."
public_events|"We are holding a free public event celebrating local cultural diversity with food and music."
public_events|"The School of Medicine hosts a free public seminar on the early detection of skin cancer."
public_events|"A free public workshop on basic coding using Python is open to all community members."
public_events|"The university offers free public viewing hours at the campus telescope on clear nights."
public_events|"The campus career center provides free public advice sessions on career changes and pivots."
public_events|"A free public seminar on mindful eating and nutrition is hosted by the nutrition department."
public_events|"The university hosts a free public lecture series on the history of local immigration."
public_events|"We are offering a free public workshop on stress relief through art therapy techniques."
public_events|"The university is hosting a free public workshop on effective personal budgeting next Tuesday evening."
public_events|"All local seniors are invited to attend a free health and wellness seminar at the campus gymnasium."
public_events|"The history society hosts a free public discussion on the significance of local war memorials."
public_events|"The campus theater group offers a free preview performance of their new musical for the community."
public_events|"The School of Architecture hosts a free public exhibition showcasing innovative sustainable housing designs."
public_events|"Community members can attend a free introductory lecture on birdwatching and local ornithology."
public_events|"The university is organizing a free 'Career Day' fair open to all local job seekers and employers."
public_events|"A free public forum on renewable energy policies will be held in the main conference hall."
public_events|"The university choir and orchestra perform a free concert of contemporary music every spring."
public_events|"We are hosting a free community workshop on emergency preparedness and first aid training."
public_events|"The Faculty of Science hosts a free public 'Physics Demo Day' with interactive experiments."
public_events|"A free lecture on the ethical challenges of Artificial Intelligence is open to the public this month."
public_events|"The university hosts a free public book signing event with a celebrated national poet."
public_events|"Local amateur artists are invited to participate in a free outdoor painting event on campus grounds."
public_events|"The university offers free tax preparation clinics for low-income residents every spring."
public_events|"The School of Nursing provides free public screenings for diabetes and hypertension."
public_events|"A free public seminar on conflict resolution in the workplace will be held in the business school."
public_events|"The university hosts a free public lecture on the geology of the region by a visiting scholar."
public_events|"Free guided meditation and yoga sessions are offered to the community on Saturday mornings."
public_events|"The Law School hosts a free public moot court competition to demonstrate legal proceedings."
public_events|"The university provides free workshops on digital photography basics open to all ages."
public_events|"The School of Education hosts a free seminar for parents on navigating high school choices."
public_events|"A free public event showcasing international cuisines prepared by students is scheduled next month."
public_events|"The university hosts a free public forum discussing the impacts of local infrastructure projects."
public_events|"Free public tours of the campus arboretum and botanical gardens are available weekly."
public_events|"The School of Social Work holds a free public panel on addressing homelessness in the city."
public_events|"A free public lecture on the history of women in science is scheduled in the main lecture hall."
public_events|"The university offers free public workshops on genealogy and family history research."
public_events|"The campus gymnasium hosts a free open house with demonstrations of various sports."
public_events|"A free public seminar on avoiding common scams and fraud is hosted by the security department."
public_events|"The university holds a free public reading of student-written plays in the campus theater."
public_events|"The business school hosts a free public workshop on developing a personal investment strategy."
public_events|"A free community-wide blood drive is hosted in the university's main hall."
public_events|"The university hosts a free lecture series on the history and culture of neighboring countries."
public_events|"We offer free public workshops on improving memory and cognitive function."
public_events|"The School of Journalism hosts a free public seminar on the role of media in democracy."
public_events|"The university provides free public screenings of classic films in the auditorium."
public_events|"A free public talk on managing chronic pain is offered by the School of Physical Therapy."
public_events|"The university hosts a free public workshop on basic home energy auditing."
public_events|"The School of Music offers a free masterclass performance open to local musicians and the public."
public_events|"The annual 'Ideas Summit' featuring thought leaders is free and open to registration for non-students in the city."
public_events|"Local residents are invited to attend the Astronomy Club's monthly observation night at the campus telescope."
public_events|"The Fine Arts department hosts a free public sculpture exhibition in the main campus quad throughout the summer."
public_events|"We are conducting a series of free evening workshops on local history at the university auditorium."
public_events|"The School of Engineering is hosting a 'Robotics Showcase' where the public can interact with student projects."
public_events|"All community members are welcome to attend the free screening of a documentary on urban planning."
public_events|"A panel discussion on current international affairs will be held this Thursday and is open to the general public without charge."
public_events|"The university offers free guided tours of its historic architecture every weekend."
public_events|"The Law School hosts a free lecture series on consumer rights protection for the local population."
public_events|"We are inviting the community to a free concert featuring the university symphony orchestra in the town square."
public_events|"The university is hosting a free lecture series on climate change mitigation open to all community members."
public_events|"Local residents are invited to attend the annual 'Science in the Park' fair organized by the Physics department."
public_events|"The Faculty of Arts and Humanities hosts a monthly book reading and discussion forum open to the general public."
public_events|"We will be showing a documentary screening followed by a Q&A session with the director this Friday."
public_events|"The university choir's holiday concert is free and open to the entire community."
public_events|"The School of Law conducts an annual 'Ask a Lawyer' free consultation day for the public on campus."
public_events|"The campus art gallery offers free admission and guided tours to non-students."
public_events|"A free community health screening event is scheduled at the campus auditorium next month."
public_events|"The Department of History is hosting a public forum on preserving local heritage sites."
public_events|"Community members can attend a stargazing night at the campus observatory."
public_events|"The drama department offers free, open rehearsals for its upcoming play."
public_events|"The university hosts a free annual fair promoting local business startups."
public_events|"A free workshop on mental health first aid is open to all community residents."
public_events|"The School of Medicine hosts a free seminar on preventative cardiology."
public_events|"We are hosting a free public photography contest with an exhibit in the main hall."
public_events|"The business school organizes a free mentorship networking event for local entrepreneurs."
public_events|"Free weekend coding bootcamps for high school students are held in the campus labs."
public_events|"The cultural center hosts a free festival celebrating regional music and dance."
public_events|"The university offers free tax preparation assistance sessions for low-income families."
public_events|"A free gardening and urban farming workshop is scheduled in the campus community garden."
public_events|"The library hosts a free lecture on the history of jazz music."
public_events|"A free public debate on local political issues is held in the student union."
public_events|"The institution hosts a free 'Meet the Authors' event with local writers."
public_events|"We offer free weekly fitness classes on the campus grounds for community members."
public_events|"The Faculty of Education hosts a free seminar on early childhood development."
public_events|"The campus career center provides free resume review workshops for job seekers."
public_events|"A free lecture on sustainable living practices is held every quarter."
public_events|"The university opens its indoor pool for free public swimming hours on Sundays."
public_events|"We are hosting a free presentation on disaster preparedness for residents."
public_events|"The sports facility offers free public tours and information sessions."
public_events|"Hosting an annual Community Innovation Challenge where teams compete to solve local problems, open to the public."
public_events|"Organizing a series of World Language and Culture Nights featuring food, music, and activities from different countries."
public_events|"The university offers free public access to its sports facilities (e.g., track, pool) during designated community hours."
public_events|"Sponsoring a Local Artist Exhibition and Sale on campus, supporting local creative economy."
public_events|"Holding a bi-annual Family Genealogy Workshop led by History faculty and library staff."
public_events|"Hosting a Climate Action Symposium featuring international speakers, with free registration for community members."
public_events|"Organizing free evening fitness and dance classes (e.g., Zumba, cardio) at the campus recreation center."
public_events|"The School of Education hosts a Future of Learning Conference with public sessions on educational technology."
public_events|"Offering a series of Photography Walks around campus and the neighborhood led by Fine Arts faculty."
public_events|"Hosting a First-Time Homebuyer Seminar with local real estate and financial experts."
public_events|"The university organizes seasonal festivals (e.g., Fall Harvest, Spring Bloom) with activities for all ages."
public_events|"Inviting the public to open discussions and panels on current media representation and diversity issues."
public_events|"Holding a Community Safety Day featuring demonstrations by the campus police and fire departments."
public_events|"The Music department hosts a Gospel Choir Performance open to the public, often featuring community members."
public_events|"Organizing a Digital Privacy and Security Workshop focusing on protecting personal information online."
public_events|"The university hosts a yearly Career Mentoring Mixer connecting local job seekers with industry professionals."
public_events|"Sponsoring a Community Reading Day where faculty read books aloud to children at local libraries."
public_events|"Hosting a series of Outdoor Movie Nights on the campus lawn during the summer months."
public_events|"The School of Divinity hosts Interfaith Dialogue Sessions open to community members of all beliefs."
public_events|"Organizing a Basic Car Maintenance Workshop led by Engineering students for non-mechanics."
public_events|"Offering free income tax preparation assistance for low-income families staffed by accounting students."
public_events|"Hosting an annual Public Health Lecture Series on disease outbreaks and preventative medicine."
public_events|"The university organizes a Star-Up Weekend Hackathon inviting public participants to develop new ideas."
public_events|"Providing a free shuttle service from local senior centers for all daytime public lectures."
public_events|"The university hosts a Local Food and Farmers Market on campus once a week, open to all."
public_events|"The university organizes an annual Community Wellness Day featuring fitness classes, nutritional advice, and health screenings."
public_events|"Hosting a monthly Poetry Slam and Open Mic Night at the campus coffee house, open to all community poets."
public_events|"Sponsoring an annual International Cultural Festival featuring performances, food, and exhibitions celebrating global diversity."
public_events|"Holding a bi-annual Meet the Author Event where faculty and visiting writers read from their works and hold public Q&A sessions."
public_events|"The university provides space and technical support for local non-profit organization meetings and workshops at no cost."
public_events|"Organizing a Campus Sustainability Bike Tour open to the public, highlighting green initiatives and local bike routes."
public_events|"The Music School hosts free lunchtime concerts featuring student and faculty ensembles throughout the academic year."
public_events|"Hosting a Financial Planning Workshop with certified financial advisors open to community members seeking guidance."
public_events|"The university coordinates a Community Volunteer Fair connecting students and community members with local service organizations."
public_events|"Offering free introductory sessions on meditation and mindfulness led by the campus wellness staff."
public_events|"Organizing a Local History Preservation Day inviting the public to bring and digitize old photographs and documents."
public_events|"The Computer Science department hosts an annual Tech Petting Zoo allowing the public to try out new gadgets and software."
public_events|"Holding a Family Fun Science Night during the holidays with child-friendly experiments and demonstrations."
public_events|"Sponsoring a Community Art and Craft Market on the university grounds, featuring local artisans."
public_events|"Hosting a series of World Affairs Discussion Groups led by Political Science faculty, open to public participation."
public_events|"Organizing a Gardening and Horticulture Seminar focusing on sustainable urban farming techniques."
public_events|"The university hosts a yearly Job Skills Fair providing resume critique and interview practice for the local community."
public_events|"Inviting the public to attend open rehearsals of the University Debate Team for discussions on current topics."
public_events|"Co-hosting a Film Screening Series with a local independent theater focused on documentaries and historical films."
public_events|"Offering free legal information sessions on topics like landlord-tenant rights or small claims court procedures."
public_events|"The university hosts a Local Innovators Pitch Competition with public voting and networking opportunities."
public_events|"Organizing a Community Safety and Preparedness Workshop in collaboration with local emergency services."
public_events|"The School of Education hosts an annual Parenting Skills Seminar on childhood development and behavioral strategies."
public_events|"Hosting a DIY Repair Workshop (e.g., bicycle, small electronics) facilitated by engineering students."
public_events|"Providing a free dedicated parking area and clear signage for all major public events on campus."
public_events|"Hosting a Science Discovery Day on the main campus every spring, featuring hands-on activities and faculty demonstrations."
public_events|"Organizing a monthly Public Lecture Series featuring talks by prominent faculty and visiting scholars on diverse subjects."
public_events|"The University Theater hosts at least four free-of-charge public performances (music, drama, dance) throughout the academic year."
public_events|"Sponsoring a Community Film Festival in partnership with local cultural organizations, screening independent and student films."
public_events|"Regularly scheduled public tours of the campus art gallery and museum led by student docents are advertised widely."
public_events|"Hosting an annual Entrepreneurship Showcase where the public can view and interact with student and faculty start-up projects."
public_events|"Organizing town-hall style discussions on major societal issues (e.g., climate change, affordable housing) with expert panels."
public_events|"Offering free workshops on practical skills like gardening, basic first aid, or digital photography open to community members."
public_events|"The Astronomy department hosts Star Gazing Nights using the campus observatory telescopes, open to the general public."
public_events|"Collaborating with the local school district to host a regional Math and Science Competition on campus for middle and high schoolers."
public_events|"Inviting the public to attend the PhD thesis defense presentations in select non-confidential fields."
public_events|"Holding a Community Health Fair providing free screenings, wellness workshops, and informational sessions led by nursing students."
public_events|"Organizing a Historical Walking Tour of the campus and surrounding neighborhood, highlighting local heritage."
public_events|"The School of Music hosts open rehearsals for their major ensembles (orchestra, choir) that the public can attend at no cost."
public_events|"Hosting a series of Career Exploration Panels featuring alumni in various professions, open to non-university attendees."
public_events|"Organizing a Book Club led by English faculty, discussing a different contemporary novel each month, open to the community."
public_events|"Sponsoring a Local History Symposium showcasing research on the region, with presentations by academics and community historians."
public_events|"Holding an annual Sustainability Fair showcasing campus and community initiatives related to environmental protection."
public_events|"Inviting the public to a Design Thinking Workshop hosted by the School of Engineering for collaborative problem-solving."
public_events|"Co-hosting a Literary Reading Series with a local bookstore, featuring readings by visiting writers and faculty poets."
public_events|"Offering free introductory exercise classes (e.g., yoga, stretching) at the campus recreation center during off-peak hours."
public_events|"Hosting an annual Technology Trends Forum with presentations on emerging technologies like AI and blockchain, free registration."
public_events|"Organizing a Legal Aid Clinic Information Session to inform the community about free services available."
public_events|"The university hosts a yearly Veterans Appreciation Day with a public ceremony and resource fair."
public_events|"Providing a free shuttle service from local community centers for major on-campus public events to ensure easy access."
public_events|"Annual science fair scheduled for next month featuring student projects from various schools in the region."
public_events|"University hosts a public astronomy night with telescope viewings and lectures from astrophysics professors."
public_events|"The campus theater department holds free performances of classic plays every weekend open to the community."
public_events|"A public debate on artificial intelligence ethics is held at the main auditorium, featuring leading experts from the industry."
public_events|"The universitys annual Cultural Festival celebrates diversity with food, music, and dance from around the world."
public_events|"Public lecture series on climate change features researchers from the environmental science department."
public_events|"The law school hosts a mock trial for a high-profile case, allowing the public to observe and learn about the judicial process."
public_events|"Campus art gallery opens a new exhibition on modern sculpture, with free admission for the entire month."
public_events|"A community health fair offers free basic check-ups, nutritional advice, and talks from medical students and doctors."
public_events|"The university farm holds an open day where families can tour the facilities and learn about sustainable agriculture."
public_events|"A public film screening of an award-winning documentary followed by a Q&A with the director, a university alumnus."
public_events|"The robotics club demonstrates its latest projects in the town square, inviting children to interact with the robots."
public_events|"A weekend coding bootcamp for teenagers is hosted in the universitys computer labs, taught by volunteer CS students."
public_events|"The philosophy department organizes a public Philosophy Cafe where citizens can discuss existential questions over coffee."
public_events|"University sports facilities are opened to the public for a Community Fitness Day with free classes and activities."
public_events|"A public symposium on the future of cities brings together urban planners, architects, and local government officials."
public_events|"The music school holds a free concert in the park featuring the university orchestra and choir."
public_events|"A public book reading and signing event is held with a renowned author who is a professor in the creative writing program."
public_events|"The business school hosts a panel discussion on local economic development, inviting small business owners and entrepreneurs."
public_events|"A public stargazing event is organized on the football field to observe a meteor shower, with guides from the astronomy club."
public_events|"The universitys innovation hub holds a Demo Day where student startups present their ideas to the public and investors."
public_events|"A public history walk around the campus is led by a professor, explaining the architecture and historical significance of buildings."
public_events|"The culinary school hosts a public cooking competition and food tasting event featuring local ingredients."
public_events|"A public workshop on financial literacy and personal investing is offered by the finance department."
public_events|"The universitys green initiative team hosts a public tree-planting day and educational talks on conservation."
public_events|"The university is hosting a free public workshop on effective personal budgetin  next Tuesday evening in the main lecture hall. This workshop will cover topics like the 50/30/20 rule, sinking funds, and using budgeting apps. All local residents are welcome to attend and learn to manage their finances better."
public_events|"All local seniors are invited to attend a free health and wellness semina  at the campus gymnasium next month, featuring talks on nutrition, fall prevention, and memory care. The event will also offer basic health screenings and information from local healthcare providers. It is specifically tailored to meet the needs of the elderly community."
public_events|"The history society hosts a free public discussion on the significance of local war memorial , their historical context, and ongoing debates about their preservation. The event will feature a panel of historians and veterans who will share their perspectives. This forum encourages respectful civic dialogue."
public_events|"The campus theater group offers a free preview performance of their new musica  for the community on Friday night before the official opening. This allows local residents to enjoy high-quality entertainment at no cost. Audience members will have a chance to meet the cast and crew afterward."
public_events|"The School of Architecture hosts a free public exhibition showcasing innovative sustainable housing design  developed by students and faculty. The exhibition features scale models, digital renderings, and detailed floor plans. It is open for viewing every weekday morning during the semester."
public_events|"Community members can attend a free introductory lecture on birdwatching and local ornitholog  next Saturday morning at the campus arboretum. The lecture will cover identification techniques, local species, and recommended viewing spots. Participants are encouraged to bring binoculars."
public_events|"The university is organizing a free 'Career Day' fai  open to all local job seekers, connecting them with employers from diverse industries, including technology, healthcare, and education. Recruiters will be on-site accepting résumés and conducting brief interviews. The fair aims to boost local employment."
public_events|"A free public forum on renewable energy policie  and their impact on local utility rates and job creation will be held in the main conference hall next month. The panel includes state legislators, environmental advocates, and energy industry representatives. The goal is to inform citizens about energy choices."
public_events|"The university choir and orchestra perform a free concert of contemporary and classical musi  every spring in the main auditorium. This annual event is a popular cultural outing for the entire community. No tickets are required, but early arrival is suggested due to high demand."
public_events|"We are hosting a free community workshop on emergency preparedness and basic first aid trainin  next weekend, covering topics like earthquake safety, CPR, and stocking an emergency kit. The workshop is hands-on and led by certified campus safety officers. It aims to increase community resilience."
public_events|"The Faculty of Science hosts a free public 'Physics Demo Day  with interactive experiments, including liquid nitrogen demonstrations and magnetic levitation displays. This family-friendly event is designed to inspire curiosity about science and is open to all ages. Food and refreshments will be provided."
public_events|"A free lecture on the ethical challenges of Artificial Intelligenc  in areas like hiring, autonomous vehicles, and deepfakes is open to the public this month. The speaker is a leading expert in the field of AI ethics. The event is designed to spark critical thought about technology's impact."
public_events|"The university hosts a free public book signing event with a celebrated national poe  in the main library's reading room. The poet will read selections from their latest work and sign copies for attendees. This is a special opportunity for local literature enthusiasts."
public_events|"Local amateur artists are invited to participate in a free outdoor painting and sketching even  on campus grounds next Sunday afternoon. The university provides easels and a limited supply of materials for participants. This creative gathering encourages interaction among local artists."
public_events|"The university offers free tax preparation clinics for low-income residents and senior citizen  every spring during tax season, staffed by accounting students supervised by licensed CPAs. This service helps vulnerable populations file their returns accurately and on time. Appointments are required for this service."
public_events|"The School of Nursing provides free public screenings for diabetes and hypertensio  in the community health clinic on the first Saturday of every month. Nurses and health educators are available to discuss results and preventative strategies with participants. This is an important preventative health service."
public_events|"A free public seminar on conflict resolution in the workplac  will be held in the business school's executive training center next month. The seminar covers techniques for de-escalation, mediation, and effective communication among colleagues. It is aimed at employees and managers alike."
public_events|"The university hosts a free public lecture on the geology of the regio  by a visiting scholar specializing in local geological formations. The lecture will include slides and rock samples for examination by attendees. This event connects the public with regional scientific research."
public_events|"Free guided meditation and yoga sessions are offered to the community on Saturday mornings in the campus wellness cente , led by certified instructors. These sessions are designed to promote mental health and stress reduction for all participants. No prior experience is necessary to join."
public_events|"The Law School hosts a free public moot court competitio  to demonstrate legal proceedings, featuring student teams arguing a fictional case before a panel of local judges. This event gives the public an inside look at the judicial process. A Q&A session follows the final arguments."
public_events|"The university provides free workshops on digital photography basic , including composition, lighting, and camera settings, open to all ages and skill levels. Participants should bring their own digital camera or smartphone. The sessions are led by arts faculty."
public_events|"The School of Education hosts a free seminar for parents on navigating high school choice , including magnet schools, vocational programs, and private options. The seminar provides information on admission criteria and application timelines. It helps parents make informed decisions about their children's education."
public_events|"A free public event showcasing international cuisine  prepared by the university's culinary students is scheduled next month in the student union. Attendees can sample food from various cultures and learn about different cooking techniques. It is a celebration of global diversity and culinary arts."
public_events|"The university hosts a free public forum discussing the impacts of local infrastructure project , such as new road construction and public transit expansion, on neighborhoods. The forum provides a platform for residents to voice concerns and engage with city planners. It promotes civic participation."
public_events|"Free public tours of the campus arboretum and botanical garden  are available every Sunday afternoon, guided by horticultural experts. The tours highlight local flora, sustainable gardening practices, and native plant conservation efforts. They are a relaxing and educational outdoor activity."
public_events|"The School of Social Work holds a free public panel on addressing homelessness in the cit , discussing causes, current interventions, and policy solutions. The panel includes social workers, government officials, and advocates for the unhoused population. It aims to generate actionable community responses."
public_events|"A free public lecture on the history of women in scienc , highlighting their overlooked contributions in fields like biology, physics, and astronomy, is scheduled in the main lecture hall. The talk is part of a series celebrating women's achievements in STEM. It is open to all interested individuals."
public_events|"The university offers free public workshops on genealogy and family history researc , covering digital record searching, DNA testing basics, and interviewing techniques for family members. The sessions are led by library and history staff. They help attendees trace their ancestry."
public_events|"The campus gymnasium hosts a free open house with demonstrations of various sports and fitness classe , including Zumba, rock climbing, and martial arts. Community members can try out facilities and sign up for classes at a discounted community rate. It promotes public physical activity."
public_events|"A free public seminar on avoiding common scams and frau , including phishing, identity theft, and telemarketing scams, is hosted by the university's security department. The seminar provides practical advice and resources for reporting suspicious activity. It aims to protect vulnerable populations."
public_events|"The university holds a free public reading of student-written plays and theatrical scene  in the campus theater, allowing emerging playwrights to showcase their work. This event provides local theater enthusiasts with an opportunity to discover new talent. A reception for the writers follows the performance."
public_events|"The business school hosts a free public workshop on developing a personal investment strateg , covering risk tolerance, asset allocation, and long-term financial goals. The workshop is led by certified financial planners. It offers non-biased advice to the community."
public_events|"A free community-wide blood drive is hosted in the university's main event hal  every semester, in partnership with the local blood bank. The university provides staff, facilities, and promotion for this vital public service. All healthy community members are encouraged to donate blood."
public_events|"The university hosts a free lecture series on the history and culture of neighboring countrie  in the region, featuring experts in international studies and cultural anthropology. The series aims to foster cross-cultural understanding and regional awareness. It is open to all ages."
public_events|"We offer free public workshops on improving memory and cognitive functio  through diet, exercise, and mental exercises, led by researchers from the neuroscience department. These sessions provide evidence-based techniques for brain health. They are popular with seniors and students alike."
public_events|"The School of Journalism hosts a free public seminar on the role of media in democrac , covering topics like press freedom, accountability, and the impact of investigative reporting. The seminar features professional journalists and media critics. It aims to promote a well-informed citizenry."
public_events|"The university provides free public screenings of classic film  from the 20th century, including famous international and American cinema, in the auditorium. The screenings are often followed by a brief discussion led by a film studies professor. It is a free cultural enrichment activity."
public_events|"A free public talk on managing chronic pai  through interdisciplinary approaches, including physical therapy, psychological counseling, and medication options, is offered by the School of Physical Therapy. The talk provides a holistic view of pain management. It is designed to help those living with long-term discomfort."
public_events|"The university hosts a free public workshop on basic home energy auditin , teaching residents how to identify sources of heat loss and improve energy efficiency. The workshop is hands-on and includes a complimentary tool kit for attendees. It helps lower utility bills and environmental impact."
public_events|"The School of Music offers a free masterclass performance open to local musicians and the publi , featuring a world-renowned visiting instrumentalist. Local students have the chance to perform and receive coaching. It is a high-level musical education opportunity."
public_events|"The university is hosting a free public workshop on effective time managemen  for students and professionals next month, covering techniques like the Pomodoro method and priority matrix use. This highly practical session is designed to boost personal and professional efficiency. All attendees receive a free planning journal."
public_events|"Local amateur astronomers are invited to attend the free monthly star-gazing nigh  held at the campus observatory, where they can use high-powered telescopes. Experts from the physics department will provide commentary and identify celestial objects. The event is cancelled in case of cloud cover."
public_events|"The School of Law conducts an annual free public forum discussing recent changes to state-level consumer protection law , focusing on digital privacy and predatory lending. This full-day event includes several different lecture sessions led by legal experts. It is a crucial service providing legal updates to the community."
public_events|"The university hosts a free public storytelling festiva  featuring local writers, poets, and musicians, encouraging community members to share their own narratives. The event will take place in the central campus courtyard on a Saturday afternoon next month. This festival celebrates the power of local voices and creativity."
public_events|"The Faculty of Arts and Humanities is organizing a free public lecture series on the history and impact of local street art and graffiti cultur . The series features local artists and cultural critics who will discuss the evolution and significance of this art form. It aims to promote a broader appreciation of contemporary art."





vocational_training|"The university offers a vocational training program for aspiring early childhood educators seeking state certification. The program combines coursework in child development with supervised practicum experiences in campus childcare centers. Graduates are prepared for careers as preschool teachers, childcare directors, and early intervention specialists."
vocational_training|"We provide vocational certification for teacher assistants and paraprofessionals working in K-12 educational settings. The training covers instructional support strategies, behavior management techniques, and understanding diverse learning needs. Participants develop skills to effectively support classroom teachers and enhance student learning experiences."
vocational_training|"Our vocational program prepares individuals for careers as adult education instructors and literacy tutors in community settings. The curriculum focuses on teaching methodologies for adult learners, English language acquisition techniques, and digital literacy instruction. Graduates find employment in community colleges, adult basic education programs, and workplace literacy initiatives."
vocational_training|"The university's vocational training in educational technology support prepares individuals for roles as technology integration specialists. Participants learn to troubleshoot educational software, manage learning management systems, and support teachers with technology implementation. The program includes hands-on experience with current educational technology tools and platforms."
vocational_training|"We offer vocational certification for special education paraprofessionals working with students with disabilities. The training covers individualized education program implementation, behavior intervention strategies, and adaptive instructional techniques. Graduates are prepared to provide specialized support in inclusive classroom settings."
vocational_training|"The career and technical education department provides vocational training for career counselors and guidance technicians. Participants learn career assessment techniques, educational planning strategies, and college application processes. The program prepares graduates to support students in making informed educational and career decisions."
vocational_training|"Our vocational program in library and information science trains individuals for roles as school library media specialists. The curriculum covers collection development, information literacy instruction, and digital resource management. Graduates are prepared to manage school libraries and support inquiry-based learning across the curriculum."
vocational_training|"The university offers vocational training for assessment coordinators and educational data specialists. Participants learn test administration protocols, data analysis techniques, and reporting procedures. The program prepares individuals to support data-informed decision-making in educational organizations."
vocational_training|"We provide vocational certification for bilingual education aides and cultural liaisons in multilingual schools. The training covers second language acquisition principles, cultural mediation strategies, and bilingual instructional support techniques. Graduates help bridge communication gaps between schools and diverse linguistic communities."
vocational_training|"The educational leadership program offers vocational training for aspiring school administrators and instructional coaches. Participants learn supervisory practices, curriculum leadership, and professional development facilitation. The program combines theoretical knowledge with practical application in school settings."
vocational_training|"Our vocational program in educational media production trains individuals to create instructional materials and digital learning resources. Participants learn video production, graphic design, and interactive content development specifically for educational contexts. Graduates find employment creating educational materials for schools, publishers, and e-learning companies."
vocational_training|"The university's vocational training in STEM education support prepares individuals to assist with science, technology, engineering, and mathematics instruction. Participants learn to manage laboratory equipment, facilitate hands-on activities, and support project-based learning. The program addresses the growing need for STEM education support staff in schools."
vocational_training|"We offer vocational certification for reading specialists and literacy coaches working with struggling readers. The training covers diagnostic assessment, intervention strategies, and coaching techniques for supporting other educators. Graduates are prepared to lead school-wide literacy improvement efforts."
vocational_training|"The special education department provides vocational training for behavior intervention specialists and autism support professionals. Participants learn applied behavior analysis techniques, positive behavior support strategies, and communication intervention methods. The program prepares individuals to work with students with significant behavioral and communication challenges."
vocational_training|"Our vocational program in educational program coordination trains individuals to manage after-school programs, summer camps, and enrichment activities. Participants learn program development, staff supervision, and evaluation methods for educational programs outside regular school hours. Graduates find employment in community organizations, museums, and recreational facilities offering educational programming."
vocational_training|"The university offers vocational training for distance learning coordinators and online education support specialists. Participants learn to manage virtual learning platforms, support remote instruction, and facilitate online student engagement. The program addresses the growing need for professionals who can support blended and online learning environments."
vocational_training|"We provide vocational certification for early intervention specialists working with infants and toddlers with developmental delays. The training covers developmental assessment, family-centered practices, and early childhood special education strategies. Graduates work in early intervention programs, healthcare settings, and community agencies serving young children with special needs."
vocational_training|"The career technical education department offers vocational training for career pathway coordinators and work-based learning facilitators. Participants learn to develop industry partnerships, coordinate internships, and align curriculum with workforce needs. The program prepares individuals to connect education with career preparation and economic development."
vocational_training|"Our vocational program in educational accessibility prepares individuals to support students with disabilities in accessing curriculum and learning environments. Participants learn about assistive technologies, universal design for learning, and accommodation implementation. Graduates work as accessibility coordinators, assistive technology specialists, and inclusion support staff."
vocational_training|"The university's vocational training in museum education prepares individuals for educational roles in museums, science centers, and cultural institutions. Participants learn to develop educational programs, facilitate gallery interactions, and create interpretive materials. The program combines educational theory with practical experience in informal learning settings."
vocational_training|"We offer vocational certification for outdoor education instructors and environmental education specialists. The training covers experiential learning methods, risk management, and natural science content knowledge. Graduates find employment in outdoor schools, nature centers, and environmental education organizations."
vocational_training|"The educational technology department provides vocational training for learning management system administrators and educational software support specialists. Participants learn to configure educational platforms, provide user support, and analyze usage data. The program addresses the technical support needs of technology-rich educational environments."
vocational_training|"Our vocational program in family engagement coordination trains individuals to build school-family-community partnerships. Participants learn communication strategies, workshop facilitation, and community resource navigation. Graduates work as family liaison specialists, parent coordinators, and community school directors."
vocational_training|"The university offers vocational training for test development specialists and assessment item writers. Participants learn psychometric principles, item writing techniques, and bias review processes. The program prepares individuals to develop high-quality assessments for educational and certification purposes."
vocational_training|"We provide vocational certification for English language teaching assistants in international education contexts. The training covers language teaching methodologies, cross-cultural communication, and materials adaptation for English language learners. Graduates find employment in language schools, international schools, and English immersion programs worldwide."
vocational_training|"The special education department offers vocational training for transition specialists supporting students moving from school to adult life. Participants learn career development, independent living skills instruction, and community resource coordination. The program prepares individuals to help students with disabilities achieve successful post-school outcomes."
vocational_training|"Our vocational program in educational research support trains individuals to assist with data collection, analysis, and research administration. Participants learn research ethics, data management, and statistical software applications. Graduates work as research assistants, data managers, and project coordinators in educational research organizations."
vocational_training|"The university's vocational training in gifted education support prepares individuals to work with advanced and talented learners. Participants learn identification methods, curriculum differentiation strategies, and enrichment program coordination. The program addresses the need for specialized support for gifted students in various educational settings."
vocational_training|"We offer vocational certification for restorative practices facilitators in educational settings. The training covers circle processes, conflict mediation, and relationship-building approaches for creating positive school climates. Graduates work as restorative justice coordinators, climate specialists, and student support staff."
vocational_training|"The educational leadership department provides vocational training for professional development coordinators and instructional coaches. Participants learn adult learning principles, facilitation skills, and change management strategies. The program prepares individuals to support continuous improvement in teaching practice across educational organizations."
vocational_training|"Our vocational program in educational publishing prepares individuals for roles in textbook development, educational media production, and curriculum publishing. Participants learn content development, editorial processes, and digital publishing platforms specific to educational materials. Graduates find employment with educational publishers, curriculum companies, and content development firms."
vocational_training|"The university offers vocational training for study abroad coordinators and international education advisors. Participants learn program development, risk management, and cross-cultural advising for international educational experiences. The program prepares individuals to support global learning opportunities for students."
vocational_training|"We provide vocational certification for literacy tutors in adult basic education and family literacy programs. The training covers reading instruction for adults, numeracy teaching strategies, and digital literacy skills development. Graduates work in adult education centers, library literacy programs, and workplace education initiatives."
vocational_training|"The STEM education department offers vocational training for robotics and coding instructors in K-12 schools and community programs. Participants learn to teach programming concepts, facilitate engineering design challenges, and manage technology-rich learning environments. The program addresses the growing demand for computer science and engineering education at all levels."
vocational_training|"Our vocational program in educational assessment coordination trains individuals to manage standardized testing programs in schools and districts. Participants learn test administration protocols, security procedures, and accommodation implementation for large-scale assessments. Graduates work as assessment coordinators, testing directors, and accountability specialists."
vocational_training|"The university's vocational training in arts education support prepares individuals to assist with visual arts, music, theater, and dance instruction. Participants learn materials management, performance coordination, and studio maintenance for arts education programs. The program supports the infrastructure needs of comprehensive arts education in schools."
vocational_training|"We offer vocational certification for mathematics intervention specialists working with students struggling with math concepts. The training covers diagnostic assessment, targeted intervention strategies, and progress monitoring for mathematics learning difficulties. Graduates work as math coaches, intervention teachers, and mathematics support staff."
vocational_training|"The educational technology integration department provides vocational training for digital learning coaches and technology integration mentors. Participants learn coaching models, technology integration frameworks, and professional development design for educational technology implementation. The program prepares individuals to support effective technology use in teaching and learning."
vocational_training|"Our vocational program in educational program evaluation trains individuals to assess program effectiveness and impact. Participants learn evaluation design, data collection methods, and reporting techniques for educational programs and interventions. Graduates work as evaluation specialists, program analysts, and assessment consultants."
vocational_training|"The university offers vocational training for college access advisors and financial aid specialists. Participants learn college admission processes, financial aid systems, and scholarship administration to support students pursuing higher education. The program prepares individuals to help students navigate postsecondary education pathways."
vocational_training|"We provide vocational certification for early childhood program administrators and childcare center directors. The training covers program management, regulatory compliance, staff supervision, and fiscal operations for early childhood education settings. Graduates are prepared to lead high-quality early childhood programs."
vocational_training|"The special education department offers vocational training for assistive technology specialists supporting students with disabilities. Participants learn to assess technology needs, recommend appropriate tools, and train users on assistive devices and software. The program addresses the specialized technology support needs of students with diverse abilities."
vocational_training|"Our vocational program in educational data analysis trains individuals to interpret and use educational data for improvement purposes. Participants learn data visualization, statistical analysis, and data storytelling techniques specific to educational contexts. Graduates work as data analysts, institutional researchers, and assessment specialists."
vocational_training|"The university's vocational training in science laboratory management prepares individuals to support science instruction in schools and educational institutions. Participants learn laboratory safety, equipment maintenance, inventory management, and experiment preparation for science education. The program supports hands-on science learning through effective laboratory operations."
vocational_training|"We offer vocational certification for bilingual assessment specialists and multicultural evaluation coordinators. The training covers culturally responsive assessment practices, non-discriminatory testing procedures, and interpretation of results for diverse student populations. Graduates work to ensure fair and equitable assessment practices in multilingual educational settings."
vocational_training|"The educational leadership department provides vocational training for after-school program directors and expanded learning coordinators. Participants learn program design, staff development, and partnership building for high-quality after-school and summer learning programs. The program addresses the growing recognition of expanded learning opportunities for student success."
vocational_training|"Our vocational program in educational media literacy prepares individuals to teach critical media analysis and digital citizenship skills. Participants learn media literacy frameworks, digital citizenship curriculum, and contemporary media issues affecting education. Graduates work as media literacy specialists, digital citizenship coordinators, and educational technology instructors."
vocational_training|"The university offers vocational training for curriculum materials developers and educational resource creators. Participants learn instructional design principles, content development processes, and multimedia production for educational materials. The program prepares individuals to create high-quality learning resources for various educational contexts."
vocational_training|"We provide vocational certification for English as a Second Language teaching assistants and bilingual tutors. The training covers second language acquisition theory, ESL teaching methodologies, and cultural sensitivity in language instruction. Graduates support English language learners in mainstream classrooms, ESL programs, and bilingual education settings."
vocational_training|"The STEM education department offers vocational training for science fair coordinators and STEM competition managers. Participants learn event planning, judging coordination, and project development support for student research and innovation events. The program supports the infrastructure of STEM enrichment activities in educational settings."
vocational_training|"Our vocational program in educational facilities management trains individuals to maintain and optimize learning environments. Participants learn classroom design, technology integration in physical spaces, and environmental factors affecting learning. Graduates work as educational facilities coordinators, learning environment specialists, and school plant managers."
vocational_training|"The university's vocational training in educational policy analysis prepares individuals to research and analyze education policy issues. Participants learn policy research methods, legislative processes, and policy implementation analysis. The program prepares individuals for roles in policy organizations, advocacy groups, and government agencies focused on education."
vocational_training|"We offer vocational certification for mindfulness and wellness coordinators in educational settings. The training covers mindfulness techniques, social-emotional learning strategies, and wellness program implementation in schools. Graduates work to support student and staff well-being through comprehensive wellness initiatives."
vocational_training|"The educational technology department provides vocational training for educational game designers and interactive learning developers. Participants learn game-based learning principles, educational game design, and development tools for creating engaging learning games. The program addresses the growing interest in game-based approaches to education."
vocational_training|"Our vocational program in international student services trains individuals to support international students in educational institutions. Participants learn immigration regulations, cross-cultural advising, and programming for international student integration. Graduates work as international student advisors, designated school officials, and global education coordinators."
vocational_training|"The university offers vocational training for educational grant writers and development specialists. Participants learn funding research, proposal development, and grant management specific to educational organizations and programs. The program prepares individuals to secure resources for educational initiatives and innovations."
vocational_training|"We provide vocational certification for dyslexia specialists and reading intervention coordinators. The training covers structured literacy approaches, multisensory teaching techniques, and intervention program management for students with reading difficulties. Graduates work as reading specialists, dyslexia therapists, and literacy intervention coordinators."
vocational_training|"The special education department offers vocational training for inclusion facilitators and co-teaching coordinators. Participants learn collaboration models, differentiation strategies, and inclusive practices for supporting students with disabilities in general education settings. The program prepares individuals to promote successful inclusive education implementation."
vocational_training|"Our vocational program in educational entrepreneurship trains individuals to develop and launch educational innovations and ventures. Participants learn business planning, product development, and market analysis specific to the education sector. Graduates become educational entrepreneurs, edtech founders, and innovation leaders in education."
vocational_training|"The university's vocational training in outdoor education management prepares individuals to lead outdoor and environmental education programs. Participants learn risk management, program administration, and natural resource interpretation for educational purposes. The program supports the operation of outdoor education centers, environmental learning centers, and adventure education programs."
vocational_training|"We offer vocational certification for mathematics laboratory assistants and math resource coordinators. The training covers manipulatives management, technology tools for mathematics, and resource organization to support hands-on mathematics instruction. Graduates work to create rich mathematics learning environments in schools and educational programs."
vocational_training|"The educational leadership department provides vocational training for professional learning community facilitators and collaborative team leaders. Participants learn meeting facilitation, data-driven decision-making processes, and collaborative culture building in educational settings. The program prepares individuals to lead effective professional learning communities."
vocational_training|"Our vocational program in educational communications trains individuals to manage communication and public relations for educational organizations. Participants learn strategic communication planning, crisis communication, and community engagement strategies for schools and educational institutions. Graduates work as communication directors, public information officers, and community relations coordinators."
vocational_training|"The university offers vocational training for college and career readiness coordinators in high schools and community organizations. Participants learn career development theory, college readiness programming, and transition planning for postsecondary education and workforce entry. The program prepares individuals to support students' successful transitions after high school."
vocational_training|"We provide vocational certification for educational tour guides and field trip coordinators. The training covers content development, logistics planning, and educational facilitation for learning experiences outside the classroom. Graduates work with museums, historical sites, nature centers, and educational travel companies."
vocational_training|"The STEM education department offers vocational training for makerspace facilitators and innovation lab managers. Participants learn equipment operation, safety protocols, and project facilitation in makerspace environments. The program supports the growing movement of hands-on, creative learning through making and fabrication."
vocational_training|"Our vocational program in educational assessment accommodation prepares individuals to implement testing accommodations for students with disabilities. Participants learn accommodation guidelines, implementation procedures, and documentation requirements for standardized and classroom assessments. Graduates work as assessment accommodation specialists, accessibility coordinators, and special education assessment support staff."
vocational_training|"The university's vocational training in educational program accreditation prepares individuals to manage accreditation processes for educational institutions. Participants learn accreditation standards, self-study processes, and compliance documentation for various educational accreditation systems. The program prepares individuals to lead accreditation efforts in schools, districts, and educational programs."
vocational_training|"We offer vocational certification for digital portfolio coordinators and learning record managers. The training covers portfolio platform management, artifact selection guidance, and assessment of learning through digital portfolios. Graduates work to implement and manage digital portfolio systems that document and showcase student learning."
vocational_training|"The educational technology integration department provides vocational training for blended learning coordinators and hybrid program managers. Participants learn blended learning models, platform management, and instructional design for combining face-to-face and online learning. The program addresses the growing implementation of blended learning approaches in education."
vocational_training|"Our vocational program in educational volunteer coordination trains individuals to manage volunteer programs in schools and educational organizations. Participants learn volunteer recruitment, training, placement, and recognition strategies specific to educational contexts. Graduates work as volunteer coordinators, community engagement specialists, and partnership managers."
vocational_training|"The university offers vocational training for financial literacy educators in schools and community organizations. Participants learn financial education content, instructional strategies, and program development for teaching financial literacy across age groups. The program prepares individuals to address the critical need for financial education in various educational settings."
vocational_training|"We provide vocational certification for educational program registration and enrollment specialists. The training covers registration systems, enrollment management, and customer service for educational programs and institutions. Graduates work in registrar offices, enrollment management departments, and educational program administration."
vocational_training|"The special education department offers vocational training for positive behavior support specialists and school climate coordinators. Participants learn school-wide positive behavior intervention systems, functional behavior assessment, and behavior support planning. The program prepares individuals to create positive, supportive learning environments for all students."
vocational_training|"Our vocational program in educational data privacy and security trains individuals to protect student information in educational settings. Participants learn data privacy laws, security protocols, and compliance requirements for educational data systems. Graduates work as data privacy officers, security specialists, and compliance coordinators in educational organizations."
vocational_training|"The university's vocational training in educational program marketing prepares individuals to promote educational programs and institutions. Participants learn marketing strategies, brand development, and recruitment techniques specific to the education sector. The program prepares individuals for roles in educational marketing, admissions, and student recruitment."
vocational_training|"We offer vocational certification for gifted program coordinators and talent development specialists. The training covers identification methods, program design, and curriculum development for gifted and talented students. Graduates work as gifted education specialists, talent development coordinators, and advanced learning program managers."
vocational_training|"The educational leadership department provides vocational training for new teacher induction coordinators and mentor program managers. Participants learn induction program design, mentor training, and support systems for beginning teachers. The program addresses the critical need to support and retain new educators in the profession."
vocational_training|"Our vocational program in educational resource coordination trains individuals to manage instructional materials and educational resources. Participants learn inventory systems, resource allocation, and materials selection processes for educational organizations. Graduates work as resource managers, instructional materials coordinators, and media resource specialists."
vocational_training|"The university offers vocational training for educational program data managers and student information system specialists. Participants learn database management, reporting systems, and data integrity practices for educational data. The program prepares individuals to manage the complex data systems that support educational operations and decision-making."
vocational_training|"We provide vocational certification for environmental education program assistants and sustainability coordinators. The training covers environmental education content, program facilitation, and sustainability initiatives in educational settings. Graduates work to integrate environmental literacy and sustainability practices into educational programs."
vocational_training|"The STEM education department offers vocational training for science equipment technicians and laboratory preparation specialists. Participants learn equipment maintenance, experiment setup, and safety compliance for science education laboratories. The program supports hands-on science learning through proper laboratory operations and maintenance."
vocational_training|"Our vocational program in educational program scheduling trains individuals to manage complex scheduling systems in educational institutions. Participants learn master scheduling, course sequencing, and space utilization optimization for schools and educational programs. Graduates work as scheduling coordinators, registrar specialists, and academic program schedulers."
vocational_training|"The university's vocational training in educational intervention coordination prepares individuals to manage multi-tiered systems of support in schools. Participants learn intervention program coordination, progress monitoring, and data analysis for academic and behavioral interventions. The program prepares individuals to lead systematic support systems for student success."
vocational_training|"We offer vocational certification for educational program translation and interpretation services. The training covers translation techniques, interpretation skills, and cultural mediation for educational communications with diverse linguistic communities. Graduates work as educational interpreters, translation specialists, and multilingual communication coordinators."
vocational_training|"The educational technology department provides vocational training for educational video production specialists and multimedia developers. Participants learn video production, editing, and distribution specifically for educational content and online learning. The program addresses the growing demand for high-quality educational video in various learning contexts."
vocational_training|"Our vocational program in educational program logistics trains individuals to manage the operational aspects of educational programs and events. Participants learn logistics planning, resource coordination, and operational systems for educational initiatives. Graduates work as program operations managers, event coordinators, and educational logistics specialists."
vocational_training|"The university offers vocational training for educational program quality assurance specialists and compliance coordinators. Participants learn quality standards, audit processes, and continuous improvement methods for educational programs. The program prepares individuals to ensure program quality and regulatory compliance in educational organizations."
vocational_training|"We provide vocational certification for educational program alumni relations and advancement coordinators. The training covers alumni engagement, fundraising strategies, and relationship management for educational institutions and programs. Graduates work to maintain connections with program graduates and secure ongoing support for educational initiatives."
vocational_training|"The special education department offers vocational training for specialized transportation coordinators for students with disabilities. Participants learn transportation safety, accessibility requirements, and routing optimization for special education transportation services. The program addresses the critical transportation needs of students with disabilities accessing educational programs."
vocational_training|"Our vocational program in educational program documentation prepares individuals to create and manage program documentation and procedural materials. Participants learn technical writing, document design, and knowledge management systems for educational programs. Graduates work as documentation specialists, procedural coordinators, and knowledge management leads in educational organizations."
vocational_training|"The university's vocational training in educational program evaluation coordination prepares individuals to manage program evaluation processes. Participants learn evaluation design, data collection coordination, and reporting for educational program assessments. The program prepares individuals to lead systematic evaluation of educational programs and initiatives."
vocational_training|"We offer vocational certification for educational program partnership coordinators and collaborative initiative managers. Participants learn partnership development, collaboration frameworks, and cross-sector initiative management for educational programs. Graduates work to build and sustain productive partnerships that enhance educational opportunities."
vocational_training|"The educational leadership department provides vocational training for educational program sustainability coordinators and long-term planning specialists. Participants learn sustainability planning, resource development, and strategic planning for educational programs. The program prepares individuals to ensure the long-term viability and impact of educational initiatives."
vocational_training|"Our vocational program in educational program technology integration trains individuals to support technology implementation across educational programs. Participants learn technology integration planning, implementation support, and evaluation of technology use in educational contexts. Graduates work as technology integration specialists, implementation coaches, and educational technology support coordinators."
vocational_training|"The university offers vocational training for educational program assessment coordinators and learning outcomes specialists. Participants learn assessment design, data collection, and analysis of program learning outcomes. The program prepares individuals to lead assessment efforts that demonstrate program effectiveness and inform improvement."
vocational_training|"We provide vocational certification for educational program accessibility coordinators and universal design specialists. Participants learn accessibility standards, universal design principles, and inclusive practices for educational program design and delivery. Graduates work to ensure educational programs are accessible to participants with diverse abilities and needs."
vocational_training|"The STEM education department offers vocational training for STEM program coordinators and initiative managers. Participants learn STEM program development, partnership building, and grant management for science, technology, engineering, and mathematics education initiatives. The program prepares individuals to lead comprehensive STEM education programs in various educational settings."
vocational_training|"Our vocational program in educational program communications management trains individuals to oversee communication for educational programs and initiatives. Participants learn strategic communication, stakeholder engagement, and message development for educational programs. Graduates work as communication managers, public engagement specialists, and program communication coordinators."
vocational_training|"The university's vocational training in educational program data analysis prepares individuals to interpret and use data for program improvement. Participants learn data analysis techniques, visualization methods, and data-informed decision-making for educational programs. The program prepares individuals to transform program data into actionable insights for improvement."
vocational_training|"We offer vocational certification for educational program event coordination and management. Participants learn event planning, logistics management, and program delivery for educational events, conferences, and workshops. Graduates work as event coordinators, conference managers, and educational program delivery specialists."
vocational_training|"The educational technology department provides vocational training for educational program digital content management. Participants learn content management systems, digital asset organization, and content strategy for educational programs. The program prepares individuals to manage the digital content that supports educational program delivery and engagement."
vocational_training|"Our vocational program in educational program stakeholder engagement trains individuals to build and maintain relationships with program stakeholders. Participants learn engagement strategies, relationship management, and community building for educational programs. Graduates work as engagement specialists, community relations coordinators, and stakeholder relationship managers."
vocational_training|"The university offers vocational training for educational program fiscal management and budgeting specialists. Participants learn budget development, financial monitoring, and resource allocation for educational programs. The program prepares individuals to manage the financial aspects of educational programs and ensure fiscal responsibility."
vocational_training|"We provide vocational certification for educational program risk management and safety coordination. Participants learn risk assessment, safety protocols, and emergency planning for educational programs and activities. Graduates work as risk management coordinators, safety specialists, and program compliance officers in educational settings."
vocational_training|"The special education department offers vocational training for educational program transition services coordination. Participants learn transition planning, service coordination, and community connection for students moving between educational programs or to post-school life. The program prepares individuals to support successful transitions for students with diverse needs."
vocational_training|"Our vocational program in educational program cultural competence training prepares individuals to develop and deliver cultural competence education. Participants learn cultural competence frameworks, training design, and facilitation skills for diverse educational settings. Graduates work as diversity trainers, cultural competence coordinators, and inclusive education specialists."
vocational_training|"The university's vocational training in educational program research coordination prepares individuals to manage research activities within educational programs. Participants learn research administration, compliance management, and research support coordination. The program prepares individuals to facilitate research that informs and improves educational program practice."
vocational_training|"The school of engineering offers a six-week vocational training program in renewable energy systems installation for professionals."
vocational_training|"We provide executive education short courses on digital marketing and data analytics for mid-career professionals seeking upskilling."
vocational_training|"A new vocational certification in practical healthcare support has been launched for individuals seeking employment in local clinics."
vocational_training|"The architecture department hosts weekend workshops on sustainable building design for urban planners and construction managers."
vocational_training|"The continuing education program offers a certified course in advanced HVAC (Heating, Ventilation, and Air Conditioning) system installation and repair, focusing on energy efficiency and smart thermostat integration. This hands-on program runs for six months and requires completion of a commercial system maintenance simulation. Graduates are prepared for specialized roles in building services."
vocational_training|"The university provides a one-year vocational training course for becoming a certified dental assistant, covering patient preparation, dental radiography, chairside assisting, and basic lab procedures. The program includes extensive clinical rotations in local dental offices and clinics. Graduates are eligible to sit for the state licensing exam."
vocational_training|"Enrollment is open for the short-term executive education program focused on advanced digital product management and agile development methodologies, including creating user stories and running scrum sprints. This intensive program runs over two weekends and utilizes realistic, team-based product development simulations. It is designed for technology and product leaders."
vocational_training|"A certified course in commercial electrical wiring and National Electrical Code (NEC) compliance is available to non-students, covering safety, conduit bending, circuit design, and troubleshooting for industrial and commercial buildings. This program provides essential skills for the construction trades. It includes practical training in a dedicated lab setting."
vocational_training|"We are offering a weekend intensive workshop on advanced Microsoft Power BI and data modeling for analysts and managers, covering ETL processes, DAX formulas, and creating professional interactive dashboards. The workshop uses real-world business data sets and includes practical, case-based projects. It is highly valued for immediate business intelligence application."
vocational_training|"The technical institute hosts a vocational program for certified diesel engine mechanics, covering diagnostics, repair, and maintenance of heavy-duty truck and industrial diesel engines. The program includes hands-on work with modern diesel equipment and fault code analysis. Graduates receive their industry certification."
vocational_training|"The business school provides an executive program focusing on ethical hacking and penetration testing, including vulnerability assessment, common web application attacks, and defense strategies. This advanced program is designed for cybersecurity professionals and IT managers. It emphasizes practical, legal simulated hacking exercises."
vocational_training|"A short-term, practical course on professional certification preparation for Project Management Professional (PMP) is open to the public, taught by experienced certified PMP instructors. The course covers all ten knowledge areas of the PMBOK Guide. It is a rigorous path to a globally recognized certification."
vocational_training|"The university offers a certificate in court reporting and transcription, covering legal terminology, high-speed typing techniques (stenography or steno mask), and official document production. This non-degree program is ideal for those seeking to work in courtrooms, legal firms, or media transcription. It is offered through intensive remote and in-person sessions."
vocational_training|"The college runs a vocational course providing accreditation for Certified Pharmacy Technicians (CPhT), including dispensing medication, compounding, patient interaction, and understanding state and federal pharmacy laws. The program includes a mandatory clinical practicum at a retail or hospital pharmacy. Graduates are ready for immediate entry into the pharmacy workforce."
vocational_training|"The hospitality school provides executive education on mastering hotel revenue management and dynamic pricing strategies, including forecasting demand, channel management, and optimizing average daily rate (ADR). This specialized course is targeted at hotel general managers and revenue directors. It focuses on maximizing hospitality profitability."
vocational_training|"A short-term course on professional grant writing and proposal development is available, covering research, budgeting, narrative clarity, and adherence to specific funder guidelines for non-profits and academic research. This program is ideal for non-profit staff, researchers, and development officers. It improves essential fundraising skills."
vocational_training|"The university provides vocational training for becoming a certified commercial pilot (fixed-wing or rotary), covering flight dynamics, navigation, meteorology, and FAA regulations. The program includes extensive flight hours in certified aircraft and simulators. Graduates are prepared for their commercial pilot license exams."
vocational_training|"We offer an intensive executive program focused on corporate debt restructuring and bankruptcy analysis, covering valuation in distress, debtor-in-possession financing, and complex negotiation strategies. This course is designed for corporate finance leaders and turnaround specialists. It provides high-level strategic financial knowledge in crisis."
vocational_training|"A certified vocational course in advanced automotive collision repair and refinishing is accepting applications, covering frame straightening, body panel replacement, paint preparation, and clear coat application. The program is hands-on and led by master technicians. It prepares students for industry certifications in auto body repair."
vocational_training|"The university hosts a professional certificate program in machine learning engineering using Python and TensorFlow, focusing on model training, deployment, and performance monitoring in production environments. This highly technical course is crucial for careers in advanced AI and data science. Participants work with cloud-based ML platforms."
vocational_training|"The continuing education unit provides vocational training for physical therapy assistants (PTA), covering therapeutic exercises, massage techniques, electrotherapy, and patient documentation under the supervision of a licensed physical therapist. This program is highly specialized and includes extensive clinical practice. Graduates are prepared for national certification exams."
vocational_training|"A short-term course on practical Japanese for business and manufacturing logistics is open to non-students, focusing on vocabulary, cultural etiquette, and communication skills necessary for automotive and technology supply chain management. The course uses business-specific terminology and scenarios. It is designed for professionals dealing with Japanese partners."
vocational_training|"The university offers an executive education seminar on mastering complex negotiation and conflict resolution, including multi-party negotiations, BATNA analysis, and cross-cultural communication techniques. The seminar heavily relies on role-playing and video-recorded feedback. It is designed for experienced managers and procurement specialists."
vocational_training|"We run a certified vocational program for licensed massage therapists, covering anatomy, physiology, Swedish massage, deep tissue techniques, and ethics in client interaction. The program includes a required number of supervised clinical hours in the campus massage clinic. Graduates support wellness and medical professionals."
vocational_training|"The technical college provides vocational workshops on industrial robotics programming and maintenance, covering teaching pendants, vision systems, troubleshooting, and safety protocols for modern factory automation. These workshops are hands-on, focusing on practical skills for technicians. They are essential for today's automated production lines."
vocational_training|"A short, intensive course on strategic pricing and profitability analysis, covering cost-plus, value-based, and competitive pricing models, and their impact on profit margins, is available to sales and marketing leadership. This program helps companies optimize their revenue streams. It is highly analytical and data-driven."
vocational_training|"The university hosts a professional certificate program in user experience (UX) and user interface (UI) design, covering user research, wireframing, prototyping, and usability testing for web and mobile applications. This practical course is ideal for designers and product teams. It culminates in a professional portfolio review."
vocational_training|"The business school offers an executive education program on corporate governance and board effectiveness, focusing on fiduciary duties, risk oversight, stakeholder communication, and developing high-performing boards. This program is vital for current and aspiring board members. It emphasizes regulatory compliance and best practices."
vocational_training|"A vocational course on phlebotomy technician training is offered by the nursing division, covering venipuncture techniques, specimen collection, lab safety, and patient communication. This program addresses the critical need for skilled staff in clinical laboratories and hospitals. It includes required successful blood draw practical hours."
vocational_training|"We provide professional development training in cloud security and compliance using Zero Trust architecture and DevSecOps principles for cloud engineering teams. This training is focused on securing data and applications in multi-cloud environments. It is crucial for modern IT security professionals."
vocational_training|"The university offers a short course on mastering advanced Tableau and data storytelling techniques for management reporting and business intelligence, covering complex calculations, calculated fields, and guided visual analysis. This highly practical course is designed to communicate data insights persuasively. It is a key tool for executive decision-making."
vocational_training|"The college hosts a vocational certificate program in digital filmmaking and video production, covering camera operation, lighting, sound design, and non-linear editing using industry-standard software. The curriculum prepares graduates for entry-level roles in media production and corporate video. It culminates in a short film project."
vocational_training|"A certified program in commercial building property management and facilities operation is open to all applicants, covering lease administration, tenant relations, maintenance scheduling, and budgeting for large properties. This vocational program is essential for real estate professionals. It prepares students for state property management certifications."
vocational_training|"The university runs an executive education course on leadership coaching and team development, focusing on motivational interviewing, performance feedback, and building high-trust teams. This program is aimed at mid-to-senior level managers and human resources specialists. It emphasizes developing internal talent."
vocational_training|"We offer a short-term, practical course on basic residential masonry and concrete work, covering bricklaying, block installation, concrete mixing, and finishing techniques for walkways and patios. This hands-on course provides practical skills for construction and property maintenance. Safety gear and all materials are provided for training."
vocational_training|"The university provides vocational training for certified dialysis technicians, covering hemodialysis principles, machine operation, water treatment, and patient monitoring during treatment. This program is vital for specialized renal care centers. Graduates are prepared for clinical support roles in nephrology."
vocational_training|"A professional certificate in sports management and athletic administration, focusing on facility operations, budget management, compliance with NCAA rules, and marketing athletic programs, is offered through continuing education. This program is suitable for aspiring sports professionals. It includes a mandatory internship with a local sports organization."
vocational_training|"The technical institute hosts a vocational course on residential and light commercial roof installation and repair, covering shingle, metal, and flat roof systems, insulation, and flashing techniques. This program provides essential trade skills for the construction industry. The training utilizes various roof simulation platforms."
vocational_training|"The university runs an executive education seminar on advanced social media strategy and reputation management, covering platform-specific algorithms, influencer marketing, and handling online crises. This intensive seminar is for experienced digital marketing and communication professionals. It is focused on protecting and growing brand equity."
vocational_training|"A short course on Lean Six Sigma Green Belt certification, covering process mapping, statistical process control (SPC), and waste reduction techniques, is available for non-students. This specialized course is essential for manufacturing and service industry professionals focused on efficiency. It prepares students for the Green Belt certification exam."
vocational_training|"The college offers vocational training in culinary arts and professional cooking certification, covering sanitation, knife skills, classic cooking techniques, and menu planning for commercial kitchens. The program includes supervised practical training in the campus restaurant. Graduates are prepared for immediate employment as line cooks or prep chefs."
vocational_training|"We provide professional development training in ethical AI development and machine learning fairness, covering bias detection, transparency, explainability (XAI), and responsible deployment of AI systems. This course is crucial for anyone building or deploying machine learning models. It focuses on societal and legal implications."
vocational_training|"The university hosts a certificate program in human resources management and employee relations, covering recruitment, compensation, performance management, and labor law compliance. This program helps HR staff manage complex employee issues effectively. It is offered in partnership with the local chapter of SHRM."
vocational_training|"A short-term course on professional lobbying and government relations, focusing on ethics, grassroots advocacy, legislative drafting, and interacting with elected officials, is available through the public policy department. This course helps professionals influence public policy decisions. It includes mandatory mock committee testimony practice."
vocational_training|"The university provides executive education focused on sustainable finance and ESG (Environmental, Social, Governance) investment analysis, covering portfolio screening, impact measurement, and regulatory reporting for sustainable investing. This course helps leaders align financial decisions with sustainability goals. It is crucial for modern asset management."
vocational_training|"A certified course in advanced computer forensics and digital evidence analysis for law enforcement and security professionals is open to the public this semester. The program covers data recovery, chain of custody, mobile device forensics, and courtroom testimony preparation. This highly technical training prepares students for specialized police or private security roles."
vocational_training|"The university offers a professional certificate program in process automation and robotic process automation (RPA), focusing on identifying automation opportunities, building bots, and managing an RPA deployment lifecycle. This program is designed for business analysts and IT staff. It culminates in a fully functioning automation project."
vocational_training|"We run a short-term, intensive vocational workshop on developing effective marketing plans and go-to-market strategies for new products and services. The course is taught by experienced marketing executives. Participants build and present a comprehensive marketing plan during the workshop."
vocational_training|"The continuing education unit provides vocational training for certified sterile processing technicians (CSPT), covering cleaning, decontamination, sterilization, and inventory management of surgical instruments and medical devices. The program includes mandatory supervised training in a hospital setting. This addresses the critical need for infection control staff."
vocational_training|"The university hosts an executive education seminar on global trade compliance and customs regulations, focusing on import/export controls, tariffs, trade agreements, and managing international supply chain documentation. This course is essential for leaders in international logistics and trade. It emphasizes minimizing customs delays and penalties."
vocational_training|"A certified course in precision welding inspection and quality assurance is available to non-students, covering non-destructive testing (NDT), visual inspection, code compliance (e.g., AWS, API), and documentation standards. This specialized course is crucial for quality control in fabrication and construction. It includes extensive lab work and sample testing."
vocational_training|"The university provides vocational training for becoming a certified construction estimator, focusing on quantity takeoff, materials pricing, labor costs, and preparing detailed project bids for residential and commercial construction. The program emphasizes the use of industry-standard estimating software. Graduates are prepared for cost management roles."
vocational_training|"We offer an intensive, short-term program focused on effective healthcare administration and medical practice management for clinic managers and aspiring department heads. This advanced course provides skills in billing, coding, patient scheduling, and regulatory compliance. It is a highly specialized executive education offering for the medical field."
vocational_training|"The technical college runs a certified course on industrial pneumatics and hydraulics systems, covering fluid power principles, component operation, circuit design, and troubleshooting for automated machinery. The program is hands-on, utilizing industrial-grade test benches. It is essential training for maintenance technicians in heavy industry."
vocational_training|"The continuing education program offers a certified course in advanced HVAC (Heating, Ventilation, and Air Conditioning) system installation and repair, focusing on energy efficiency and smart thermostat integration. This hands-on program runs for six months and requires completion of a commercial system maintenance simulation. Graduates are prepared for specialized roles in building services."
vocational_training|"The university provides a one-year vocational training course for becoming a certified dental assistant, covering patient preparation, dental radiography, chairside assisting, and basic lab procedures. The program includes extensive clinical rotations in local dental offices and clinics. Graduates are eligible to sit for the state licensing exam."
vocational_training|"Enrollment is open for the short-term executive education program focused on advanced digital product management and agile development methodologies, including creating user stories and running scrum sprints. This intensive program runs over two weekends and utilizes realistic, team-based product development simulations. It is designed for technology and product leaders."
vocational_training|"A certified course in commercial electrical wiring and National Electrical Code (NEC) compliance is available to non-students, covering safety, conduit bending, circuit design, and troubleshooting for industrial and commercial buildings. This program provides essential skills for the construction trades. It includes practical training in a dedicated lab setting."
vocational_training|"We are offering a weekend intensive workshop on advanced Microsoft Power BI and data modeling for analysts and managers, covering ETL processes, DAX formulas, and creating professional interactive dashboards. The workshop uses real-world business data sets and includes practical, case-based projects. It is highly valued for immediate business intelligence application."
vocational_training|"The technical institute hosts a vocational program for certified diesel engine mechanics, covering diagnostics, repair, and maintenance of heavy-duty truck and industrial diesel engines. The program includes hands-on work with modern diesel equipment and fault code analysis. Graduates receive their industry certification."
vocational_training|"The business school provides an executive program focusing on ethical hacking and penetration testing, including vulnerability assessment, common web application attacks, and defense strategies. This advanced program is designed for cybersecurity professionals and IT managers. It emphasizes practical, legal simulated hacking exercises."
vocational_training|"A short-term, practical course on professional certification preparation for Project Management Professional (PMP) is open to the public, taught by experienced certified PMP instructors. The course covers all ten knowledge areas of the PMBOK Guide. It is a rigorous path to a globally recognized certification."
vocational_training|"The university offers a certificate in court reporting and transcription, covering legal terminology, high-speed typing techniques (stenography or steno mask), and official document production. This non-degree program is ideal for those seeking to work in courtrooms, legal firms, or media transcription. It is offered through intensive remote and in-person sessions."
vocational_training|"The college runs a vocational course providing accreditation for Certified Pharmacy Technicians (CPhT), including dispensing medication, compounding, patient interaction, and understanding state and federal pharmacy laws. The program includes a mandatory clinical practicum at a retail or hospital pharmacy. Graduates are ready for immediate entry into the pharmacy workforce."
vocational_training|"The hospitality school provides executive education on mastering hotel revenue management and dynamic pricing strategies, including forecasting demand, channel management, and optimizing average daily rate (ADR). This specialized course is targeted at hotel general managers and revenue directors. It focuses on maximizing hospitality profitability."
vocational_training|"A short-term course on professional grant writing and proposal development is available, covering research, budgeting, narrative clarity, and adherence to specific funder guidelines for non-profits and academic research. This program is ideal for non-profit staff, researchers, and development officers. It improves essential fundraising skills."
vocational_training|"The university provides vocational training for becoming a certified commercial pilot (fixed-wing or rotary), covering flight dynamics, navigation, meteorology, and FAA regulations. The program includes extensive flight hours in certified aircraft and simulators. Graduates are prepared for their commercial pilot license exams."
vocational_training|"We offer an intensive executive program focused on corporate debt restructuring and bankruptcy analysis, covering valuation in distress, debtor-in-possession financing, and complex negotiation strategies. This course is designed for corporate finance leaders and turnaround specialists. It provides high-level strategic financial knowledge in crisis."
vocational_training|"A certified vocational course in advanced automotive collision repair and refinishing is accepting applications, covering frame straightening, body panel replacement, paint preparation, and clear coat application. The program is hands-on and led by master technicians. It prepares students for industry certifications in auto body repair."
vocational_training|"The university hosts a professional certificate program in machine learning engineering using Python and TensorFlow, focusing on model training, deployment, and performance monitoring in production environments. This highly technical course is crucial for careers in advanced AI and data science. Participants work with cloud-based ML platforms."
vocational_training|"The continuing education unit provides vocational training for physical therapy assistants (PTA), covering therapeutic exercises, massage techniques, electrotherapy, and patient documentation under the supervision of a licensed physical therapist. This program is highly specialized and includes extensive clinical practice. Graduates are prepared for national certification exams."
vocational_training|"A short-term course on practical Japanese for business and manufacturing logistics is open to non-students, focusing on vocabulary, cultural etiquette, and communication skills necessary for automotive and technology supply chain management. The course uses business-specific terminology and scenarios. It is designed for professionals dealing with Japanese partners."
vocational_training|"The university offers an executive education seminar on mastering complex negotiation and conflict resolution, including multi-party negotiations, BATNA analysis, and cross-cultural communication techniques. The seminar heavily relies on role-playing and video-recorded feedback. It is designed for experienced managers and procurement specialists."
vocational_training|"We run a certified vocational program for licensed massage therapists, covering anatomy, physiology, Swedish massage, deep tissue techniques, and ethics in client interaction. The program includes a required number of supervised clinical hours in the campus massage clinic. Graduates support wellness and medical professionals."
vocational_training|"The technical college provides vocational workshops on industrial robotics programming and maintenance, covering teaching pendants, vision systems, troubleshooting, and safety protocols for modern factory automation. These workshops are hands-on, focusing on practical skills for technicians. They are essential for today's automated production lines."
vocational_training|"A short, intensive course on strategic pricing and profitability analysis, covering cost-plus, value-based, and competitive pricing models, and their impact on profit margins, is available to sales and marketing leadership. This program helps companies optimize their revenue streams. It is highly analytical and data-driven."
vocational_training|"The university hosts a professional certificate program in user experience (UX) and user interface (UI) design, covering user research, wireframing, prototyping, and usability testing for web and mobile applications. This practical course is ideal for designers and product teams. It culminates in a professional portfolio review."
vocational_training|"The business school offers an executive education program on corporate governance and board effectiveness, focusing on fiduciary duties, risk oversight, stakeholder communication, and developing high-performing boards. This program is vital for current and aspiring board members. It emphasizes regulatory compliance and best practices."
vocational_training|"A vocational course on phlebotomy technician training is offered by the nursing division, covering venipuncture techniques, specimen collection, lab safety, and patient communication. This program addresses the critical need for skilled staff in clinical laboratories and hospitals. It includes required successful blood draw practical hours."
vocational_training|"We provide professional development training in cloud security and compliance using Zero Trust architecture and DevSecOps principles for cloud engineering teams. This training is focused on securing data and applications in multi-cloud environments. It is crucial for modern IT security professionals."
vocational_training|"The university offers a short course on mastering advanced Tableau and data storytelling techniques for management reporting and business intelligence, covering complex calculations, calculated fields, and guided visual analysis. This highly practical course is designed to communicate data insights persuasively. It is a key tool for executive decision-making."
vocational_training|"The college hosts a vocational certificate program in digital filmmaking and video production, covering camera operation, lighting, sound design, and non-linear editing using industry-standard software. The curriculum prepares graduates for entry-level roles in media production and corporate video. It culminates in a short film project."
vocational_training|"A certified program in commercial building property management and facilities operation is open to all applicants, covering lease administration, tenant relations, maintenance scheduling, and budgeting for large properties. This vocational program is essential for real estate professionals. It prepares students for state property management certifications."
vocational_training|"The university runs an executive education course on leadership coaching and team development, focusing on motivational interviewing, performance feedback, and building high-trust teams. This program is aimed at mid-to-senior level managers and human resources specialists. It emphasizes developing internal talent."
vocational_training|"We offer a short-term, practical course on basic residential masonry and concrete work, covering bricklaying, block installation, concrete mixing, and finishing techniques for walkways and patios. This hands-on course provides practical skills for construction and property maintenance. Safety gear and all materials are provided for training."
vocational_training|"The university provides vocational training for certified dialysis technicians, covering hemodialysis principles, machine operation, water treatment, and patient monitoring during treatment. This program is vital for specialized renal care centers. Graduates are prepared for clinical support roles in nephrology."
vocational_training|"A professional certificate in sports management and athletic administration, focusing on facility operations, budget management, compliance with NCAA rules, and marketing athletic programs, is offered through continuing education. This program is suitable for aspiring sports professionals. It includes a mandatory internship with a local sports organization."
vocational_training|"The technical institute hosts a vocational course on residential and light commercial roof installation and repair, covering shingle, metal, and flat roof systems, insulation, and flashing techniques. This program provides essential trade skills for the construction industry. The training utilizes various roof simulation platforms."
vocational_training|"The university runs an executive education seminar focused on advanced social media strategy and reputation management, covering platform-specific algorithms, influencer marketing, and handling online crises. This intensive seminar is for experienced digital marketing and communication professionals. It is focused on protecting and growing brand equity."
vocational_training|"A short course on Lean Six Sigma Green Belt certification, covering process mapping, statistical process control (SPC), and waste reduction techniques, is available for non-students. This specialized course is essential for manufacturing and service industry professionals focused on efficiency. It prepares students for the Green Belt certification exam."
vocational_training|"The college offers vocational training in culinary arts and professional cooking certification, covering sanitation, knife skills, classic cooking techniques, and menu planning for commercial kitchens. The program includes supervised practical training in the campus restaurant. Graduates are prepared for immediate employment as line cooks or prep chefs."
vocational_training|"We provide professional development training in ethical AI development and machine learning fairness, covering bias detection, transparency, explainability (XAI), and responsible deployment of AI systems. This course is crucial for anyone building or deploying machine learning models. It focuses on societal and legal implications."
vocational_training|"The university hosts a certificate program in human resources management and employee relations, covering recruitment, compensation, performance management, and labor law compliance. This program helps HR staff manage complex employee issues effectively. It is offered in partnership with the local chapter of SHRM."
vocational_training|"A short-term course on professional lobbying and government relations, focusing on ethics, grassroots advocacy, legislative drafting, and interacting with elected officials, is available through the public policy department. This course helps professionals influence public policy decisions. It includes mandatory mock committee testimony practice."
vocational_training|"The university provides executive education focused on sustainable finance and ESG (Environmental, Social, Governance) investment analysis, covering portfolio screening, impact measurement, and regulatory reporting for sustainable investing. This course helps leaders align financial decisions with sustainability goals. It is crucial for modern asset management."
vocational_training|"A certified course in advanced computer forensics and digital evidence analysis for law enforcement and security professionals is open to the public this semester. The program covers data recovery, chain of custody, mobile device forensics, and courtroom testimony preparation. This highly technical training prepares students for specialized police or private security roles."
vocational_training|"The university offers a professional certificate program in process automation and robotic process automation (RPA), focusing on identifying automation opportunities, building bots, and managing an RPA deployment lifecycle. This program is designed for business analysts and IT staff. It culminates in a fully functioning automation project."
vocational_training|"We run a short-term, intensive vocational workshop on developing effective marketing plans and go-to-market strategies for new products and services. The course is taught by experienced marketing executives. Participants build and present a comprehensive marketing plan during the workshop."
vocational_training|"The continuing education unit provides vocational training for certified sterile processing technicians (CSPT), covering cleaning, decontamination, sterilization, and inventory management of surgical instruments and medical devices. The program includes mandatory supervised training in a hospital setting. This addresses the critical need for infection control staff."
vocational_training|"The university hosts an executive education seminar on global trade compliance and customs regulations, focusing on import/export controls, tariffs, trade agreements, and managing international supply chain documentation. This course is essential for leaders in international logistics and trade. It emphasizes minimizing customs delays and penalties."
vocational_training|"A certified course in precision welding inspection and quality assurance is available to non-students, covering non-destructive testing (NDT), visual inspection, code compliance (e.g., AWS, API), and documentation standards. This specialized course is crucial for quality control in fabrication and construction. It includes extensive lab work and sample testing."
vocational_training|"The university provides vocational training for becoming a certified construction estimator, focusing on quantity takeoff, materials pricing, labor costs, and preparing detailed project bids for residential and commercial construction. The program emphasizes the use of industry-standard estimating software. Graduates are prepared for cost management roles."
vocational_training|"We offer an intensive, short-term program focused on effective healthcare administration and medical practice management for clinic managers and aspiring department heads. This advanced course provides skills in billing, coding, patient scheduling, and regulatory compliance. It is a highly specialized executive education offering for the medical field."
vocational_training|"The technical college runs a certified course on industrial pneumatics and hydraulics systems, covering fluid power principles, component operation, circuit design, and troubleshooting for automated machinery. The program is hands-on, utilizing industrial-grade test benches. It is essential training for maintenance technicians in heavy industry."
vocational_training|"The continuing education program offers a certified course in advanced welding techniques, including TIG and plasma arc welding for industrial fabrication and specialized repairs. This hands-on program runs for four months and requires completion of a comprehensive final project. Graduates are prepared for specialized roles in manufacturing."
vocational_training|"The university provides a one-year vocational training course for becoming a licensed practical nurse (LPN), covering basic patient care, medication administration, and clinical documentation. The program includes extensive clinical rotations in local hospitals and long-term care facilities. Graduates are eligible to sit for the state licensing exam."
vocational_training|"Enrollment is open for the short-term executive education program focused on strategic crisis management and rapid communication during high-stakes corporate emergencies. This intensive program runs over two weekends and utilizes realistic, simulation-based exercises. It is designed for senior leadership and communication professionals."
vocational_training|"A certified course in solar photovoltaic (PV) system installation and maintenance is available to non-students, covering electrical safety, system design, and code compliance for residential and commercial applications. This program provides essential skills for the growing renewable energy sector. It includes practical rooftop simulation training."
vocational_training|"We are offering a weekend intensive workshop on advanced QuickBooks proficiency for small business owners and bookkeepers, covering inventory management, payroll processing, and quarterly tax reporting. The workshop uses the latest software version and includes practical, case-based exercises. It is highly valued for immediate professional application."
vocational_training|"The technical institute hosts a vocational program for certified heavy equipment operators, covering safety protocols, maintenance, and the operation of excavators, bulldozers, and loaders on construction sites. The program includes simulator training and supervised field practice. Graduates receive their operator certification."
vocational_training|"The business school provides an executive program focusing on supply chain risk management, including vulnerability assessment, logistics optimization, and navigating international trade compliance. This advanced program is designed for logistics professionals and operations managers. It emphasizes global supply chain resilience."
vocational_training|"A short-term, practical course on professional certification preparation for Certified Information Systems Security Professional (CISSP) is open to the public, taught by experienced cybersecurity practitioners. The course covers all eight domains of the CISSP common body of knowledge. It is a rigorous path to a highly respected certification."
vocational_training|"The university offers a certificate in paralegal studies, covering legal research, drafting pleadings, client intake, and specific areas like family law and civil litigation. This non-degree program is ideal for those seeking to work in law offices, government agencies, or corporate legal departments. It is offered through evening classes."
vocational_training|"The college runs a vocational course providing accreditation for clinical medical assistants, including basic vitals monitoring, patient history taking, blood draws, and administrative tasks in a doctor's office. The program includes a mandatory clinical practicum at an affiliated clinic. Graduates are ready for immediate entry into the healthcare workforce."
vocational_training|"The hospitality school provides executive education on mastering food and beverage cost control, inventory management, menu engineering, and reducing waste in high-volume restaurant operations. This specialized course is targeted at restaurant managers and executive chefs. It focuses on maximizing profitability in the culinary industry."
vocational_training|"A short-term course on professional technical writing and documentation is available, covering clarity, accuracy, organization, and adherence to industry-specific style guides for manuals and reports. This program is ideal for engineers, scientists, and software developers. It improves essential communication skills."
vocational_training|"The university provides vocational training for becoming a certified drone pilot for commercial applications, including aerial surveying, infrastructure inspection, and precision agriculture mapping. The program covers FAA regulations, flight safety, and advanced data processing. Graduates are prepared for the commercial drone licensing exam."
vocational_training|"We offer an intensive executive program focused on mergers and acquisitions (M&A) strategy, covering valuation, due diligence, negotiation, and post-merger integration challenges. This course is designed for corporate finance leaders and investment bankers. It provides high-level strategic financial knowledge."
vocational_training|"A certified vocational course in residential and commercial plumbing installation and repair is accepting applications, covering drain cleaning, fixture installation, pipe fitting, and water heating system maintenance. The program is hands-on and led by licensed master plumbers. It prepares students for state licensing examinations."
vocational_training|"The university hosts a professional certificate program in data analysis using R and Python programming languages, focusing on statistical modeling, machine learning fundamentals, and data visualization. This highly technical course is crucial for careers in data science. Participants work with real-world data sets."
vocational_training|"The continuing education unit provides vocational training for surgical technology assistants, covering sterile techniques, instrument handling, assisting the surgical team, and patient safety protocols in the operating room. This program is highly specialized and includes extensive simulation lab work. Graduates are prepared for national certification."
vocational_training|"A short-term course on practical business Mandarin Chinese for international trade is open to non-students, focusing on vocabulary, cultural etiquette, and communication skills necessary for manufacturing and logistics discussions. The course uses business-specific terminology and scenarios. It is designed for rapid professional language acquisition."
vocational_training|"The university offers an executive education seminar on mastering complex project risk management, including identifying, analyzing, mitigating, and monitoring risks across large-scale projects. The seminar heavily relies on industry case studies and quantitative risk assessment methods. It is designed for experienced project leaders."
vocational_training|"We run a certified vocational program for physical therapy aides and rehabilitation technicians, covering therapeutic exercises, patient positioning, mobility assistance, and maintaining clinical equipment. The program includes a required clinical internship at a physical rehabilitation center. Graduates support licensed physical therapists."
vocational_training|"The technical college provides vocational workshops on CNC (Computer Numerical Control) machining and advanced manufacturing, covering CAD/CAM software, machine setup, and precision cutting of various materials. These workshops are hands-on, focusing on modern automation skills. They are essential for today's advanced manufacturing industry."
vocational_training|"A short, intensive course on strategic financial planning and corporate budgeting, covering forecasting, capital budgeting, and performance measurement using financial metrics, is available to corporate finance staff. This program helps companies allocate resources effectively and measure success. It is highly analytical and quantitative."
vocational_training|"The university hosts a certificate program in digital marketing strategy, covering SEO, paid advertising (PPC), social media marketing, email campaigns, and analytics tracking. This practical course is ideal for marketing professionals and small business owners. It is focused on generating measurable ROI."
vocational_training|"The business school offers an executive education program on ethical leadership and corporate social responsibility (CSR), focusing on sustainable business practices, stakeholder engagement, and measuring social impact. This program is vital for companies committed to purpose-driven operations. It emphasizes long-term value creation."
vocational_training|"A vocational course on certified nursing assistant (CNA) training is offered by the nursing division, covering vital signs, personal hygiene, feeding, and basic care for residents in hospitals and nursing homes. This program addresses the critical need for frontline patient care staff. It includes required clinical hours under supervision."
vocational_training|"We provide professional development training in advanced techniques for database administration using Oracle and SQL Server, including performance tuning, backup strategies, and security implementation. This training is focused on optimizing large-scale database environments. It is crucial for professionals managing organizational data."
vocational_training|"The university offers a short course on mastering advanced Excel and data visualization techniques for finance and business intelligence, covering Power Query, advanced charting, and dynamic dashboard creation. This highly practical course is designed to turn data into actionable insights. It is a key tool for modern analysis."
vocational_training|"The college hosts a vocational certificate program in graphic design and digital media production, covering Adobe Creative Suite (Photoshop, Illustrator, InDesign), typography, and visual branding principles. The curriculum prepares graduates for entry-level roles in marketing agencies and corporate communications. It culminates in a professional portfolio."
vocational_training|"A certified program in commercial kitchen food safety and ServSafe management certification is open to all applicants, covering critical control points, sanitation protocols, and regulatory compliance for restaurants and food service operations. This vocational program is essential for all food service managers. It prepares students for the nationally recognized ServSafe exam."
vocational_training|"The university runs an executive education course on managing organizational change and culture, focusing on leading teams through restructuring, technology adoption, and mergers. This program is aimed at mid-to-senior level managers. It emphasizes soft skills and change leadership theory."
vocational_training|"We offer a short-term, practical course on basic residential landscaping and lawn care, covering soil testing, plant selection, irrigation system maintenance, and pest management. This hands-on course provides practical skills for property maintenance and small business ownership. All necessary tools are provided for training."
vocational_training|"The university provides vocational training for certified veterinary assistants, covering animal restraint, surgical preparation, lab sample processing, and assisting veterinarians in clinic procedures. This program is vital for the smooth operation of veterinary hospitals. Graduates are prepared for clinical support roles."
vocational_training|"A professional certificate in event planning and convention management, focusing on logistics, budgeting, vendor negotiation, and marketing large-scale public and corporate events, is offered through continuing education. This program is suitable for aspiring event professionals. It includes a mandatory internship with a local event company."
vocational_training|"The technical institute hosts a vocational course on residential and commercial carpentry framing and finishing, covering construction math, power tool safety, wall and roof framing, and interior trim work. This program provides essential trade skills for the construction industry. The training takes place in dedicated construction bays."
vocational_training|"The university runs an executive education seminar focused on advanced digital marketing analytics, covering Google Analytics 4, A/B testing, conversion rate optimization (CRO), and reporting marketing ROI. This intensive seminar is for experienced digital marketers. It is focused on data-driven marketing decision-making."
vocational_training|"A short course on agile project management and Scrum methodologies, covering roles, ceremonies, artifacts, and scaling Scrum in large organizations, is available for non-students. This specialized course is essential for modern software development and IT projects. It prepares students for the Certified ScrumMaster (CSM) exam."
vocational_training|"The college offers vocational training in early childhood education certification, covering child development, classroom management, curriculum design, and state licensing requirements for preschool and daycare teachers. The program includes supervised student teaching hours. Graduates are prepared for immediate employment in childcare settings."
vocational_training|"We provide professional development training in cloud computing architecture and deployment using AWS and Azure platforms for IT infrastructure professionals. This course is crucial for anyone managing cloud environments. It focuses on practical setup, security, and cost optimization of cloud services."
vocational_training|"The university hosts a certificate program in non-profit fundraising and development, covering grant writing, major gifts solicitation, capital campaigns, and ethical fundraising practices. This program helps non-profit staff secure essential funding. It is offered in partnership with the state association of non-profits."
vocational_training|"A short-term course on persuasive public speaking for sales and professional presentations, focusing on audience engagement, storytelling, and developing compelling content, is available through the communication studies department. This course helps professionals close deals and communicate ideas effectively. It includes mandatory video recording of practice speeches."
vocational_training|"The university provides executive education focused on corporate sustainability reporting and compliance with international standards like GRI and SASB. This course helps leaders measure and report on their environmental, social, and governance (ESG) performance. It is crucial for attracting socially responsible investment."
vocational_training|"A certified course in advanced computer networking and Cisco router configuration for network administration and troubleshooting is open to the public this semester. The program covers routing protocols, network security, and local area network (LAN) design. This highly technical training prepares students for Cisco certification exams."
vocational_training|"The university offers a professional certificate program in advanced project quality management and Six Sigma methodologies, focusing on process improvement, defect reduction, and statistical process control. This program is designed for manufacturing and service industry professionals. It culminates in a Black Belt certification project."
vocational_training|"We run a short-term, intensive vocational workshop on developing effective financial models and valuation techniques for startups and small businesses seeking investment. The course is taught by experienced venture capital analysts. Participants build and present a comprehensive financial model during the workshop."
vocational_training|"The continuing education unit provides vocational training for certified home health aides, covering personal care, vital signs monitoring, medication reminders, and light housekeeping for elderly or disabled clients in their homes. The program includes mandatory supervised training in a home setting. This addresses the growing demand for in-home care services."
vocational_training|"The university hosts an executive education seminar on global team leadership and virtual collaboration, focusing on managing productivity and communication across different time zones and cultural backgrounds. This course is essential for leaders in multinational and distributed organizations. It emphasizes digital collaboration tools."
vocational_training|"A certified course in precision machining and metrology is available to non-students, covering advanced measurement techniques, geometric dimensioning and tolerancing (GD&T), and the use of coordinate measuring machines (CMMs). This specialized course is crucial for quality control in high-tech manufacturing. It includes extensive lab work."
vocational_training|"The university provides vocational training for becoming a certified construction safety officer, focusing on OSHA regulations, hazard communication, site inspection protocols, and incident investigation. The program emphasizes creating a culture of safety on the job site. Graduates are prepared for safety management roles."
vocational_training|"We offer an intensive, short-term program focused on effective public administration and municipal management for local government employees and aspiring city managers. This advanced course provides skills in budgeting, policy implementation, and public service delivery. It is a highly specialized executive education offering."
vocational_training|"The technical college runs a certified course on industrial automation and programmable logic controller (PLC) programming, covering ladder logic, sensor technology, and basic robotics control. The program is hands-on, utilizing industrial-grade equipment. It is essential training for maintenance technicians in automated factories."
vocational_training|"The continuing education program offers a certificate in advanced cloud computin  architecture and management for working professionals seeking career advancement. This program is offered entirely online with flexible scheduling and hands-on lab components. Successful completion prepares students for industry certification exams."
vocational_training|"The university provides a nine-month vocational training cours  for certified administrative assistants, covering office technology, scheduling software, and professional business communication. The curriculum is designed to meet the current standards of modern office environments. This course is a pathway to an in-demand professional skill set."
vocational_training|"Enrollment is open for the short-term executive education program focused on ethical leadership and corporate governanc  for senior managers and executives. This intensive program runs for three full weekends and utilizes case studies and group discussions. It aims to instill principles of responsible business practice."
vocational_training|"A certified course in commercial kitchen managemen , food safety regulation compliance, and large-scale catering logistics is available to non-students this spring. This program includes a mandatory practical component in a professional kitchen setting. Graduates are prepared for managerial roles in the hospitality industry."
vocational_training|"We are offering a weekend intensive workshop on grant writing and fundraisin  strategies specifically tailored for non-profit organizations and academic research teams. The workshop includes personalized feedback on draft proposals and expert guidance on identifying funding sources. It is highly practical and skills-focused."
vocational_training|"The technical institute hosts a vocational program for automotive diagnostic and repair technician , covering modern engine management systems, electric vehicles, and emissions control. The hands-on training takes place in the institute's state-of-the-art vehicle repair bays. This course provides necessary technical skills for the automotive sector."
vocational_training|"The business school provides an executive program focusing on data-driven decision-makin , including advanced statistical analysis, predictive modeling, and business intelligence tools. This advanced program is designed for current managers who need to leverage big data in their roles. It is offered in a flexible modular format."
vocational_training|"A short-term, practical course on project management certification (PMP) preparatio  is open to the public, taught by certified industry professionals. The course covers all knowledge areas required by the Project Management Institute's exam. It is an accelerated path to professional certification."
vocational_training|"The university offers a certificate in human resources managemen , covering labor law, talent acquisition, employee relations, and compensation and benefits administration. This non-degree program is ideal for those seeking to enter or advance within the HR field. It is offered through continuing professional education."
vocational_training|"The college runs a vocational course providing accreditation for pharmacy technician , including pharmaceutical calculations, dispensing processes, and inventory management. The program includes both classroom instruction and a required clinical externship at a local pharmacy. Graduates are prepared for state and national licensing."
vocational_training|"The hospitality school provides executive education on advanced hotel revenue managemen , dynamic pricing strategies, and maximizing occupancy rates. This specialized course is targeted at hotel general managers and operations staff. It focuses on using data analytics to optimize profitability."
vocational_training|"A short-term course on professional public relations and corporate communication  is available, covering media relations, crisis communication, and brand messaging across traditional and digital platforms. This program is ideal for individuals in communications or marketing roles. It offers practical, modern PR strategies."
vocational_training|"The university provides vocational training for becoming a licensed commercial driver (CDL , including classroom instruction on safety regulations and extensive behind-the-wheel practice with various vehicle types. This program addresses a critical need for skilled drivers in the local transportation industry. Graduates are ready for the licensing exam."
vocational_training|"We offer an intensive executive program focused on global market entry strategie , including international business law, cross-cultural negotiation, and supply chain logistics for new foreign markets. This course is designed for leaders of companies looking to expand overseas. It provides high-level strategic guidance."
vocational_training|"A certified vocational course in electrical wiring and commercial lighting installatio  is accepting applications, covering code compliance, safety procedures, and advanced troubleshooting of electrical systems. The program is hands-on and led by licensed master electricians. It prepares students for electrical apprenticeship programs."
vocational_training|"The university hosts a professional certificate program in website security and penetration testin , teaching participants how to identify and exploit common security flaws in web applications. This is an in-demand, highly specialized cybersecurity course. Participants engage in ethical hacking exercises."
vocational_training|"The continuing education unit provides vocational training for medical billing and coding specialist , covering CPT, ICD-10, and HCPCS code sets and insurance reimbursement procedures. This program is critical for the administrative side of healthcare. Graduates are prepared for certification exams."
vocational_training|"A short-term course on practical business Spanish for trade and commerc  is open to non-students, focusing on vocabulary, phrases, and cultural etiquette necessary for conducting business with Spanish-speaking partners. The course uses role-playing and real-world business scenarios. It is designed for immediate professional use."
vocational_training|"The university offers an executive education seminar on mastering complex negotiation  in business, legal, and international contexts, using game theory and psychological principles. The seminar heavily relies on simulated negotiation sessions and detailed debriefings. It is designed to hone advanced negotiation skills."
vocational_training|"We run a certified vocational program for phlebotomy technicians and laboratory assistant , covering blood collection techniques, specimen handling, and safety protocols in a clinical setting. The program includes a required number of supervised blood draws to ensure proficiency. Graduates are prepared for immediate employment."
vocational_training|"The technical college provides vocational workshops on advanced welding technique , including TIG, MIG, and stick welding, and specialized metal fabrication for industrial applications. These workshops are hands-on, focusing on precision and structural integrity. They are open to experienced tradespeople seeking new skills."
vocational_training|"A short, intensive course on strategic corporate sustainability reportin , covering ESG (Environmental, Social, and Governance) metrics and international reporting frameworks, is available to corporate employees. This program helps companies meet investor and regulatory demands for transparency. It is highly relevant for today's market."
vocational_training|"The university hosts a certificate program in bookkeeping and QuickBooks software operatio , teaching participants how to manage accounts payable, accounts receivable, payroll, and financial statements for small businesses. This practical course is ideal for aspiring bookkeepers and small business owners. It provides essential accounting software skills."
vocational_training|"The business school offers an executive education program on leadership in digital transformatio , focusing on managing technological change, adopting new digital platforms, and restructuring organizations for the digital age. This program is vital for companies navigating rapid technological shifts. It emphasizes strategic management."
vocational_training|"A vocational course on home health aide certificatio  is offered by the nursing division, covering personal care, vital sign monitoring, and assisting clients with daily living activities in their homes. This program addresses the growing need for in-home patient support. It includes mandatory clinical training hours."
vocational_training|"We provide professional development training in technical drawing, blueprint interpretation, and computer-aided design (CAD) softwar  for engineering and architecture professionals. This training focuses on the latest industry software and drafting standards. It is crucial for professionals in design and construction."
vocational_training|"The university offers a short course on advanced spreadsheet modeling for finance professional , covering complex formulas, pivot tables, and financial forecasting techniques in Excel. This highly quantitative course is designed to enhance financial analysis skills. It is popular among finance and accounting staff."
vocational_training|"The college hosts a vocational certificate program in office administration and managemen , covering advanced organizational skills, human resources basics, and communication technologies. The curriculum prepares graduates to manage small to medium-sized office environments effectively. It is a comprehensive administrative course."
vocational_training|"A certified program in fire safety and building inspectio  is open to all interested applicants, covering fire codes, inspection protocols, and hazard identification in commercial and residential properties. This vocational program is essential for public safety and compliance roles. It includes practical inspection exercises."
vocational_training|"The university runs an executive education course on managing global teams and diversit , focusing on cross-cultural communication, conflict resolution, and maximizing the performance of international workforces. This program is aimed at managers in multinational corporations. It emphasizes inclusive leadership."
vocational_training|"We offer a short-term, practical course on basic carpentry and woodworking for DIY enthusiast , covering safe tool usage, fundamental cuts, and the construction of simple furniture items. This hands-on course provides practical skills for home improvement projects. All necessary materials are provided."
vocational_training|"The university provides vocational training for certified dietary managers and nutritionist , covering meal planning, therapeutic diets, and food service management in healthcare and institutional settings. This program is vital for roles in hospitals, schools, and nursing homes. Graduates are prepared for certification."
vocational_training|"A professional certificate in digital photography and image editin , focusing on professional portraiture, landscape photography, and post-production techniques using Adobe Creative Suite, is offered through continuing education. This program is suitable for aspiring professional photographers and serious hobbyists. It combines technical skills with artistic theory."
vocational_training|"The technical institute hosts a vocational course on residential and commercial roofing installatio , repair, safety procedures, and material selection for various roof types. This program provides essential trade skills for a high-demand construction specialization. Safety harnesses and equipment are mandatory for all practical work."
vocational_training|"The university runs an executive education seminar focused on crisis communication strategie , reputation management, and effectively engaging with media during high-stakes corporate incidents. This intensive seminar uses realistic simulations of public relations crises. It is designed for organizational spokespersons and C-suite executives."
vocational_training|"A short course on project scheduling and resource allocatio , covering critical path method (CPM), Gantt charts, and advanced scheduling software like Microsoft Project, is available for non-students. This specialized course is essential for experienced project managers. It is focused entirely on practical application."
vocational_training|"The college offers vocational training in pet grooming and animal care certificatio , covering breed-specific grooming techniques, safe handling, and basic first aid for common domestic animals. The hands-on training takes place in the college's animal care lab. Graduates are prepared for work in grooming salons and shelters."
vocational_training|"We provide professional development training in database management using SQL and relational database design principle  for IT professionals and data analysts. This course is crucial for anyone working with structured data and is focused on practical query writing and optimization. It prepares students for industry data roles."
vocational_training|"The university hosts a certificate program in non-profit management and governanc , covering fundraising, board development, strategic planning, and legal compliance for charitable organizations. This program helps community leaders run their organizations more effectively. It is offered in partnership with the local non-profit association."
vocational_training|"A short-term course on effective public speaking for professional setting , focusing on persuasive communication, presentation structure, and body language, is available through the communication studies department. This course helps individuals overcome glossophobia and improve their professional delivery. It includes video analysis of student presentations."
vocational_training|"The university provides executive education focused on corporate crisis managemen  and rapid communication in the event of an emergency or public relations disaster. This course utilizes intensive, real-time crisis simulation exercises for immediate skill application. It is a critical skill for senior leadership teams."
vocational_training|"A certified course in advanced robotic automation and maintenanc  for manufacturing and industrial applications is open to the public this semester. The program covers hydraulics, pneumatics, and programmable logic controller (PLC) programming. This highly technical training is crucial for modern industry."
vocational_training|"The university offers a professional certificate program in advanced project lifecycle managemen , focusing on agile methodologies, risk mitigation, and stakeholder engagement across complex projects. This program is designed for experienced project managers seeking to master high-level strategy. It culminates in a comprehensive project simulation."
vocational_training|"We run a short-term, intensive vocational workshop on developing effective professional pitch deck  and fundraising presentations for startups and entrepreneurs. The course is taught by experienced venture capital investors and successful founders. Participants receive detailed feedback on their final presentations."
vocational_training|"The continuing education unit provides vocational training for becoming a certified physical therapy aid , covering patient positioning, exercise assistance, and administrative tasks in a rehabilitation setting. The program includes both classroom instruction and a required clinical observation component. Graduates support licensed physical therapists."
vocational_training|"The university hosts an executive education seminar on mastering cross-cultural team leadershi  and navigating international business dynamics. This course focuses on building effective communication strategies across diverse cultural backgrounds. It is essential for managing global operations."
vocational_training|"A certified course in commercial hydroponics and controlled environment agricultur  is available to non-students, covering nutrient film technique (NFT), deep water culture, and vertical farming systems. This specialized course addresses the growing need for efficient food production in urban settings. It includes practical operation of on-campus systems."
vocational_training|"The university provides vocational training for becoming a licensed veterinary groomer and pet care specialis , focusing on professional grooming standards for various breeds and identifying signs of animal distress. The program is hands-on, utilizing a dedicated grooming facility. Safety and gentle handling techniques are prioritized."
vocational_training|"We offer an intensive, short-term program focused on effective urban planning and community development advocac  for local government and non-profit staff. This advanced course provides skills in navigating complex bureaucratic and political processes. It is a highly specialized executive education offering."
vocational_training|"The technical college runs a certified course on heavy equipment operation and safety procedure , including training on excavators, loaders, and bulldozers for construction sites. The program includes extensive time in a controlled training environment with equipment simulators. Safety is the foremost focus of the curriculum."
vocational_training|"The business school provides executive education focused on corporate social responsibility and ethics."
vocational_training|"A certified course in basic electronics repair and maintenance is open to the public this semester."
vocational_training|"The university offers a professional certificate program in advanced data visualization and presentation."
vocational_training|"We run a short-term, intensive vocational workshop on creating dynamic website landing pages."
vocational_training|"The continuing education unit provides vocational training for becoming a certified personal fitness trainer."
vocational_training|"The university hosts an executive education seminar on mastering emotional intelligence in leadership."
vocational_training|"A certified course in commercial landscape design and maintenance is available to non-students."
vocational_training|"The university provides vocational training for becoming a licensed veterinary assistant."
vocational_training|"We offer an intensive, short-term program focused on effective public policy analysis and advocacy."
vocational_training|"The technical college runs a certified course on auto body repair and painting."
vocational_training|"The business school provides a short course on advanced negotiation skills for corporate employees."
vocational_training|"A vocational certificate in cybersecurity essentials and network defense is open for enrollment."
vocational_training|"The university hosts a professional development course on technical report writing for engineers."
vocational_training|"We offer an executive education program on maximizing team performance and motivation."
vocational_training|"A short-term, practical course on video editing and production for social media is available."
vocational_training|"The university provides vocational training for becoming a certified emergency medical technician (EMT)."
vocational_training|"The college hosts a certificate program in bookkeeping and financial statement analysis."
vocational_training|"A certified vocational course in commercial refrigeration and air conditioning repair is accepting applicants."
vocational_training|"The university runs an executive education seminar on successful mergers and acquisitions strategies."
vocational_training|"We offer a short course on search engine optimization (SEO) and online content strategy."
vocational_training|"The technical institute provides vocational training in precision machining and fabrication."
vocational_training|"A professional certificate in instructional design and curriculum development is available."
vocational_training|"The university hosts a short-term program on leadership in healthcare administration."
vocational_training|"The business school offers an executive education course on managing organizational culture and change."
vocational_training|"A vocational course on court reporting and transcription services is offered by the legal department."
vocational_training|"We provide professional development training in effective crisis communication and management."
vocational_training|"The university runs a certified program for professional home stagers and interior decorators."
vocational_training|"A short course on project risk management and mitigation is available to working professionals."
vocational_training|"The college offers vocational training in basic plumbing and residential pipefitting."
vocational_training|"The university hosts an executive education seminar on strategic brand management and marketing."
vocational_training|"We provide a short-term, practical course on basic electrical safety and home wiring."
vocational_training|"A certified program for certified medical assistants and clinical technicians is accepting applications."
vocational_training|"The university offers vocational training in solar energy system installation and maintenance."
vocational_training|"The business school runs an executive course on financial literacy for non-financial managers."
vocational_training|"A short course on professional public speaking and presentation delivery is offered."
vocational_training|"The university hosts a certificate program in event planning and logistics management."
vocational_training|"We provide vocational training in advanced commercial cleaning and sanitation protocols."
vocational_training|"The technical college offers a certified course in computer numerical control (CNC) machine operation."
vocational_training|"The university runs an executive education seminar on international trade law and compliance."
vocational_training|"A short-term course on professional social media marketing and analytics is available."
vocational_training|"The continuing education program offers a certificate in advanced cloud computing for working professionals."
vocational_training|"The university provides a nine-month vocational training course for certified administrative assistants."
vocational_training|"Enrollment is open for the short-term executive education program focused on ethical leadership."
vocational_training|"A certified course in commercial kitchen management is available to non-students this spring."
vocational_training|"We are offering a weekend intensive workshop on grant writing and fundraising for non-profits."
vocational_training|"The technical institute hosts a vocational program for automotive diagnostic and repair technicians."
vocational_training|"The business school provides an executive program focusing on data-driven decision-making."
vocational_training|"A short-term, practical course on project management certification (PMP) is open to the public."
vocational_training|"The university offers a certificate in human resources management for career development."
vocational_training|"The college runs a vocational course providing accreditation for pharmacy technicians."
vocational_training|"The hospitality school provides executive education on advanced hotel revenue management."
vocational_training|"A short-term course on professional public relations and corporate communications is available."
vocational_training|"The university provides vocational training for becoming a licensed commercial driver (CDL)."
vocational_training|"We offer an intensive executive program focused on global market entry strategies."
vocational_training|"A certified vocational course in electrical wiring and commercial lighting installation is accepting applications."
vocational_training|"The university hosts a professional certificate program in website security and penetration testing."
vocational_training|"The continuing education unit provides vocational training for medical billing and coding specialists."
vocational_training|"A short-term course on practical business Spanish for trade and commerce is open to non-students."
vocational_training|"The university offers an executive education seminar on mastering complex negotiations."
vocational_training|"We run a certified vocational program for phlebotomy technicians and laboratory assistants."
vocational_training|"The technical college provides vocational workshops on advanced welding techniques and metal fabrication."
vocational_training|"A short, intensive course on strategic corporate sustainability reporting is available."
vocational_training|"The university hosts a certificate program in bookkeeping and QuickBooks software operation."
vocational_training|"The business school offers an executive education program on leadership in digital transformation."
vocational_training|"A vocational course on home health aide certification is offered by the nursing division."
vocational_training|"We provide professional development training in technical drawing and CAD software."
vocational_training|"The university offers a short course on advanced spreadsheet modeling for finance professionals."
vocational_training|"The college hosts a vocational certificate program in office administration and management."
vocational_training|"A certified program in fire safety and building inspection is open to all interested applicants."
vocational_training|"The university runs an executive education course on managing global teams and diversity."
vocational_training|"We offer a short-term, practical course on basic carpentry and woodworking for DIY enthusiasts."
vocational_training|"The university provides vocational training for certified dietary managers and nutritionists."
vocational_training|"A professional certificate in digital photography and image editing is offered through continuing education."
vocational_training|"The technical institute hosts a vocational course on residential and commercial roofing installation."
vocational_training|"The university runs an executive education seminar focused on crisis communication strategies."
vocational_training|"A short course on project scheduling and resource allocation is available for non-students."
vocational_training|"The college offers vocational training in pet grooming and animal care certification."
vocational_training|"We provide professional development in database management using SQL."
vocational_training|"The university hosts a certificate program in non-profit management and governance."
vocational_training|"A short-term course on effective public speaking for professional settings is available."
vocational_training|"The business school runs a six-week executive education program on advanced corporate finance for non-matriculated managers."
vocational_training|"Our technical college offers a certificate course in HVAC repair and installation open to adult learners."
vocational_training|"Enrollment is open for the specialized short program in digital marketing and SEO strategy for small business owners."
vocational_training|"The continuing education unit provides vocational workshops on professional bookkeeping and accounting software."
vocational_training|"We are offering a weekend intensive training seminar on leadership skills and team management."
vocational_training|"A certified course in data entry and administrative assistance is available through the university's outreach division."
vocational_training|"The culinary arts school hosts short, non-degree programs focused on pastry and advanced baking techniques."
vocational_training|"Our institution offers a vocational course providing accreditation in industrial safety and risk management."
vocational_training|"The university provides executive education sessions covering cybersecurity best practices for non-technical leaders."
vocational_training|"A short-term, practical course on web development with Python is available for career transitioners."
vocational_training|"The Business School runs a three-day short course on project management skills for non-students and working professionals."
vocational_training|"Our institution offers an executive education program focusing on advanced data analytics for industry leaders."
vocational_training|"A certified vocational training course in plumbing and electrical maintenance is offered every quarter by the technical college."
vocational_training|"The university hosts a certificate program in digital marketing designed for career changers."
vocational_training|"We are providing a hands-on workshop on professional coding and software development for adult learners."
vocational_training|"Enrollment is open for the specialized short-term course on conflict resolution and leadership for corporate managers."
vocational_training|"The hospitality department provides a weekend culinary certification program for local restaurant staff."
vocational_training|"An accredited welding and fabrication skills course is available to the public at the campus trade center."
vocational_training|"Our executive program offers training in sustainable practices for business operations."
vocational_training|"The college offers a vocational certification in certified nursing assistance (CNA) open to all applicants."
vocational_training|"The university provides a nine-month certificate in paralegal studies for non-students."
vocational_training|"A short course on advanced Excel functions and data visualization is offered through continuing studies."
vocational_training|"The institution hosts a summer vocational training camp focused on automotive repair."
vocational_training|"We are offering an executive education seminar on global supply chain management."
vocational_training|"A certified course on becoming a licensed real estate agent is available this semester."
vocational_training|"The university provides professional development courses in technical report writing."
vocational_training|"A short, intensive program on graphic design and Adobe Suite software is accepting applications."
vocational_training|"We offer vocational training for drone piloting and commercial operation certification."
vocational_training|"The college runs a night class vocational program for medical transcription."
vocational_training|"A certificate in solar panel installation and maintenance is offered to the public."
vocational_training|"The university provides an executive course on change management and organizational development."
vocational_training|"We offer hands-on training for advanced machinery operation in partnership with a local firm."
vocational_training|"A short, non-degree program on financial modeling is open to corporate analysts."
vocational_training|"The technical college hosts a vocational course on residential and commercial painting."
vocational_training|"Our executive education unit offers a customized program on leadership in healthcare."
vocational_training|"A professional certificate in technical writing and documentation is available for non-students."
vocational_training|"The university runs a specialized course on sustainable event planning and management."
vocational_training|"We offer vocational training in basic plumbing and pipefitting."
vocational_training|"A certified program for childcare providers and early learning educators is open for enrollment."
vocational_training|"The institution hosts a short program on advanced negotiation tactics for executives."
vocational_training|"The School of Management offers a short course on Effective Team Leadership and Management for supervisors."
vocational_training|"A specialized four-day Vocational Training Certificate in OSHA compliance and workplace safety is offered."
vocational_training|"Hosting an intensive, five-day Introduction to Machine Learning and AI executive education program."
vocational_training|"Offering a 10-week evening Certificate in Medical Assisting and Patient Care."
vocational_training|"The Fine Arts department provides weekend Advanced Sculpture and Ceramics Workshops."
vocational_training|"A six-week, practical Certificate in Social Media Management and Analytics for marketing professionals."
vocational_training|"Hosting a one-day workshop on Conflict Resolution and Mediation Skills for HR and team leaders."
vocational_training|"The university provides a series of Certified Financial Planner (CFP) Exam Review Courses."
vocational_training|"Offering a Negotiation and Persuasion Executive Course focused on high-stakes communication."
vocational_training|"A specialized Vocational Training Module on advanced plumbing and pipefitting techniques is available."
vocational_training|"Hosting a two-part Digital Forensics and Cybersecurity Investigation Workshop."
vocational_training|"The Architecture department offers a customized Executive Program in Green Building Certification (LEED)."
vocational_training|"A six-session course on Basic Computer Repair and Networking is offered for technical support roles."
vocational_training|"Providing a Project Risk Management Certificate course covering identification and mitigation strategies."
vocational_training|"The Communications department runs a short, practical course on Speechwriting and Executive Communication."
vocational_training|"Offering a Cloud Computing Fundamentals course focusing on AWS and Azure platforms."
vocational_training|"Hosting a series of weekend workshops focused on E-commerce Setup and Online Sales Strategy."
vocational_training|"A Vocational Training Module on advanced welding and non-destructive testing (NDT) is available."
vocational_training|"The university offers a certified Nutrition and Diet Planning Program for wellness coaches."
vocational_training|"Providing a half-day Business Ethics and Corporate Social Responsibility Workshop."
vocational_training|"A Certified Interior Decorating Prep Course is offered as a non-degree executive education option."
vocational_training|"The School of Public Health offers a Certificate in Epidemiology and Disease Surveillance."
vocational_training|"Running a three-day intensive Public Sector Budgeting and Fiscal Management Workshop."
vocational_training|"Offering specialized training in Advanced Robotics Programming and Automation for industrial applications."
vocational_training|"A Vocational Training series focusing on specialized construction techniques (e.g., historical restoration) is held."
vocational_training|"The Technology Transfer office offers a short course on Intellectual Property and Patent Law for Startups."
vocational_training|"Hosting a weekend Executive Education Program on Strategic Negotiation and Conflict Resolution."
vocational_training|"A certified, three-week Vocational Training Course in HVAC system installation and maintenance is provided."
vocational_training|"Offering a four-session Certificate in Advanced Microsoft Excel and Data Management tailored for office staff."
vocational_training|"The School of Social Work runs a course on Trauma-Informed Care Practices for human service professionals."
vocational_training|"A specialized Vocational Training Module on graphic design principles and software utilization is available."
vocational_training|"Hosting an intensive, two-day workshop on Effective Public Speaking and Presentation Skills for business leaders."
vocational_training|"The university provides a Paralegal Studies Certificate Program designed for working adults."
vocational_training|"Offering a course on Supply Chain Management and Logistics for professionals in the manufacturing and distribution sectors."
vocational_training|"A specialized course on Elder Care and Gerontology focusing on best practices for non-medical care providers."
vocational_training|"Hosting a series of workshops focused on Social Media Marketing and Content Creation for small business owners."
vocational_training|"The Engineering department offers an Executive Course in Sustainable Infrastructure Design and Planning."
vocational_training|"A six-week evening course on Basic Accounting and Bookkeeping for self-employed individuals and small enterprises."
vocational_training|"Providing a Certificate in Cybersecurity Auditing and Risk Assessment for IT professionals."
vocational_training|"The Communication department offers a short course on Digital Storytelling and Multimedia Production."
vocational_training|"A specialized Vocational Training Program in advanced automotive diagnostics and electric vehicle repair."
vocational_training|"Hosting a weekend series on Real Estate Investment and Property Management Fundamentals."
vocational_training|"Offering a certified Project Planning and Scheduling Course using industry-standard software."
vocational_training|"The School of Hospitality provides an executive course on International Tourism and Destination Marketing."
vocational_training|"The School of Business offers a six-week Executive Education Programme on Advanced Digital Marketing Strategy."
vocational_training|"A specialized three-day Vocational Training Certificate in Construction Safety Management is offered quarterly."
vocational_training|"Hosting an intensive, two-day Project Management Professional (PMP) Prep Course for local industry professionals."
vocational_training|"Offering a 12-week evening Coding Bootcamp focused on full-stack web development for career changers."
vocational_training|"The Culinary Arts program provides weekend Master Classes in advanced pastry techniques and restaurant management."
vocational_training|"A four-week, practical Certificate in Nonprofit Governance and Fundraising is available for community organization leaders."
vocational_training|"Hosting a one-day workshop on Data Analysis using R and Python tailored for working professionals seeking upskilling."
vocational_training|"The university provides a series of Continuing Legal Education (CLE) Seminars for local attorneys."
vocational_training|"Offering a Leadership Essentials Executive Course that focuses on communication and team-building skills for managers."
vocational_training|"A specialized Vocational Training Module on operating and maintaining solar panel systems is provided."
vocational_training|"Hosting a two-part Financial Modeling and Valuation Workshop for finance professionals and entrepreneurs."
vocational_training|"The Engineering department offers a customized Executive Program in advanced manufacturing processes and robotics."
vocational_training|"A six-session course on Workplace Spanish for healthcare and service industry workers is offered in the evenings."
vocational_training|"Providing a Human Resources Compliance Certificate course covering current labor laws and best practices."
vocational_training|"The Communications department runs a short, practical course on Crisis Communications and Public Relations."
vocational_training|"Offering a Cybersecurity Fundamentals course specifically designed for small business owners and their staff."
vocational_training|"Hosting a series of weekend workshops focused on Small Business Accounting and Tax Preparation."
vocational_training|"A Vocational Training Module on advanced drone piloting and regulatory compliance is available for enthusiasts and professionals."
vocational_training|"The university offers a certified Teaching English as a Foreign Language (TEFL) Program for prospective instructors."
vocational_training|"Providing a half-day Excel Proficiency Workshop focusing on pivot tables, formulas, and data visualization."
vocational_training|"A Certified Ethical Hacker Prep Course is offered as a non-degree executive education option."
vocational_training|"The School of Public Health offers a Certificate in Environmental Impact Assessment for local government and industry."
vocational_training|"Running a three-day intensive Grant Writing and Proposal Development Workshop for researchers and non-profit staff."
vocational_training|"Offering specialized training in Disaster Preparedness and Emergency Management for community responders."
vocational_training|"A Vocational Training series focusing on advanced welding techniques and material science is held at the technical institute."
vocational_training|"Technical skills workshop offered for out-of-school youth focusing on automotive repair and computer maintenance."
vocational_training|"A six-week intensive course in digital marketing is offered for small business owners and entrepreneurs."
vocational_training|"The universitys hospitality school runs a weekend bartending and mixology certification program for the public."
vocational_training|"A vocational training program in renewable energy installation and maintenance is launched for career changers."
vocational_training|"The continuing education department offers a short course on project management fundamentals for working professionals."
vocational_training|"A certified nursing assistant (CNA) training program is hosted on campus in partnership with local hospitals."
vocational_training|"A series of workshops on graphic design software like Adobe Photoshop and Illustrator is open to the community."
vocational_training|"The engineering faculty offers a part-time certificate program in CAD drafting and 3D modeling."
vocational_training|"A short executive education program on Leadership in the Digital Age is offered for mid-level managers."
vocational_training|"A vocational course in web development teaches HTML, CSS, and JavaScript over eight weekends."
vocational_training|"The university partners with a tech company to offer a certified data analytics bootcamp for professionals."
vocational_training|"A course on social media management and content creation is offered for artists and influencers."
vocational_training|"The construction management department offers safety certification workshops (e.g., OSHA) for tradespeople."
vocational_training|"A vocational training program in HVAC (heating, ventilation, and air conditioning) repair is established."
vocational_training|"A short course on bookkeeping and basic accounting practices is offered for small business owners."
vocational_training|"The universitys language center offers intensive vocational language courses for specific industries like tourism and healthcare."
vocational_training|"A certificate program in paralegal studies is offered for those interested in legal support careers."
vocational_training|"A hands-on workshop series teaches advanced sewing and textile skills for aspiring fashion designers."
vocational_training|"The computer science department hosts a coding bootcamp focused on Python for data science."
vocational_training|"A vocational training program in drone piloting and operation is offered for agricultural and surveying applications."
vocational_training|"A short course on event planning and management is available for those looking to enter the industry."
vocational_training|"The business school offers a non-credit certificate in entrepreneurship and business model development."
vocational_training|"A vocational program in medical coding and billing is offered in partnership with the healthcare sector."
vocational_training|"A series of workshops on professional communication and public speaking is open to all."
vocational_training|"The universitys culinary arts institute offers a weekend pastry and baking course for amateur enthusiasts."
vocational_training|"The university offers certificate programs in digital marketing for professionals seeking career advancement."
vocational_training|"Short courses in project management provide practical skills for working adults in various industries."
vocational_training|"Executive education programs in leadership development enhance management capabilities for mid-career professionals."
vocational_training|"Vocational training in healthcare administration prepares students for administrative roles in medical facilities."
vocational_training|"The university's coding bootcamps teach programming skills for career changers entering technology fields."
vocational_training|"Certificate programs in data analytics provide workforce training for high-demand technical roles."
vocational_training|"Short courses in graphic design develop creative skills for marketing and communication professionals."
vocational_training|"Vocational training in renewable energy technologies addresses growing industry needs."
vocational_training|"The university's hospitality management program prepares students for supervisory roles in tourism."
vocational_training|"Executive education in financial analysis enhances skills for banking and investment professionals."
vocational_training|"Certificate programs in cybersecurity address critical workforce needs in information security."
vocational_training|"Short courses in supply chain management improve operational efficiency for logistics professionals."
vocational_training|"Vocational training in paralegal studies prepares students for supporting roles in legal practices."
vocational_training|"The university's construction management program develops skills for building industry professionals."
vocational_training|"Executive education in strategic planning enhances decision-making capabilities for managers."
vocational_training|"Certificate programs in human resources management provide essential skills for HR professionals."
vocational_training|"Short courses in digital photography develop technical skills for aspiring photographers."
vocational_training|"Vocational training in automotive technology addresses skilled labor shortages in transportation."
vocational_training|"The university's real estate licensing program prepares students for careers in property sales."
vocational_training|"Executive education in negotiation skills enhances effectiveness for sales professionals."
vocational_training|"Certificate programs in web development create pathways to technology careers for diverse learners."
vocational_training|"Short courses in public speaking improve communication skills for business professionals."
vocational_training|"Vocational training in culinary arts prepares students for careers in food service industry."
vocational_training|"The university's accounting certificate program provides essential skills for finance careers."
vocational_training|"Executive education in change management helps leaders navigate organizational transitions."
vocational_training|"Certificate programs in social media management address digital marketing workforce needs."
vocational_training|"Short courses in conflict resolution develop mediation skills for workplace professionals."
vocational_training|"Vocational training in welding technology addresses manufacturing industry skill gaps."
vocational_training|"The university's pharmacy technician program prepares students for healthcare support roles."
vocational_training|"Executive education in innovation management enhances product development capabilities."
vocational_training|"Certificate programs in event planning develop skills for hospitality industry careers."
vocational_training|"Short courses in business writing improve professional communication effectiveness."
vocational_training|"Vocational training in electrical systems prepares students for skilled trades employment."
vocational_training|"The university's medical coding program provides essential skills for healthcare administration."
vocational_training|"Executive education in digital transformation helps managers adapt to technological changes."
vocational_training|"Certificate programs in UX design address growing needs in technology product development."
vocational_training|"Short courses in time management improve productivity for working professionals."
vocational_training|"Vocational training in plumbing technology addresses construction industry needs."
vocational_training|"The university's customer service certificate program enhances skills for client-facing roles."
vocational_training|"Executive education in corporate social responsibility develops sustainable business practices."
vocational_training|"Certificate programs in database administration provide technical skills for IT careers."
vocational_training|"Short courses in team leadership develop management capabilities for supervisors."
vocational_training|"Vocational training in HVAC systems addresses climate control industry workforce needs."
vocational_training|"The university's paralegal certification program prepares students for legal support careers."
vocational_training|"Executive education in global business strategies enhances international market understanding."
vocational_training|"Certificate programs in mobile app development address technology industry demands."
vocational_training|"Short courses in emotional intelligence improve workplace relationship management."
vocational_training|"Vocational training in carpentry skills prepares students for construction trades."
vocational_training|"The university's digital marketing certificate program provides current industry skills."
vocational_training|"Executive education in risk management enhances organizational resilience planning."
vocational_training|"Certificate programs in network administration provide infrastructure management skills."
vocational_training|"Short courses in presentation skills enhance professional communication effectiveness."
vocational_training|"Vocational training in automotive repair addresses transportation industry maintenance needs."
vocational_training|"The university's bookkeeping certificate program provides essential accounting skills."
vocational_training|"Executive education in supply chain optimization improves operational efficiency."
vocational_training|"Certificate programs in cybersecurity awareness address organizational security needs."
vocational_training|"Short courses in critical thinking enhance problem-solving capabilities for professionals."
vocational_training|"Vocational training in manufacturing technology addresses industrial production needs."
vocational_training|"The university's administrative assistant program prepares students for office support roles."
vocational_training|"Executive education in talent management enhances human resources capabilities."
vocational_training|"Certificate programs in cloud computing provide current technology infrastructure skills."
vocational_training|"Short courses in business ethics improve decision-making frameworks for managers."
vocational_training|"Vocational training in dental assisting prepares students for healthcare support roles."
vocational_training|"The university's project management certificate program provides essential planning skills."
vocational_training|"Executive education in digital marketing strategies enhances online presence management."
vocational_training|"Certificate programs in quality assurance address manufacturing and service industry needs."
vocational_training|"Short courses in stress management improve workplace wellbeing for professionals."
vocational_training|"Vocational training in IT support provides essential technical assistance skills."
vocational_training|"The university's sales certification program enhances revenue generation capabilities."
vocational_training|"Executive education in business analytics improves data-driven decision making."
vocational_training|"Certificate programs in graphic design software provide current creative tool skills."
vocational_training|"Short courses in customer relationship management enhance client retention strategies."
vocational_training|"Vocational training in medical assisting prepares students for clinical support roles."
vocational_training|"The university's leadership certificate program develops management capabilities."
vocational_training|"Executive education in innovation culture enhances organizational creativity."
vocational_training|"Certificate programs in social media analytics provide digital marketing measurement skills."
vocational_training|"Short courses in meeting facilitation improve group coordination effectiveness."
vocational_training|"Vocational training in pharmacy technology addresses healthcare industry needs."
vocational_training|"The university's business communication certificate program enhances professional interaction skills."
vocational_training|"Executive education in strategic marketing enhances brand development capabilities."
vocational_training|"Certificate programs in software testing provide quality assurance technical skills."
vocational_training|"Short courses in delegation skills improve management efficiency for supervisors."
vocational_training|"Vocational training in cosmetology prepares students for personal care services careers."
vocational_training|"The university's financial planning certificate program provides wealth management skills."
vocational_training|"Executive education in organizational development enhances change implementation capabilities."
vocational_training|"Certificate programs in e-commerce management address online business operational needs."
vocational_training|"Short courses in feedback delivery improve performance management effectiveness."
vocational_training|"Vocational training in veterinary assisting prepares students for animal care support roles."
vocational_training|"The university's operations management certificate program provides process improvement skills."
vocational_training|"Executive education in corporate governance enhances board leadership capabilities."
vocational_training|"Certificate programs in digital content creation provide media production skills."
vocational_training|"Short courses in cultural competency improve diverse workplace management."
vocational_training|"Vocational training in emergency medical services addresses public safety workforce needs."
vocational_training|"The university's entrepreneurship certificate program develops business startup skills."
vocational_training|"Executive education in sustainability management enhances environmental responsibility practices."
vocational_training|"Certificate programs in technical writing provide documentation development skills."
vocational_training|"Short courses in project budgeting improve financial management for team leaders."
vocational_training|"Vocational training in massage therapy prepares students for wellness industry careers."
vocational_training|"The university's public relations certificate program enhances communication strategy skills."
vocational_training|"Executive education in digital leadership enhances technology adoption capabilities."
vocational_training|"Certificate programs in inventory management address supply chain operational needs."
vocational_training|"Short courses in coaching skills improve employee development effectiveness."
vocational_training|"Vocational training in early childhood education prepares students for childcare roles."
vocational_training|"The university's quality management certificate program provides process improvement skills."
vocational_training|"Executive education in business continuity enhances organizational resilience planning."
vocational_training|"Certificate programs in search engine optimization provide digital visibility skills."
vocational_training|"Short courses in remote team management improve distributed workforce coordination."
vocational_training|"Vocational training in fitness instruction prepares students for wellness industry careers."






education_outreach|"University education majors volunteer in after-school literacy programs at local elementary schools serving low-income neighborhoods. They provide one-on-one reading support to struggling readers using evidence-based intervention strategies. This outreach helps close achievement gaps while giving future teachers valuable classroom experience."
education_outreach|"Our faculty members deliver tailored professional development workshops to teachers in rural school districts with limited resources. The sessions focus on implementing innovative teaching strategies and integrating technology into instruction. This knowledge sharing helps elevate teaching quality across the region regardless of school funding levels."
education_outreach|"The science education department organizes mobile laboratory visits to schools without proper science facilities. Graduate students transport portable lab equipment and conduct hands-on experiments with K-12 students. These visits make authentic science experiences accessible to students who would otherwise lack such opportunities."
education_outreach|"We operate a Saturday academic enrichment program for gifted students from underrepresented backgrounds in local school districts. University faculty and advanced education students design challenging curriculum that extends beyond regular classroom content. The program identifies and nurtures academic talent while promoting educational equity."
education_outreach|"The special education department partners with community centers to offer parent education sessions about supporting children with learning differences. Specialists provide information about rights, resources, and evidence-based home strategies. This outreach empowers families to advocate effectively for their children's educational needs."
education_outreach|"Our literacy center sends teams to local libraries to conduct family literacy nights in multiple languages. The events include read-alouds, literacy games, and book distributions to promote reading at home. This outreach supports literacy development across diverse linguistic communities."
education_outreach|"The mathematics education program organizes math carnival events at community centers in underserved neighborhoods. Education students create interactive games that develop mathematical reasoning and positive math attitudes. These events make mathematics engaging and accessible outside formal school settings."
education_outreach|"We coordinate a college awareness program that brings middle school students from under-resourced schools to visit our campus. Current university students serve as mentors and share their educational journeys. The visits demystify higher education and inspire academic aspiration among young adolescents."
education_outreach|"The educational technology department provides digital literacy training to seniors at community centers and retirement homes. Student volunteers teach basic computer skills, internet safety, and video communication with family members. This intergenerational outreach addresses digital divides across age groups."
education_outreach|"Our early childhood education students operate pop-up preschool programs in community spaces in childcare deserts. They provide high-quality early learning experiences where formal preschool options are limited. This outreach supports school readiness while demonstrating the value of early childhood education."
education_outreach|"The environmental education program leads outdoor learning experiences for urban youth who have limited access to natural spaces. University students guide nature exploration and environmental science activities in local parks. These experiences foster environmental connection and science learning beyond classroom walls."
education_outreach|"We partner with local juvenile detention facilities to provide educational programming and tutoring for incarcerated youth. Education faculty and students offer academic support, literacy instruction, and educational planning services. This outreach maintains educational continuity for vulnerable youth during difficult transitions."
education_outreach|"The arts integration initiative sends teams to community centers to lead arts-based learning workshops for children and families. Participants explore academic concepts through visual arts, music, movement, and drama. These workshops demonstrate how arts enhance learning and creative expression."
education_outreach|"Our bilingual education program offers heritage language classes for immigrant children wanting to maintain their native languages. University students develop and teach curriculum that values linguistic diversity while supporting English acquisition. This outreach honors cultural identity while promoting multilingualism."
education_outreach|"The STEM outreach program organizes coding clubs for girls at local community centers and libraries. Female engineering and computer science students serve as mentors and instructors. These clubs address gender disparities in technology fields by building early interest and confidence."
education_outreach|"We operate a mobile book bus that visits neighborhoods with limited access to libraries and bookstores. Education students staff the bus, recommending books and conducting storytimes for children. This literacy outreach puts books directly into communities where they are most needed."
education_outreach|"The educational psychology department provides social-emotional learning workshops to after-school program staff throughout the city. Graduate students share strategies for supporting children's emotional development and positive behavior. This outreach builds capacity for whole-child support across community organizations."
education_outreach|"Our university students volunteer as conversation partners for adult English language learners at community centers. The informal language practice helps immigrants build confidence and fluency in English. This linguistic support facilitates broader community participation and integration."
education_outreach|"The career and technical education program offers job shadowing experiences for high school students considering technical careers. University facilities host students for hands-on exposure to various trades and technical fields. These experiences help students make informed decisions about career pathways."
education_outreach|"We coordinate a science fair mentorship program connecting university science students with K-12 students developing research projects. Mentors provide guidance on experimental design, data analysis, and presentation skills. This support makes science research accessible to young students regardless of school resources."
education_outreach|"The disability services office provides accessibility consultations to community organizations offering educational programs. Specialists recommend accommodations and universal design strategies to include participants with disabilities. This outreach promotes inclusive educational opportunities throughout the community."
education_outreach|"Our educational leadership students facilitate strategic planning sessions for nonprofit organizations running educational programs. They help organizations clarify goals, develop action plans, and establish evaluation systems. This capacity-building support strengthens educational initiatives across the community."
education_outreach|"The mathematics department offers math homework help hotlines staffed by education students evenings and weekends. Students struggling with math assignments can call for immediate assistance and explanation. This just-in-time support prevents frustration and promotes mathematics persistence."
education_outreach|"We operate summer learning programs in partnership with community centers serving low-income neighborhoods. The programs prevent summer learning loss through engaging, project-based activities. This outreach addresses seasonal learning disparities that contribute to achievement gaps."
education_outreach|"The global education center partners with local schools to implement virtual exchange programs with classrooms in other countries. University students facilitate cross-cultural collaborations and global project work. These experiences develop global competence without requiring international travel."
education_outreach|"Our educational policy students provide policy analysis support to community organizations advocating for educational equity. They research policy issues, analyze legislation, and prepare testimony for advocacy efforts. This expertise sharing strengthens community voice in educational policy debates."
education_outreach|"The literacy research center conducts free reading assessments for children at community health fairs and back-to-school events. Specialists identify reading difficulties early and refer families to appropriate resources. This early detection supports timely intervention for struggling readers."
education_outreach|"We organize financial literacy workshops for young adults aging out of foster care and other vulnerable populations. Business and education students teach budgeting, banking, and financial planning skills. This practical education supports successful transition to independent adulthood."
education_outreach|"The environmental education program establishes school garden projects in partnership with elementary schools lacking outdoor learning spaces. University students help design, build, and maintain gardens used for science and nutrition education. These living laboratories make hands-on learning possible in resource-limited settings."
education_outreach|"Our special education students adapt popular board games and activities for children with disabilities at community recreation centers. They modify games to be accessible while maintaining educational value and fun. This inclusion support allows children with diverse abilities to participate fully in community activities."
education_outreach|"The educational technology program loans digital learning kits to community centers serving families without home technology access. Kits include tablets, educational software, and internet hotspots with curated learning resources. This addresses the digital divide that limits educational opportunities."
education_outreach|"We coordinate intergenerational reading programs that pair university students with seniors in assisted living facilities. Participants read together, discuss literature, and build meaningful connections across generations. These relationships combat social isolation while promoting literacy engagement."
education_outreach|"The science education department hosts satellite science clubs at community centers in neighborhoods distant from our campus. Graduate students transport materials and lead weekly investigations into local environmental phenomena. This brings sustained science enrichment to communities with limited STEM programming."
education_outreach|"Our entrepreneurship education students mentor youth business ventures through after-school programs in underserved communities. They guide young entrepreneurs through business planning, marketing, and financial management. This outreach develops innovation mindsets and economic literacy."
education_outreach|"The educational assessment center provides free learning style assessments and study strategy workshops for high school students. Specialists help students understand their learning preferences and develop effective study approaches. This metacognitive support improves academic success across subject areas."
education_outreach|"We operate a traveling makerspace that visits schools and community centers with limited access to fabrication tools. Engineering and education students facilitate design challenges using 3D printers, robotics kits, and other technologies. This makes advanced making experiences available to diverse learner populations."
education_outreach|"The arts education program organizes community art installations that visualize local educational data and stories. University students help community members create artworks that communicate educational needs and aspirations. These creative projects amplify community voice in educational discussions."
education_outreach|"Our bilingual education students provide translation services for parent-teacher conferences at linguistically diverse schools. They ensure clear communication between teachers and families who speak different languages. This language support strengthens home-school partnerships essential for student success."
education_outreach|"The mathematics initiative offers family math nights at homeless shelters and transitional housing facilities. Education students lead activities that make math engaging and accessible using everyday materials. This outreach supports educational continuity for children experiencing housing instability."
education_outreach|"We coordinate a digital storytelling program for youth in residential treatment facilities and group homes. Participants create multimedia narratives that develop literacy skills while processing personal experiences. This therapeutic literacy approach supports both emotional and academic development."
education_outreach|"The educational leadership program provides pro bono consulting to small nonprofit schools and educational startups. Graduate students help organizations with strategic planning, program development, and operational systems. This capacity-building support strengthens emerging educational initiatives."
education_outreach|"Our disability studies students conduct accessibility audits of community spaces that host educational programs. They identify physical, sensory, and cognitive barriers to participation and recommend improvements. This advocacy promotes inclusive community learning environments for people with disabilities."
education_outreach|"The literacy center establishes little free libraries in food deserts and other community spaces with limited book access. Education students maintain the libraries and curate culturally responsive book selections. This micro-library approach puts reading materials where people naturally gather."
education_outreach|"We operate a virtual tutoring program connecting university students with K-12 learners in rural and remote communities. Tutors provide academic support across subject areas using video conferencing and digital whiteboards. This overcomes geographic barriers to educational support."
education_outreach|"The environmental education program leads citizen science projects in partnership with neighborhood associations. Community members collect data on local air quality, biodiversity, and water systems contributing to larger research efforts. These projects connect scientific learning to local environmental concerns."
education_outreach|"Our educational technology students help senior centers establish technology lending libraries and digital learning programs. They provide patient, individualized instruction on using tablets, smartphones, and online resources. This addresses the technology access and literacy needs of older adults."
education_outreach|"The special education department offers sibling support workshops for children who have brothers or sisters with disabilities. Graduate students facilitate discussions and activities that address unique sibling experiences and concerns. This outreach supports the whole family system when a child has special needs."
education_outreach|"We coordinate a youth participatory action research program in partnership with community organizations. High school students investigate educational issues affecting their communities and develop advocacy campaigns. This approach positions youth as knowledge creators and change agents in education."
education_outreach|"The global education center hosts world language and culture camps for elementary students during school breaks. University international students lead activities that introduce children to different languages and cultural traditions. These immersive experiences build early global awareness and language interest."
education_outreach|"Our mathematics education students develop and distribute math activity calendars to families through community centers and clinics. The calendars provide daily, brief mathematics interactions using household materials. This resource supports mathematics learning through simple, consistent family routines."
education_outreach|"The educational policy program hosts community listening sessions about educational issues in neighborhood gathering spaces. Faculty and students document community concerns and aspirations regarding local schools. This grassroots input informs both university research and community advocacy efforts."
education_outreach|"We operate a mobile career exploration lab that visits schools and community events in underserved areas. The lab contains virtual reality experiences, hands-on activities, and information about various career pathways. This makes career education accessible to students with limited exposure to diverse occupations."
education_outreach|"The literacy research center provides decodable text libraries to community-based tutoring programs serving struggling readers. These carefully sequenced texts support systematic phonics instruction in non-school settings. This resource sharing strengthens the instructional quality of community literacy efforts."
education_outreach|"Our educational leadership students facilitate community visioning processes for educational improvement in underserved neighborhoods. They use participatory methods to identify shared educational goals and priorities. This community engagement approach ensures educational initiatives reflect local values and aspirations."
education_outreach|"The STEM education program establishes coding and robotics clubs at youth detention centers and alternative schools. Engineering students mentor participants through project-based learning that develops technical and problem-solving skills. This outreach provides educational engagement for marginalized youth."
education_outreach|"We coordinate intergenerational oral history projects that connect university students with community elders. Participants document local history and cultural traditions through recorded interviews and storytelling. These projects preserve community knowledge while building relationships across generations."
education_outreach|"The special education department offers adapted physical education programs through community recreation centers. Graduate students modify sports and games to include children with diverse physical and cognitive abilities. This inclusion support allows children with disabilities to participate in community sports."
education_outreach|"Our educational technology program provides digital literacy training for parents through family resource centers. Sessions cover educational apps, online safety, and supporting children's technology use for learning. This parental education helps families navigate digital learning environments."
education_outreach|"The mathematics department organizes mathematics circles for advanced elementary students in schools without gifted programs. University mathematics students facilitate explorations of challenging problems that develop deep mathematical thinking. This talent development addresses the needs of advanced learners in under-resourced schools."
education_outreach|"We operate a science toy lending library through community centers in low-income neighborhoods. Families can borrow educational toys, games, and kits that support STEM learning through play. This resource makes hands-on learning materials accessible to families who cannot afford them."
education_outreach|"The arts integration initiative partners with local artists to offer workshops in schools with limited arts programming. University students assist with integrating arts activities into academic content areas. This collaboration brings arts expertise to schools while demonstrating arts integration approaches."
education_outreach|"Our bilingual education program offers heritage language literacy classes for immigrant parents wanting to maintain their native languages. Participants develop reading and writing skills in their home languages while sharing cultural knowledge. This approach values multilingualism as a community asset."
education_outreach|"The educational psychology department provides mindfulness and stress reduction workshops for teachers in high-needs schools. Graduate students teach evidence-based techniques for managing stress and promoting well-being. This support addresses teacher burnout while modeling social-emotional practices."
education_outreach|"We coordinate a youth media program that trains adolescents to create podcasts about educational issues affecting their communities. Participants develop digital literacy skills while amplifying youth perspectives on education. This media production develops both technical skills and civic voice."
education_outreach|"The environmental education program establishes outdoor classrooms in partnership with schools lacking natural spaces on their campuses. University students help design and build learning environments that connect children with nature. These spaces make outdoor learning possible in urban and developed areas."
education_outreach|"Our early childhood education students operate pop-up play spaces in public housing complexes and other communities with limited play opportunities. They provide developmentally appropriate play materials and facilitate play-based learning interactions. This outreach supports early development where formal early childhood programs are unavailable."
education_outreach|"The literacy center coordinates community writing projects that bring together diverse community members to create collective works. Participants develop writing skills while documenting community stories and perspectives. These projects build community connection through shared literacy practices."
education_outreach|"We operate a mobile science demonstration unit that visits festivals, fairs, and other community gatherings. Education students conduct eye-catching science experiments that engage public audiences with scientific concepts. This informal science education reaches people who might not seek out science learning opportunities."
education_outreach|"The educational leadership program provides facilitation training for parent leaders in school communities. Participants learn meeting facilitation, collaborative decision-making, and community organizing skills. This leadership development strengthens parent voice in educational improvement efforts."
education_outreach|"Our special education students develop sensory-friendly community events in partnership with local businesses and organizations. They modify environments and activities to be accessible for individuals with sensory processing differences. This inclusion initiative creates welcoming community experiences for neurodiverse individuals."
education_outreach|"The mathematics education program offers mathematics anxiety reduction workshops for parents and caregivers. Participants learn strategies to address their own math anxieties and support children's positive math development. This intergenerational approach addresses emotional barriers to mathematics learning."
education_outreach|"We coordinate a youth philanthropy program that engages adolescents in grantmaking to community educational projects. Participants learn about community needs, review proposals, and make funding decisions with real money. This experiential learning develops civic engagement and philanthropic literacy."
education_outreach|"The global education center hosts international film screenings and discussions at community centers throughout the city. University international students facilitate conversations about global issues depicted in the films. These events promote global awareness and cross-cultural dialogue in neighborhood settings."
education_outreach|"Our educational technology students help community organizations create accessible digital content for their educational programs. They ensure websites, documents, and multimedia materials meet accessibility standards for people with disabilities. This technical support promotes inclusive digital education across community organizations."
education_outreach|"The literacy research center provides free dyslexia screenings at community health fairs and back-to-school events. Specialists identify potential reading disabilities and refer families to appropriate diagnostic services. This early identification supports timely intervention for struggling readers."
education_outreach|"We operate a traveling history lab that visits senior centers and retirement communities. University students help seniors document personal histories and connect them to broader historical contexts. This intergenerational learning preserves historical knowledge while building meaningful connections."
education_outreach|"The STEM education program establishes family engineering nights at community centers in underserved neighborhoods. Education students facilitate design challenges that engage whole families in collaborative problem-solving. These events develop engineering mindsets through accessible, materials-based activities."
education_outreach|"Our educational policy students provide policy brief translation services for community organizations working with diverse linguistic communities. They translate complex policy information into accessible language in multiple languages. This communication bridge helps ensure all community members can participate in policy discussions."
education_outreach|"The arts education program coordinates community mural projects that visualize educational aspirations in underserved neighborhoods. University students facilitate collaborative design processes and painting events involving community members. These public artworks celebrate education while building community pride."
education_outreach|"We operate a mobile early literacy unit that visits neighborhoods with limited access to libraries and bookstores. Education students conduct storytimes, distribute books, and model early literacy interactions for caregivers. This outreach supports early literacy development where formal resources are scarce."
education_outreach|"The mathematics department offers mathematics enrichment programs for advanced middle school students from underrepresented groups. University mathematics students facilitate explorations of advanced topics beyond standard curriculum. This talent development addresses equity gaps in advanced mathematics participation."
education_outreach|"Our educational leadership students facilitate strategic planning processes for neighborhood associations focused on educational improvement. They help communities identify educational assets, needs, and priorities for collective action. This capacity-building supports community-led educational change efforts."
education_outreach|"The special education department provides adapted recreation programs for adults with disabilities through community partnerships. Graduate students modify activities to ensure full participation and social connection. This lifelong learning approach supports continued growth and community engagement for adults with disabilities."
education_outreach|"We coordinate a youth journalism program that trains adolescents to report on educational issues in their communities. Participants develop research, writing, and digital media skills while investigating local educational topics. This civic journalism develops both literacy skills and community awareness."
education_outreach|"The environmental education program leads nature journaling workshops in urban parks and green spaces. University students guide participants in observing, documenting, and reflecting on natural phenomena. These practices develop scientific observation skills and nature connection in urban environments."
education_outreach|"Our bilingual education students develop multilingual storywalks in partnership with local parks and recreation departments. Pages from children's books are displayed along walking paths in multiple languages. This literacy and physical activity combination promotes both reading and healthy lifestyles."
education_outreach|"The educational technology program provides digital storytelling workshops for older adults at senior centers and retirement communities. Participants learn to create multimedia narratives that preserve personal and community memories. This intergenerational technology use promotes digital inclusion while honoring life experiences."
education_outreach|"We operate a mobile creative writing lab that visits community centers and public spaces. University students facilitate writing workshops that help people of all ages develop writing skills and creative expression. This outreach makes writing support available outside formal educational settings."
education_outreach|"The literacy center coordinates community read-aloud marathons that engage diverse community members in continuous reading. Participants take turns reading aloud from selected texts in public spaces over extended periods. These collective reading events build community connection through shared literacy experiences."
education_outreach|"Our STEM education students facilitate family science nights at homeless shelters and transitional housing facilities. They lead hands-on activities that make science engaging and accessible using simple materials. This educational continuity support helps maintain learning during housing instability."
education_outreach|"The educational psychology department provides resilience-building workshops for youth in foster care and other vulnerable situations. Graduate students teach coping strategies, growth mindset, and self-advocacy skills. This social-emotional support helps youth navigate educational challenges during difficult life circumstances."
education_outreach|"We coordinate a community history project that documents local educational institutions and their impact on neighborhood development. University students conduct oral histories, archival research, and community exhibitions. This historical preservation builds understanding of education's role in community development."
education_outreach|"The global education center hosts international game nights at community centers throughout the city. University international students teach traditional games from their home countries and facilitate cross-cultural play. These informal interactions build global awareness and cross-cultural connections."
education_outreach|"Our educational leadership students provide meeting facilitation services for community organizations addressing educational issues. They ensure productive discussions, inclusive participation, and clear action planning. This process support helps community groups work effectively toward educational improvement."
education_outreach|"The special education department offers assistive technology demonstrations at community events and disability resource fairs. Specialists showcase tools that support learning, communication, and daily living for people with disabilities. This awareness-raising helps connect community members with helpful technologies."
education_outreach|"We operate a mobile mathematics lab that visits community festivals and public gatherings. Education students facilitate engaging mathematics activities that develop mathematical reasoning through games and puzzles. This informal mathematics education reaches people who might avoid formal mathematics learning."
education_outreach|"The arts integration initiative partners with local businesses to create educational window displays in commercial districts. University students help design installations that demonstrate connections between arts and academic concepts. This public education approach brings learning into everyday community spaces."
education_outreach|"Our bilingual education program offers conversational language practice groups at community centers and public libraries. University language students facilitate informal conversations in multiple languages for community members. These low-pressure language practice opportunities support multilingualism as a community asset."
education_outreach|"The educational technology program provides digital citizenship workshops for parents through school partnerships. Sessions cover online safety, privacy protection, and supporting children's responsible technology use. This parental education helps families navigate digital environments together."
education_outreach|"We coordinate a youth poetry program that engages adolescents in writing and performing poetry about educational experiences. Participants develop writing skills while expressing their perspectives on education. This creative outlet supports both literacy development and youth voice in educational discussions."
education_outreach|"The environmental education program establishes school composting projects in partnership with elementary schools. University students help set up systems and integrate composting into science and environmental curriculum. These hands-on projects connect environmental learning to sustainable school practices."
education_outreach|"Our early childhood education students operate pop-up sensory play spaces at community events and public gatherings. They provide developmentally appropriate sensory materials that support early learning through exploration. This outreach promotes the importance of sensory experiences for early development."
education_outreach|"The literacy research center provides free vision screenings and referrals at community back-to-school events. Specialists identify potential vision problems that might affect reading development and academic success. This early detection supports timely intervention for vision-related learning difficulties."
education_outreach|"We operate a mobile history museum that visits schools and community centers with limited access to cultural institutions. Education students facilitate interactive exhibits that bring local history to life through artifacts and stories. This makes historical learning accessible to communities distant from formal museums."
education_outreach|"The mathematics education program offers family financial literacy workshops through community partnerships. Participants learn practical mathematics applications through budgeting, saving, and financial planning activities. This relevant mathematics learning connects abstract concepts to real-life financial decisions."
education_outreach|"Our educational leadership students provide strategic planning support for grassroots educational initiatives in underserved communities. They help organizations clarify goals, develop action plans, and establish evaluation systems. This capacity-building strengthens community-led educational efforts."
education_outreach|"The special education department offers communication partner training for community organizations serving individuals with complex communication needs. Specialists teach strategies for supporting communication using various methods and technologies. This training promotes inclusive communication across community settings."
education_outreach|"We coordinate a youth documentary program that trains adolescents to create short films about educational issues in their communities. Participants develop research, interviewing, and filmmaking skills while investigating local educational topics. This media production develops both technical skills and civic engagement."
education_outreach|"The global education center hosts international cooking classes at community centers throughout the city. University international students teach traditional recipes while sharing cultural context and food traditions. These culinary experiences build cultural awareness and cross-cultural connections through food."
education_outreach|"Our educational technology students help community organizations create digital archives of local educational history and traditions. They digitize materials, create online exhibits, and develop preservation systems. This digital preservation makes community educational heritage accessible to future generations."
education_outreach|"The literacy center coordinates community writing circles that bring together diverse writers for feedback and support. Participants develop writing skills while building connections across different backgrounds and experiences. These writing communities support both literacy development and social connection."
education_outreach|"We operate a mobile science demonstration unit that visits pediatric hospital wards and healthcare facilities. Education students conduct engaging science activities for children facing extended medical treatment. This educational outreach provides learning engagement and normalcy during challenging health circumstances."
education_outreach|"The mathematics department offers mathematics enrichment programs for girls and underrepresented students in middle school. University mathematics students facilitate explorations of advanced topics through collaborative, inquiry-based approaches. This targeted outreach addresses equity gaps in mathematics participation and achievement."
education_outreach|"University students volunteer to run after-school science clubs in local primary schools, conducting fun experiments for children."
education_outreach|"Our faculty members give tailored lectures on financial literacy at community centers, helping adults manage their personal budgets."
education_outreach|"The engineering department organizes hands-on robotics demonstrations at public libraries across the county."
education_outreach|"A student-run scheme partners with senior centers to provide basic computer and internet skills classes for older adults."
education_outreach|"The geology department runs educational workshops on mineral and gemstone identification for local hobbyists and collectors at community centers. Faculty supervise the use of specialized tools and provide insight into the formation of various minerals. The goal is to foster an appreciation for earth science."
education_outreach|"The university hosts a mobile computer lab and technology training program that visits low-income neighborhoods and senior centers, offering free basic computer skills, internet usage, and email setup assistance. This program helps bridge the digital divide for residents with limited technology access. It is staffed by computer science students."
education_outreach|"A student-led initiative offers free academic writing and college essay tutoring to high school students from underserved backgrounds at the local community college. The one-on-one and small-group tutoring helps participants improve their writing skills for successful college applications. The program focuses on narrative development."
education_outreach|"We offer free educational seminars on understanding municipal and school district budgets and how to access and analyze local government financial documents. These seminars are designed to increase residents' ability to hold local government accountable. They are led by public policy and accounting experts."
education_outreach|"The university hosts tailored career exploration workshops for middle school students, introducing them to various careers in renewable energy, sustainability, and green technology. These workshops aim to broaden students' career perspectives toward future-focused industries. They feature diverse role models from environmental fields."
education_outreach|"Faculty lead workshops on effective communication and conflict resolution in the workplace for employees at local businesses and non-profit organizations. These sessions teach practical skills for managing team dynamics and improving productivity. They are a valuable professional development offering."
education_outreach|"The university runs a science intervention program for middle school students struggling with biology and physical science concepts, in partnership with local schools and staffed by science education majors. The program uses hands-on experiments and diagnostic testing to address specific learning gaps. It aims to improve scientific literacy."
education_outreach|"Student volunteers run a weekly after-school financial literacy program at local high schools, teaching budgeting, saving, and the basics of credit management. This program uses interactive simulations and case studies. The program is staffed by business and finance students."
education_outreach|"Faculty from the journalism department conduct free workshops on fact-checking and recognizing media bias in political reporting for various community groups and civic organizations. These workshops help residents consume news critically and participate in informed political discourse. The outreach effort promotes robust democratic engagement."
education_outreach|"The university sponsors a traveling exhibit showcasing artifacts and stories related to local LGBTQ+ history and activism at various community centers and schools. This program aims to present a more inclusive and complete social history of the region. The exhibit is often supplemented by guest lectures from community historians."
education_outreach|"The School of Education leads a mentorship program for high school students interested in technology and coding, pairing them with faculty and student leaders working on campus tech projects. The program includes workshops on software development and hardware engineering. It aims to inspire future innovators."
education_outreach|"Researchers from the School of Public Health provide free educational talks on the risks of excessive alcohol consumption and responsible use, including signs of dependency and local treatment resources. These talks cover safe consumption limits and health impacts. The goal is to promote responsible decision-making and public safety."
education_outreach|"Graduate students host free workshops on digital illustration and graphic tablet usage for youth at local art centers, teaching them how to create digital drawings, comics, and graphic design elements. The workshops focus on technical skills and visual communication. This initiative fosters digital artistry."
education_outreach|"The university provides tailored lectures on preparing for post-graduate education (Master's and Ph.D. programs) to local college students, focusing on application requirements, funding options, and the rigors of academic research. These sessions are designed to encourage progression to advanced degrees. They are a valuable component of academic advising."
education_outreach|"A student-run group offers free workshops on basic home electrical safety and simple lighting fixture replacement for neighborhood residents. These sessions promote electrical safety and basic maintenance skills, especially for first-time homeowners. The workshops are held at the technical college garage with safety supervision."
education_outreach|"The university conducts a mobile outreach program providing free basic mental health screenings and suicide risk assessments to underserved populations in partnership with the local mental health authority. This vital service is staffed by psychology and social work students under faculty supervision. The program also distributes materials on crisis resources."
education_outreach|"Faculty in the environmental science department lead educational workshops on managing and controlling invasive plant and animal species using ecological principles and manual removal methods. These workshops are held at local parks and nature preserves. They promote local biodiversity protection."
education_outreach|"Student volunteers run a weekly after-school tutoring program in advanced mathematics and calculus at local high schools, providing personalized help to students preparing for AP exams and college-level courses. This program uses peer-to-peer instruction to simplify complex concepts. The tutors are primarily mathematics and engineering majors."
education_outreach|"Faculty from the public administration department conduct free workshops on navigating federal and state benefit programs (e.g., SNAP, Medicaid) and the application processes for low-income and vulnerable populations. These workshops help residents understand their eligibility and access essential social services. The sessions often involve local social workers."
education_outreach|"The university sponsors a traveling physics demonstration team that performs engaging, interactive experiments involving mechanics, optics, and electromagnetism at local elementary and middle schools. This program aims to generate curiosity for science through visual and hands-on activities. The team uses safe, large-scale equipment for demonstrations."
education_outreach|"The School of Education leads a mentorship program for high school students interested in social work and counseling careers, pairing them with faculty and practicing social workers in local agencies. The program includes shadowing, case study discussions, and workshops on ethical practice. It aims to develop the next generation of human service professionals."
education_outreach|"Researchers from the School of Public Health provide free educational talks on healthy aging and preventative care for chronic conditions like arthritis and osteoporosis in community centers and senior living facilities. These talks use current medical research and emphasize lifestyle interventions. The goal is to promote independent living for seniors."
education_outreach|"Graduate students host free introductory workshops on data science and basic statistical analysis for young adults and non-profit staff at the local community resource center every semester. The workshops cover data cleaning, visualization, and basic inference using spreadsheet software. This initiative helps organizations leverage data effectively."
education_outreach|"The university provides tailored lectures on media literacy and recognizing deep fakes/disinformation to local high school students and community groups, focusing on source verification, critical thinking, and image manipulation detection. These sessions are crucial for teaching modern digital information skills. They are a valuable component of civic education."
education_outreach|"A student-run group offers free workshops on basic home gardening and indoor plant care for apartment dwellers and neighborhood residents, focusing on container gardening, soil mixing, and natural pest control. These hands-on sessions promote urban sustainability and access to fresh produce. Participants receive starter seeds and soil."
education_outreach|"The university conducts a mobile outreach program providing free vision and hearing screenings for low-income children and the elderly in underserved urban and rural communities. This vital service is staffed by audiology and optometry students under faculty supervision. The program also provides referrals for low-cost follow-up care."
education_outreach|"Faculty in the environmental science department lead educational workshops on stream monitoring and local water quality testing at riverbanks and public parks. These workshops teach citizens how to collect samples and interpret basic water quality indicators. They promote community participation in environmental protection."
education_outreach|"The history department sends speakers to local historical societies and civic groups to discuss regional architectural history, focusing on the preservation and restoration of historic buildings. These talks include original blueprints and detailed photographic records. They aim to support local preservation efforts."
education_outreach|"The university runs a summer robotics and coding camp for high schoolers from low-income families, offering intensive training in software programming and hardware assembly. The camp is held on campus and is free for all participants. It aims to prepare them for competitive university STEM applications."
education_outreach|"The School of Law operates a mobile clinic providing legal rights education to low-income residents regarding consumer scams, predatory lending, and medical debt issues. The clinic is staffed by law students and supervised by licensed consumer protection attorneys. This service addresses critical financial legal needs."
education_outreach|"Student artists lead free photography and digital darkroom workshops for adults with developmental disabilities at community support centers. These sessions use visual media to help participants express themselves and develop a portfolio. The program is supported by the School of Arts and Photography."
education_outreach|"The university partners with local museums to offer educational seminars on non-Western art history and cultural significance, focusing on African, Asian, and Pre-Columbian art forms. These seminars are designed to broaden the public's exposure to global art. They are free to attend at the museum sites."
education_outreach|"The School of Social Work hosts workshops on effective budgeting and financial literacy for young adults aging out of the foster care system, focusing on bank accounts, credit scores, and financial independence. These sessions provide essential life skills for a vulnerable transition. The workshops are led by certified financial counselors."
education_outreach|"Faculty conduct free seminars for local non-profit organizations on marketing, digital presence, and effective communication strategies to reach their target audiences and donors. These seminars are tailored to the challenges faced by smaller community organizations. They are designed to improve the visibility and impact of the non-profit sector."
education_outreach|"The university's nutrition department offers cooking classes and demonstrations focused on healthy eating on a tight budget, including meal planning, bulk shopping, and low-cost recipes. These classes are held at local community kitchens and food banks. The goal is to promote nutrition and affordability."
education_outreach|"A student health group runs educational campaigns in high schools promoting mental health awareness, including information on common disorders, self-care strategies, and local counseling resources. The campaigns use peer-to-peer discussions and psychoeducational materials. This is a crucial public health initiative."
education_outreach|"We operate an outreach program providing basic job interview skills and professional soft skills training to local adults with limited work experience at career resource centers. University students provide mock interviews and resume feedback. The program aims to improve employability outcomes for participants."
education_outreach|"The university sends faculty to agricultural co-ops and farms to provide free consultations on water management, drought adaptation strategies, and efficient irrigation technology specific to local climate conditions. This extension service shares research-based methods with the community. It supports local agricultural resilience."
education_outreach|"The School of Education offers free workshops to local teachers on integrating digital tools and educational software into the daily curriculum, including guidance on maximizing interactive learning platforms. These workshops help educators modernize their teaching methods. Continuing Professional Education credits are often provided for attendance."
education_outreach|"Student volunteers run a mentorship program for high school students interested in law and legal careers, providing guidance on college prerequisites, LSAT preparation, and shadowing opportunities in law offices. This personalized support helps students navigate the complex path to the legal profession. The program is a collaboration with the local bar association."
education_outreach|"The university hosts tailored educational sessions on basic investment planning and managing retirement funds for small business owners and self-employed individuals at various chambers of commerce and business association meetings. These sessions empower entrepreneurs to plan for their personal financial security. They run throughout the year."
education_outreach|"The arts faculty conducts free introductory workshops on creative writing for poetry and short fiction for adults at local libraries, focusing on developing voice, structure, and editing techniques. These workshops promote literary engagement and artistic self-expression. They are open to all interested adults."
education_outreach|"Researchers provide free educational materials and workshops on protecting against common household environmental hazards like radon gas, carbon monoxide, and asbestos to neighborhood associations and public health groups. These sessions empower residents to identify and mitigate risks in their homes. The materials include information on testing kits."
education_outreach|"The university's communication club offers free public relations and crisis communication coaching to local non-profit organizations and civic leaders. The coaching focuses on developing clear messaging, media training, and managing public perception during challenging times. This service helps organizations maintain trust and transparency."
education_outreach|"Faculty from the urban planning department lead community input sessions for new zoning ordinances and future land-use maps, soliciting feedback from residents on housing density and commercial development. This participatory process ensures that new development aligns with community goals. The final plans reflect collected input."
education_outreach|"The School of Nursing provides free, tailored health education on wound care, diabetes foot checks, and infection control to home health aides and family caregivers. These sessions aim to improve the quality of in-home patient care and safety. They are led by certified home health specialists."
education_outreach|"A student group runs an outreach program teaching advanced digital design skills, including 3D modeling and animation, to high school students in an effort to prepare them for design and architecture university programs. The program uses intensive, project-based learning over the academic year. It is held after school at the campus design lab."
education_outreach|"The university partners with local police to offer educational seminars on recognizing and reporting signs of fraud and financial exploitation targeting the elderly and vulnerable adults. These seminars aim to protect citizens from common financial crimes. They provide practical, actionable advice on safeguarding assets."
education_outreach|"The university conducts free educational workshops on stress reduction and mindfulness techniques tailored for emergency service workers (police, fire, EMS) and military veterans. These sessions provide tools to cope with job-related trauma and high-stress environments. They are offered in collaboration with local support organizations."
education_outreach|"Faculty and students provide free business counseling and mentorship through the Small Business Development Center (SBDC) to local entrepreneurs and small business owners. This service helps with business planning, marketing, and financial forecasting. The service is strictly confidential and widely utilized."
education_outreach|"The geology department runs educational workshops on mineral and gemstone identification for local hobbyists and collectors at community centers. Faculty supervise the use of specialized tools and provide insight into the formation of various minerals. The goal is to foster an appreciation for earth science."
education_outreach|"The university hosts a mobile computer lab and technology training program that visits low-income neighborhoods and senior centers, offering free basic computer skills, internet usage, and email setup assistance. This program helps bridge the digital divide for residents with limited technology access. It is staffed by computer science students."
education_outreach|"A student-led initiative offers free academic writing and college essay tutoring to high school students from underserved backgrounds at the local community college. The one-on-one and small-group tutoring helps participants improve their writing skills for successful college applications. The program focuses on narrative development."
education_outreach|"We offer free educational seminars on understanding municipal and school district budgets and how to access and analyze local government financial documents. These seminars are designed to increase residents' ability to hold local government accountable. They are led by public policy and accounting experts."
education_outreach|"The university hosts tailored career exploration workshops for middle school students, introducing them to various careers in renewable energy, sustainability, and green technology. These workshops aim to broaden students' career perspectives toward future-focused industries. They feature diverse role models from environmental fields."
education_outreach|"Faculty lead workshops on effective communication and conflict resolution in the workplace for employees at local businesses and non-profit organizations. These sessions teach practical skills for managing team dynamics and improving productivity. They are a valuable professional development offering."
education_outreach|"The university runs a science intervention program for middle school students struggling with biology and physical science concepts, in partnership with local schools and staffed by science education majors. The program uses hands-on experiments and diagnostic testing to address specific learning gaps. It aims to improve scientific literacy."
education_outreach|"Student volunteers run a weekly after-school financial literacy program at local high schools, teaching budgeting, saving, and the basics of credit management. This program uses interactive simulations and case studies. The program is staffed by business and finance students."
education_outreach|"Faculty from the journalism department conduct free workshops on fact-checking and recognizing media bias in political reporting for various community groups and civic organizations. These workshops help residents consume news critically and participate in informed political discourse. The outreach effort promotes robust democratic engagement."
education_outreach|"The university sponsors a traveling exhibit showcasing artifacts and stories related to local LGBTQ+ history and activism at various community centers and schools. This program aims to present a more inclusive and complete social history of the region. The exhibit is often supplemented by guest lectures from community historians."
education_outreach|"The School of Education leads a mentorship program for high school students interested in technology and coding, pairing them with faculty and student leaders working on campus tech projects. The program includes workshops on software development and hardware engineering. It aims to inspire future innovators."
education_outreach|"Researchers from the School of Public Health provide free educational talks on the risks of excessive alcohol consumption and responsible use, including signs of dependency and local treatment resources. These talks cover safe consumption limits and health impacts. The goal is to promote responsible decision-making and public safety."
education_outreach|"Graduate students host free workshops on digital illustration and graphic tablet usage for youth at local art centers, teaching them how to create digital drawings, comics, and graphic design elements. The workshops focus on technical skills and visual communication. This initiative fosters digital artistry."
education_outreach|"The university provides tailored lectures on preparing for post-graduate education (Master's and Ph.D. programs) to local college students, focusing on application requirements, funding options, and the rigors of academic research. These sessions are designed to encourage progression to advanced degrees. They are a valuable component of academic advising."
education_outreach|"A student-run group offers free workshops on basic home electrical safety and simple lighting fixture replacement for neighborhood residents. These sessions promote electrical safety and basic maintenance skills, especially for first-time homeowners. The workshops are held at the technical college garage with safety supervision."
education_outreach|"The university conducts a mobile outreach program providing free basic mental health screenings and suicide risk assessments to underserved populations in partnership with the local mental health authority. This vital service is staffed by psychology and social work students under faculty supervision. The program also distributes materials on crisis resources."
education_outreach|"Faculty in the environmental science department lead educational workshops on managing and controlling invasive plant and animal species using ecological principles and manual removal methods. These workshops are held at local parks and nature preserves. They promote local biodiversity protection."
education_outreach|"Student volunteers run a weekly after-school reading and comprehension program at three local libraries, providing personalized tutoring to elementary school children struggling with literacy. This program uses evidence-based phonics and reading strategies. The tutors are primarily education and literature majors."
education_outreach|"Faculty from the public administration department conduct free workshops on navigating local government services and engaging in civic participation for immigrant and newly naturalized communities. These workshops help residents understand their rights and access essential municipal resources. The sessions are often conducted in multiple languages."
education_outreach|"The university sponsors a traveling science demonstration team that performs engaging, interactive chemistry and physics experiments at local middle schools. This program aims to generate excitement for STEM subjects through visual and entertaining demonstrations. The team uses safe, non-hazardous materials."
education_outreach|"The School of Education leads a mentorship program for high school students interested in teaching careers, pairing them with faculty and practicing teachers in local classrooms. The program includes observing lessons, assisting with activities, and discussion sessions on educational policy. It aims to develop the next generation of educators."
education_outreach|"Researchers from the School of Public Health provide free educational talks on preventing the spread of infectious diseases and the importance of vaccination in community health centers and senior living facilities. These talks use current public health data and address common misconceptions. The goal is to improve community immunity."
education_outreach|"Graduate students host free introductory workshops on basic computer programming and web development for teenagers at the local boys and girls club every summer. The workshops cover HTML, CSS, and basic JavaScript in a project-based format. This initiative helps address the digital skills gap."
education_outreach|"The university provides tailored lectures on responsible use of social media and digital identity management to local high school students, focusing on cyberbullying, privacy settings, and professional online presence. These sessions are crucial for teaching modern digital citizenship. They are a valuable component of student life education."
education_outreach|"A student-run group offers free workshops on basic bicycle maintenance and repair for neighborhood residents, focusing on tire fixes, brake adjustments, and chain lubrication. These hands-on sessions promote sustainable transportation and self-sufficiency. Participants learn to fix their own bikes."
education_outreach|"The university conducts a mobile outreach program providing free dental screenings and oral hygiene education in underserved urban and rural communities. This vital service is staffed by dental school students under faculty supervision. The program also provides referrals for low-cost follow-up care."
education_outreach|"Faculty in the environmental science department lead educational workshops on home composting and organic waste reduction at local community gardens and farmers' markets. These workshops teach practical methods for diverting waste from landfills and creating nutrient-rich soil. They promote environmental stewardship."
education_outreach|"The history department sends speakers to local civic groups and veterans associations to discuss regional military history, focusing on local contributions to major global conflicts. These talks include archival photos and personal accounts. They aim to honor local veterans and preserve historical memory."
education_outreach|"The university runs a summer mathematics and science enrichment camp for middle schoolers from low-income families, offering engaging activities and hands-on experiments. The camp is held at a local community center and is free for all participants. It aims to build confidence in STEM subjects."
education_outreach|"The School of Law operates a mobile clinic providing legal rights education to low-income residents regarding landlord-tenant disputes, wage theft, and consumer protection issues. The clinic is staffed by law students and supervised by licensed poverty law attorneys. This service addresses critical civil legal needs."
education_outreach|"Student artists lead free creative writing and poetry workshops for adults experiencing homelessness at local shelters and community resource centers. These sessions use creative expression to help participants share their stories and develop communication skills. The program is supported by the School of Arts and Literature."
education_outreach|"The university partners with local museums to offer educational seminars on art history and appreciation, focusing on Renaissance and Baroque movements, featuring reproductions from the university's collection. These seminars are designed to broaden the public's exposure to classical art. They are free to attend at the museum sites."
education_outreach|"The School of Social Work hosts workshops on healthy relationship building and recognizing signs of emotional abuse for young adults at local youth centers and high schools. These sessions provide tools for establishing respectful boundaries and seeking help in unhealthy relationships. The workshops are led by licensed counselors."
education_outreach|"Faculty conduct free seminars for local non-profit organizations on board governance, strategic planning, and volunteer recruitment best practices. These seminars are tailored to the challenges faced by smaller community organizations. They are designed to strengthen the capacity of the local non-profit sector."
education_outreach|"The university's nutrition department offers cooking classes and demonstrations focused on culturally relevant, affordable healthy meals for immigrant communities and cultural centers. These classes utilize familiar ingredients and traditional recipes adapted for maximum nutritional benefit. The goal is to promote healthy eating without cultural change."
education_outreach|"A student health group runs educational campaigns in high schools promoting safe sexual health practices, including information on STIs, contraception, and the importance of open communication with partners. The campaigns use peer-to-peer discussions and medically accurate information. This is a crucial public health initiative."
education_outreach|"We operate an outreach program providing basic computer literacy and job search skills training to local adults with developmental disabilities at community support centers. University students provide one-on-one technology assistance and job coaching. The program aims to improve employment outcomes for participants."
education_outreach|"The university sends faculty to agricultural co-ops and farms to provide free consultations on pest management, soil fertilization, and sustainable crop rotation specific to local climate conditions. This extension service shares research-based farming methods with the community. It supports local agricultural efficiency."
education_outreach|"The School of Education offers free workshops to local teachers on integrating mental health awareness and social-emotional learning (SEL) into the daily curriculum. These workshops help educators create supportive and inclusive classroom environments. Continuing Professional Education credits are often provided for attendance."
education_outreach|"Student volunteers run a mentorship program for high school students interested in healthcare careers, providing guidance on college prerequisites, career pathways, and shadowing opportunities in clinical settings. This personalized support helps students navigate the complex path to medical and allied health professions. The program is a collaboration with local hospitals."
education_outreach|"The university hosts tailored educational sessions on basic financial planning, retirement savings, and understanding Medicare options for senior citizens at various community and senior centers. These sessions empower seniors to make informed decisions about their finances and healthcare. They run throughout the year."
education_outreach|"The arts faculty conducts free introductory workshops on digital music production and audio engineering for teenagers at local youth centers, focusing on recording, mixing, and using digital audio workstations (DAWs). These workshops promote technical skills in the creative arts. They are open to all interested youth."
education_outreach|"Researchers provide free educational materials and workshops on mold remediation, indoor air quality, and lead paint safety to community groups living in older or poorly maintained housing. These sessions empower residents to identify and advocate for safer living conditions. The materials include simple testing procedures."
education_outreach|"The university's communication club offers free public speaking and debate coaching to local high school debate teams and youth leaders. The coaching focuses on building logical arguments, persuasive delivery, and confident stage presence. This service helps students succeed in competitive environments."
education_outreach|"Faculty from the urban planning department lead community input sessions for new park design and urban green space planning, soliciting feedback from residents on desired amenities and accessibility needs. This participatory process ensures that new public spaces meet the needs of the community. The final designs reflect collected input."
education_outreach|"The School of Nursing provides free, tailored health education on fall prevention, medication adherence, and recognizing stroke symptoms to residents and staff in local assisted living and senior housing facilities. These sessions aim to improve the health outcomes and safety of the elderly population. They are led by gerontology specialists."
education_outreach|"A student group runs an outreach program teaching advanced coding skills, including mobile app development, to high school students in an effort to prepare them for technology-focused university programs. The program uses intensive, project-based learning over the academic year. It is held after school at the campus computer lab."
education_outreach|"The university partners with local police to offer educational seminars on digital self-defense, online privacy protection, and preventing identity theft for neighborhood associations and community groups. These seminars aim to protect citizens from common cybercrimes. They provide practical, actionable security advice."
education_outreach|"The university conducts free educational workshops on stress reduction and conflict resolution techniques tailored for parents of children with special needs or chronic illnesses. These sessions provide tools to cope with the unique challenges of complex caregiving. They are offered in collaboration with local support organizations."
education_outreach|"Faculty and students provide free tax preparation assistance and financial counseling through the IRS VITA program to low-to-moderate-income families and individuals at local community centers. This service helps maximize tax returns and provides guidance on financial resources. The service is strictly confidential and widely utilized."
education_outreach|"The geology department runs educational field trips and rock collecting excursions for local school groups and children's clubs, focusing on identifying local mineral resources and understanding regional geological history. Faculty supervise all field activities to ensure safety. The goal is to foster an appreciation for earth science."
education_outreach|"The university hosts a mobile library and book-sharing program that visits low-income neighborhoods and rural communities, offering free books, reading activities, and literacy resources for children. This program ensures that reading materials are accessible to all children regardless of location. It is staffed by library and education students."
education_outreach|"A student-led initiative offers free adult literacy and English as a Second Language (ESL) tutoring to immigrants and refugees at the local community center. The one-on-one and small-group tutoring helps participants improve their language skills for better employment and civic integration. The program uses culturally appropriate materials."
education_outreach|"We offer free educational seminars on local governmental structure and how to influence policy decisions, including submitting public comments and organizing advocacy campaigns. These seminars are designed to increase residents' ability to affect local governance. They are led by public policy experts and experienced advocates."
education_outreach|"The university hosts tailored career exploration workshops for middle school students, introducing them to various non-traditional careers in STEM, arts, and trades, with hands-on activities. These workshops aim to broaden students' career perspectives early on. They feature diverse role models from various industries."
education_outreach|"Faculty lead workshops on mental health first aid and intervention strategies for addressing addiction and suicide risk in community groups and faith-based organizations. These sessions teach laypeople how to recognize warning signs and connect individuals with professional help. They are a critical mental health service."
education_outreach|"The university runs a free math intervention program for high school students struggling with algebra and geometry, in partnership with local schools and staffed by math education majors. The program uses small-group instruction and diagnostic testing to address specific learning gaps. It aims to improve math proficiency and graduation rates."
education_outreach|"Student volunteers run a weekly after-school arts and creativity program at local shelters and youth centers, providing supplies and guidance for painting, drawing, and crafting activities. This program offers a safe, creative outlet for children from difficult backgrounds. The program is staffed by arts and social work students."
education_outreach|"Faculty from the journalism department conduct free workshops on navigating and analyzing local political coverage in the media for various community groups and civic organizations. These workshops help residents understand how local news is produced and how to evaluate its objectivity. The outreach effort promotes critical consumption of local news."
education_outreach|"The university sponsors a traveling history exhibit showcasing artifacts and stories related to local minority communities at various community centers and schools. This program aims to present a more inclusive and complete history of the region. The exhibit is often supplemented by guest lectures from local historians."
education_outreach|"The School of Education leads a mentorship program for high school students interested in community activism and social justice, pairing them with faculty and student leaders working on local campaigns. The program includes workshops on organizing, advocacy, and effective civic engagement. It aims to train future community leaders."
education_outreach|"Researchers from the School of Public Health provide free educational talks on the risks of prescription drug misuse and the opioid crisis in community centers and public venues. These talks cover safe storage, disposal, and recognizing signs of dependency. The goal is to raise community awareness and prevent addiction."
education_outreach|"Graduate students host free workshops on digital storytelling and video editing for youth at local media centers, teaching them how to use film and digital tools to create short documentaries and personal narratives. The workshops focus on technical skills and narrative development. This initiative fosters media literacy and creativity."
education_outreach|"The university provides tailored lectures on preparing for college-level coursework and study skills to local high school students, focusing on effective note-taking, time management, and research methods. These sessions are designed to ease the transition from high school to higher education. They are a valuable component of college readiness."
education_outreach|"A student-run group offers free workshops on basic automobile maintenance, including checking fluid levels, tire pressure, and jump-starting a battery, for neighborhood residents. These sessions promote vehicle safety and self-sufficiency, especially for single parents and low-income individuals. The workshops are held at the technical college garage."
education_outreach|"The university conducts a mobile outreach program providing free flu shots and basic health screenings to underserved populations in partnership with the local health department. This vital service is staffed by nursing and medical students under faculty supervision. The program also distributes educational materials on preventative care."
education_outreach|"Faculty in the environmental science department lead educational workshops on managing and controlling common household pests using non-toxic and environmentally friendly methods. These workshops are held at local community centers and help residents avoid harmful chemical use. They promote a healthier home environment."
education_outreach|"Student volunteers run a weekly after-school tutoring program in mathematics at four local elementary schools."
education_outreach|"Faculty from the journalism department conduct free workshops on media literacy for community groups."
education_outreach|"The university sponsors a traveling theater troupe that performs educational history plays in retirement homes."
education_outreach|"The School of Engineering leads a mentorship program for young women interested in STEM careers in local high schools."
education_outreach|"Researchers provide free public health lectures on reducing the risks of cardiovascular disease in community centers."
education_outreach|"Graduate students host free science clubs and conduct experiments for children at the local library."
education_outreach|"The university provides tailored lectures on budgeting and finance management to high school seniors."
education_outreach|"A student-run group offers free, hands-on computer repair workshops for neighborhood residents."
education_outreach|"The university conducts a mobile outreach program providing free vision and hearing screenings in rural areas."
education_outreach|"Faculty in environmental science lead educational nature walks and conservation talks in local parks."
education_outreach|"The history department sends speakers to local civic organizations to discuss regional political history."
education_outreach|"The university runs a summer coding boot camp for underserved youth held at local technology centers."
education_outreach|"The School of Law operates a mobile clinic providing legal rights education to immigrant communities."
education_outreach|"Student artists lead free art therapy sessions for children at local pediatric clinics."
education_outreach|"The university partners with local museums to offer educational seminars on prehistoric archaeology."
education_outreach|"The School of Social Work hosts workshops on effective communication and conflict resolution for local families."
education_outreach|"Faculty conduct free seminars for small business owners on utilizing social media marketing."
education_outreach|"The university's nutrition department offers cooking and healthy eating demonstrations at food banks."
education_outreach|"A student health group runs educational campaigns in high schools promoting safe driving and drug prevention."
education_outreach|"We operate an outreach program providing literacy tutoring and book donations to local homeless shelters."
education_outreach|"The university sends faculty to agricultural fairs to provide free consultations on soil health."
education_outreach|"The School of Education offers free workshops to local teachers on integrating technology into the classroom."
education_outreach|"Student volunteers run a mentorship program for young adults transitioning from foster care."
education_outreach|"The university hosts tailored educational sessions on college application processes for parents at community centers."
education_outreach|"The arts faculty conducts free dance and movement workshops at various community recreation facilities."
education_outreach|"Researchers provide free educational materials and workshops on water quality testing to community groups."
education_outreach|"The university's public speaking club offers free presentation skills coaching to local business professionals."
education_outreach|"Faculty from the urban planning department lead community visioning sessions for neighborhood development."
education_outreach|"The School of Nursing provides free, tailored health education to staff at local elder care facilities."
education_outreach|"A student group runs an outreach program teaching basic coding skills to middle school girls."
education_outreach|"The university partners with police departments to offer educational seminars on crime prevention."
education_outreach|"The university conducts free educational workshops on stress management for local teachers."
education_outreach|"Faculty and students provide free financial literacy counseling to individuals at local non-profits."
education_outreach|"The geology department runs educational rock and mineral identification sessions for children in parks."
education_outreach|"The university hosts a mobile science exhibition that visits schools in remote areas."
education_outreach|"A student-led initiative offers free computer literacy training to senior citizens at the library."
education_outreach|"We offer free educational seminars on local government and civic participation in community halls."
education_outreach|"The university hosts tailored career exploration workshops for high school students in various fields."
education_outreach|"Faculty lead workshops on mental health awareness and suicide prevention in high school settings."
education_outreach|"The university runs a free reading intervention program for elementary students in partnership with local schools."
education_outreach|"Undergraduate volunteers tutor high-risk youth in chemistry and biology at five satellite community centers."
education_outreach|"Faculty members visit local high schools monthly to give tailored lectures on careers in biomedical engineering."
education_outreach|"The student-run literacy group hosts a reading circle and book donation drive at the neighborhood elementary school."
education_outreach|"Our researchers run interactive science demonstrations for children at the local municipal library every month."
education_outreach|"The university sponsors a robotics competition and provides mentorship to middle school teams across the district."
education_outreach|"Academics conduct free seminars on financial literacy and debt management in local neighborhood halls."
education_outreach|"The arts department hosts an off-campus painting workshop for senior citizens at a retirement home."
education_outreach|"Graduate students provide one-on-one college application essay coaching at various community centres."
education_outreach|"The geology department leads field trips and educational sessions for local school groups at the national park."
education_outreach|"We operate a mobile language lab that visits rural schools to offer free introductory foreign language classes."
education_outreach|"University students volunteer weekly to tutor high school math and science classes in underserved local schools."
education_outreach|"Faculty members present tailored lectures on marine biology at the local community center every summer."
education_outreach|"The engineering department runs a mobile laboratory demonstration for primary school students across the region."
education_outreach|"A student-run initiative provides free educational workshops on personal finance to local youth groups."
education_outreach|"Academics visit local businesses to offer free seminars on current economic trends and projections."
education_outreach|"The Drama Club puts on free, interactive performances in local parks to teach children about local history."
education_outreach|"The university sponsors a robotics club and mentors students at three local middle schools."
education_outreach|"Our researchers conducted a public health awareness campaign on vaccination in rural community halls."
education_outreach|"Graduate students host an after-school reading program at the neighborhood elementary school."
education_outreach|"The university sends faculty to conduct science experiments and demonstrations in local school classrooms."
education_outreach|"Student volunteers organize an annual clean-up and environmental education drive at the local river."
education_outreach|"The university runs free workshops on effective study skills at various secondary schools."
education_outreach|"Faculty provide tailored lectures on cybersecurity awareness to local non-profit staff."
education_outreach|"The school of nursing conducts free blood pressure clinics and health education sessions at the farmers market."
education_outreach|"We partner with local museums to offer specialized history lectures to high school classes."
education_outreach|"The student astronomy club visits remote areas to lead free stargazing sessions for the public."
education_outreach|"The university runs a summer camp focused on science literacy for children from low-income families."
education_outreach|"Staff conduct educational workshops on creating a strong personal brand for unemployed youth."
education_outreach|"Our institution collaborates with local shelters to provide basic computer skills training."
education_outreach|"The arts faculty conducts free introductory art classes at the community arts center."
education_outreach|"The university hosts mobile dental clinics in underserved communities, providing education and care."
education_outreach|"Student athletes run mentorship programs focused on healthy lifestyle choices in middle schools."
education_outreach|"We provide tailored lectures on local wildlife conservation to various community groups."
education_outreach|"The university runs free workshops on resume building and job interviewing skills at the town library."
education_outreach|"Faculty and students conduct soil testing and provide free advice to urban gardeners."
education_outreach|"The engineering students host a bridge-building competition for local school children at the community hall."
education_outreach|"We offer free educational seminars on healthy aging and wellness at senior centers."
education_outreach|"The university's legal aid clinic provides outreach and education on common legal issues in the community."
education_outreach|"Researchers visit primary schools to conduct demonstrations on water purity and conservation."
education_outreach|"The university hosts tailored educational sessions on combating misinformation for high school students."
education_outreach|"University students host a weekly Reading Mentorship Program at local elementary schools to boost literacy rates."
education_outreach|"Faculty and graduate students offer AP Test Prep Sessions in Math and Science at underserved high schools."
education_outreach|"The Theatre Arts department leads Improvisation and Confidence-Building Workshops for youth at community centers."
education_outreach|"The university organizes College Life Q&A Panels featuring current students at local community colleges and high schools."
education_outreach|"The Athletics department conducts Healthy Habits and Nutrition Talks at local youth sports leagues and schools."
education_outreach|"Law students provide Legal Rights Education Presentations on topics like consumer protection and employment law in community settings."
education_outreach|"The Business School runs a Junior Entrepreneurship Program in middle schools, teaching basic business concepts."
education_outreach|"The university provides Computer and Internet Access and instruction at local public housing facilities."
education_outreach|"Organizing Career Shadowing Days for local high school students to observe university staff and faculty roles."
education_outreach|"The Fine Arts department hosts Portfolio Preparation Workshops for high school students applying to art schools."
education_outreach|"Faculty conduct Civic Education Workshops on voting rights, local governance, and community advocacy."
education_outreach|"The university organizes a Science Fair Mentorship Program pairing university researchers with K-12 students."
education_outreach|"Student-led groups conduct Environmental Clean-Up and Education Drives in local parks and waterways."
education_outreach|"The university offers Coding and Robotics Workshops specifically tailored for girls in middle school (Girls Who Code)."
education_outreach|"Providing Financial Aid and Scholarship Consulting to families at community centers and high schools."
education_outreach|"The School of Music sends student groups to perform Educational Concerts covering music history and theory in schools."
education_outreach|"Faculty run a Journalism and Media Literacy program with high school newspapers and community newsletters."
education_outreach|"The university hosts a Tutor Training Program for community volunteers focused on effective teaching strategies."
education_outreach|"The Psychology department provides Parenting and Child Development Seminars in partnership with local health clinics."
education_outreach|"Offering College Essay Writing Assistance through organized workshops at local libraries."
education_outreach|"Students lead Home Energy Audit Workshops for residents to promote sustainable energy use and savings."
education_outreach|"The university collaborates with local food banks to offer Nutrition Education and Cooking Demonstrations."
education_outreach|"Faculty conduct Public Health Seminars on vaccination, disease prevention, and healthy lifestyle choices in community halls."
education_outreach|"The Engineering School hosts a Build-A-Bridge Challenge at local schools to encourage interest in structural engineering."
education_outreach|"The university organizes an Academic Skills Workshop focusing on study habits and time management for local high schoolers."
education_outreach|"Faculty and student volunteers conduct tailored Science Demonstration Shows at local primary and secondary schools."
education_outreach|"The History department organizes Local History Field Trips and presentations at community centers for senior citizens."
education_outreach|"The School of Nursing runs a mobile Health Education Clinic providing basic health checks and preventative advice in underserved neighborhoods."
education_outreach|"University students mentor local high schoolers through an After-School Tutoring Program focused on college preparedness."
education_outreach|"The Physics and Chemistry departments loan out Portable Lab Kits to local schools with limited science equipment."
education_outreach|"The Creative Writing program organizes Poetry and Storytelling Workshops at local libraries and youth centers."
education_outreach|"Graduate students give Guest Lectures on their research topics (e.g., marine biology, classical literature) to high school classes."
education_outreach|"The university sponsors and hosts a regional Debate and Public Speaking League competition for secondary school students."
education_outreach|"Creating and distributing Educational Activity Books on local ecology and history to community youth groups."
education_outreach|"The Engineering School hosts a Robotics Club at a community center, providing materials and instruction."
education_outreach|"Faculty conduct Financial Literacy Seminars at local community banks and non-profit organizations."
education_outreach|"The School of Education provides Professional Development Workshops for K-12 teachers on new pedagogical techniques."
education_outreach|"A student-run Language Buddy Program offers free, informal language lessons (e.g., French, Mandarin) at cultural centers."
education_outreach|"The Art department organizes Community Mural Painting Projects in public spaces, involving local residents and students."
education_outreach|"The university provides Tailored Lectures on mental health and wellness to workplace employee resource groups."
education_outreach|"Hosting a mobile Computer Literacy Workshop at retirement homes, teaching basic internet and email skills."
education_outreach|"The Law School operates an Outreach Legal Clinic providing free, preliminary consultations at various community locations."
education_outreach|"Student theatre groups perform short, educational plays (e.g., on bullying, environmental awareness) in local schools."
education_outreach|"Organizing a College Application and Financial Aid Workshop series held off-campus at neighborhood schools."
education_outreach|"The Geology department leads Nature Walks and Earth Science Talks at local parks and nature preserves."
education_outreach|"The university participates in a Big Brothers Big Sisters program, providing academic and life mentorship."
education_outreach|"Student-athletes host Sports Clinics focused on skill development and teamwork for local youth teams."
education_outreach|"Faculty conduct Media Literacy Training sessions for community groups to help identify misinformation."
education_outreach|"The university hosts a Summer Research Immersion Program for talented, low-income high school students."
education_outreach|"A student-led Urban Farming Initiative provides education on sustainable gardening practices to local residents."
education_outreach|"Mobile learning centers deployed to remote barangays to provide educational materials and tutoring services."
education_outreach|"University students volunteer to run after-school science clubs in under-resourced elementary schools."
education_outreach|"Professors from the history department give tailored lectures on local history at senior citizen centers."
education_outreach|"The engineering faculty organizes Science Circus shows with exciting demonstrations for primary school children."
education_outreach|"Medical students run a voluntary health education program in rural communities, teaching about hygiene and nutrition."
education_outreach|"Law students provide free street law workshops in community centers, explaining basic legal rights and responsibilities."
education_outreach|"The drama society performs educational plays about social issues like bullying and environmentalism in local schools."
education_outreach|"University ambassadors visit high schools in low-income areas to talk about college life and application processes."
education_outreach|"The physics department sets up interactive physics exhibits at a popular childrens museum for a month."
education_outreach|"A student-run initiative teaches basic computer skills to elderly residents at public libraries."
education_outreach|"The education department partners with a juvenile detention center to provide remedial classes and mentorship."
education_outreach|"Agriculture students help set up and maintain school gardens in the city to teach children about food production."
education_outreach|"The robotics team visits schools to run workshops and inspire interest in engineering and technology."
education_outreach|"Music students offer free introductory music lessons to children in community centers on weekends."
education_outreach|"A university-led program sends graduate students to act as Scientists in Residence at local high schools."
education_outreach|"The environmental science club organizes river clean-up days combined with educational talks on water pollution."
education_outreach|"Architecture students run a community design charrette to get public input on plans for a new local park."
education_outreach|"The psychology department offers stress management and mindfulness workshops for final-year high school students."
education_outreach|"Student volunteers run a weekly coding club at the public library to promote gender diversity in tech."
education_outreach|"The universitys debate team coaches a debate league for at-risk youth in the city."
education_outreach|"A Maths Busking event is held in the town square, where students perform fun mathematical tricks and puzzles."
education_outreach|"The veterinary school brings friendly animals to special education schools for therapeutic and educational visits."
education_outreach|"Journalism students help a community group start its own local newspaper and online blog."
education_outreach|"The chemistry club performs magic show demonstrations at a childrens hospital to boost morale and interest in science."
education_outreach|"A partnership with a refugee support organization provides language tutoring and cultural orientation sessions."
education_outreach|"University students run a weekly STEM Education Club at local middle schools, focusing on coding and engineering."
education_outreach|"Faculty and students conduct Financial Aid Application Workshops (FAFSA) at high schools for prospective college students."
education_outreach|"The School of Public Health organizes Nutrition and Cooking Classes for families at community kitchens."
education_outreach|"University students provide Digital Skills Training (e.g., email, social media) to seniors at assisted living facilities."
education_outreach|"The Law School hosts a High School Mock Trial Program providing legal mentorship and educational resources."
education_outreach|"The Music School offers Free Instrument Lessons to students from low-income families on campus."
education_outreach|"Graduate students lead Career Exploration Talks in local high school classes focusing on non-traditional career paths."
education_outreach|"The university sponsors a School Book Drive and Literacy Program in collaboration with local libraries."
education_outreach|"Creating and distributing Home Science Experiment Kits to elementary school children during school breaks."
education_outreach|"The Computer Science department hosts a Mobile App Development Workshop at youth centers."
education_outreach|"Faculty conduct Civic Engagement and Voting Registration Drives at community centers."
education_outreach|"The School of Education provides Workshops on Supporting Students with Learning Disabilities for parents and teachers."
education_outreach|"A student-run Homework Help Center operates in partnership with local public libraries."
education_outreach|"The Art department organizes Outdoor Sketching Classes in local parks open to all community members."
education_outreach|"The university provides Mental Health First Aid Training sessions to staff at local non-profit organizations."
education_outreach|"Hosting a mobile Digital Photo and Video Archiving Workshop for community historians."
education_outreach|"The School of Business offers Small Business Consulting services led by faculty and MBA students to local entrepreneurs."
education_outreach|"Student volunteers run ESL Conversation Groups for recent immigrants at neighborhood centers."
education_outreach|"Organizing a College Visit Day tailored specifically for first-generation college students from local schools."
education_outreach|"The Biology department leads Ecology and Wildlife Observation Tours at local nature preserves."
education_outreach|"The university participates in a Youth Mentorship Program focused on academic motivation and goal setting."
education_outreach|"Student groups host Financial Literacy Games and Activities for middle school students."
education_outreach|"Faculty conduct Public Speaking and Debate Clinics for high school students."
education_outreach|"The university hosts a Coding Camp in the summer specifically aimed at engaging young women in technology."
education_outreach|"A student-led Community Resource Navigation Service helps residents connect with social assistance programs."
education_outreach|"Student volunteers run a free weekly after-school program teaching coding skills to elementary students."
education_outreach|"Faculty from the nursing school conduct free health screenings and education workshops at local shelters."
education_outreach|"The university sponsors a traveling science exhibit that visits schools in rural districts."
education_outreach|"The engineering department leads a mentorship program for high school students building remote-controlled vehicles."
education_outreach|"Researchers provide free public seminars on proper medication usage and adherence in community clinics."
education_outreach|"Graduate students host free creative writing workshops for teenagers at the local library."
education_outreach|"The university provides tailored lectures on college funding and scholarship applications to parents' associations."
education_outreach|"A student-run group offers free basic smartphone and internet use tutorials for senior citizens."
education_outreach|"The university conducts a mobile outreach program providing free dental health checks and education in schools."
education_outreach|"Faculty in the arts lead educational street art projects and workshops in public squares."
education_outreach|"The School of Social Work sends speakers to local churches to discuss domestic violence awareness and resources."
education_outreach|"The university runs a summer debate camp for middle school students held at local community centers."
education_outreach|"The Law School operates a mobile clinic providing legal education on workers' rights to local labor unions."
education_outreach|"Student artists lead free pottery and ceramics workshops for children at local community centers."
education_outreach|"The university partners with local environmental groups to offer seminars on native plant restoration."
education_outreach|"The School of Education hosts workshops on anti-bullying strategies for parents and teachers in local schools."
education_outreach|"Faculty conduct free seminars for local non-profits on effective board governance and strategy."
education_outreach|"The university's nutrition department offers free food preservation and canning demonstrations at farmers' markets."
education_outreach|"A student health group runs educational campaigns on responsible alcohol consumption in local high schools."
education_outreach|"We operate an outreach program providing free tutoring and homework help to children in public housing."
education_outreach|"The university sends faculty to local business associations to provide free advice on labor law compliance."
education_outreach|"The School of Education offers free workshops to local school support staff on conflict resolution techniques."
education_outreach|"Student volunteers run a mentorship program for young adults focused on career planning and interviewing."
education_outreach|"The university hosts tailored educational sessions on navigating the K-12 public school system for new immigrant parents."
education_outreach|"The arts faculty conducts free photography and documentary workshops at various local youth centers."
education_outreach|"Researchers provide free educational materials and workshops on water conservation methods to homeowners' associations."
education_outreach|"The university's public speaking club offers free presentation coaching for job interviews at local career fairs."
education_outreach|"Faculty from the urban planning department lead community surveys and input sessions for city development plans."
education_outreach|"The School of Nursing provides free, tailored health education on fall prevention to staff at nursing homes."
education_outreach|"A student group runs an outreach program teaching basic financial literacy to low-income high school students."
education_outreach|"The university partners with fire departments to offer educational seminars on home fire safety."
education_outreach|"The university conducts free educational workshops on stress management and mindfulness for first responders."
education_outreach|"Faculty and students provide free tax filing assistance and education to senior citizens at the community center."
education_outreach|"The geology department runs educational fossil hunting and identification sessions for children at local parks."
education_outreach|"The university hosts a mobile science exhibition that visits community festivals."
education_outreach|"A student-led initiative offers free digital marketing training to local small business owners."
education_outreach|"We offer free educational seminars on local government budgeting and accountability in neighborhood halls."
education_outreach|"The university hosts tailored career exploration workshops for high school students interested in the arts."
education_outreach|"Faculty lead workshops on cyberbullying prevention and online safety for students and parents in schools."
education_outreach|"The university runs a free literacy and numeracy intervention program for adult learners."
education_outreach|"Student volunteers run a weekly after-school tutoring program in mathematic  at four local elementary schools, providing one-on-one help with homework and difficult concepts. This program aims to boost student confidence and improve standardized test scores in math. The tutors are highly trained math and education majors."
education_outreach|"Faculty from the journalism department conduct free workshops on media literac  and critical news consumption for various community groups, including senior centers and parent-teacher associations. These workshops help residents discern reliable sources from misinformation and propaganda. The outreach effort is key to promoting civic engagement."
education_outreach|"The university sponsors a traveling theater troupe that performs educational history play  about local heritage and historical figures in retirement homes and community centers. This unique program brings cultural and educational enrichment directly to house-bound seniors. The performances are often interactive and engaging."
education_outreach|"The School of Engineering leads a mentorship program for young women interested in STEM career  in local high schools, pairing them with female engineering students and faculty. The program includes site visits to engineering firms and hands-on design challenges. It aims to increase female representation in technical fields."
education_outreach|"Researchers from the School of Public Health provide free public health lectures on reducing the risks of cardiovascular diseas  through diet, exercise, and lifestyle changes in community centers. These evidence-based talks include a Q&A session with the researchers. The goal is to promote preventative health care."
education_outreach|"Graduate students host free science clubs and conduct experiment  for children aged 8-12 at the local library every Saturday morning. The activities cover topics like chemistry, biology, and astronomy in a fun, accessible way. This initiative aims to spark early interest in scientific exploration."
education_outreach|"The university provides tailored lectures on budgeting and personal finance managemen  to local high school seniors, covering topics like student loans, savings, and checking account management. These sessions are designed to equip students with practical skills before they graduate. They are a valuable component of college readiness programs."
education_outreach|"A student-run group offers free, hands-on computer repair workshop  for neighborhood residents, teaching them basic troubleshooting, malware removal, and hardware maintenance. These sessions help bridge the digital divide by maintaining access to technology. Participants are encouraged to bring their own devices."
education_outreach|"The university conducts a mobile outreach program providing free vision and hearing screening  and educational materials in rural areas and underserved urban neighborhoods. This vital service is staffed by optometry and audiology students under faculty supervision. The program also provides referrals to local specialists."
education_outreach|"Faculty in environmental science lead educational nature walks and conservation talk  in local parks and nature preserves, focusing on local ecology and the impact of climate change. These walks are open to the public and provide an excellent opportunity for outdoor learning. They emphasize the importance of regional biodiversity."
education_outreach|"The history department sends speakers to local civic organizations and neighborhood associations to discuss regional political history, focusing on key local elections and policy change . These talks provide historical context to current political debates. They are aimed at fostering informed civic participation."
education_outreach|"The university runs a summer coding boot camp for underserved yout , teaching fundamental programming concepts, web development basics, and introductory Python. The camp is held at local technology centers and is free for all participants. It aims to equip young people with valuable 21st-century skills."
education_outreach|"The School of Law operates a mobile clinic providing legal rights education to immigrant communitie  regarding employment, housing, and access to social services. The clinic is staffed by law students and supervised by licensed immigration attorneys. This service addresses a critical need for legal information."
education_outreach|"Student artists lead free art therapy sessions for childre  experiencing emotional or behavioral difficulties at local pediatric clinics and community centers. These sessions use creative expression to help children process their feelings and experiences. The program is supported by the School of Arts and Psychology."
education_outreach|"The university partners with local museums to offer educational seminars on prehistoric archaeolog  and local Native American history, featuring artifacts from the university's collection. These seminars are designed to deepen the public's understanding of regional cultural heritage. They are free to attend at the museum sites."
education_outreach|"The School of Social Work hosts workshops on effective communication and conflict resolutio  for local families and couples in community centers. These sessions provide tools and techniques for reducing domestic friction and improving interpersonal relationships. The workshops are led by licensed family therapists."
education_outreach|"Faculty conduct free seminars for small business owners on utilizing social media marketin , digital advertising, and building an effective online presence. These seminars are tailored to the needs of local small enterprises. They are designed to help businesses compete in the digital economy."
education_outreach|"The university's nutrition department offers cooking and healthy eating demonstration  and distributes free recipes at local food banks and community kitchens. These demonstrations focus on preparing nutritious meals using low-cost, readily available ingredients. The goal is to improve the diets of low-income families."
education_outreach|"A student health group runs educational campaigns in high schools promoting safe drivin  practices, including warnings against distracted and impaired driving, and encourages the use of seatbelts. The campaigns use peer-to-peer messaging and engaging activities to reach the students. This is a crucial public safety initiative."
education_outreach|"We operate an outreach program providing literacy tutoring and book donations to local homeless shelters and transitional housing facilitie . University students volunteer their time to provide reading instruction and a supportive learning environment. The program aims to improve literacy rates among the unhoused population."
education_outreach|"The university sends faculty to agricultural fairs and co-ops to provide free consultations on soil health, crop rotation strategies, and sustainable farming technique  to local farmers. This extension service shares the latest agricultural research with the farming community. It supports local food production."
education_outreach|"The School of Education offers free workshops to local teachers on integrating technology into the classroo , using educational software, and implementing blended learning models. These workshops help educators stay current with digital trends and enhance student learning outcomes. Continuing Professional Education credits are often provided."
education_outreach|"Student volunteers run a mentorship program for young adults transitioning from foster car  to independent living, providing guidance on budgeting, job searching, and navigating social services. This personalized support helps these young people achieve stable adulthood. The program is a collaboration with local child welfare agencies."
education_outreach|"The university hosts tailored educational sessions on college application processes, financial aid forms, and scholarship huntin  for parents at various community centers. These sessions aim to empower parents, especially those unfamiliar with higher education, to support their children's college aspirations. They run throughout the academic year."
education_outreach|"The arts faculty conducts free dance and movement workshop  for children and teenagers at various community recreation facilities, focusing on hip-hop, contemporary, and cultural dance forms. These workshops promote physical activity and artistic expression. They are open to all skill levels."
education_outreach|"Researchers provide free educational materials and workshops on water quality testing and purification method  to community groups living near rivers and industrial sites. These sessions empower residents to monitor their local environment and advocate for clean water. The materials include simple testing kits."
education_outreach|"The university's public speaking club offers free presentation skills coachin  to local business professionals, non-profit directors, and community leaders. The coaching focuses on improving clarity, confidence, and persuasive delivery. This service helps leaders communicate more effectively with the public."
education_outreach|"Faculty from the urban planning department lead community visioning sessions for neighborhood development and park improvement , soliciting input from residents on their needs and priorities. This participatory process ensures that development projects reflect community values. The input is then compiled into a formal report."
education_outreach|"The School of Nursing provides free, tailored health education on medication management, fall prevention, and chronic disease self-managemen  to staff and residents at local elder care facilities. These sessions aim to improve the quality of life and safety for the elderly. They are led by gerontological nursing specialists."
education_outreach|"A student group runs an outreach program teaching basic coding skills and computational thinking to middle school girl  in an effort to close the gender gap in technology fields. The program uses project-based learning and female role models to inspire the participants. It is held after school twice a week."
education_outreach|"The university partners with local police departments to offer educational seminars on crime prevention, personal safety, and neighborhood watch progra  organization for residents. These seminars aim to foster a safer community through collaborative efforts. They are hosted at neighborhood association meetings."
education_outreach|"The university conducts free educational workshops on stress management and mindfulness technique  tailored for local teachers and school administrators. These sessions provide tools to cope with the high-stress environment of education. They are offered as a service to the local school district."
education_outreach|"Faculty and students provide free financial literacy counselin , focusing on debt reduction, credit repair, and savings strategies, to individuals at local non-profits and job training centers. This personalized counseling helps participants achieve financial stability. The service is strictly confidential."
education_outreach|"The geology department runs educational rock and mineral identification session  for children and families in local parks and community centers. Participants can bring their own rock samples for identification by experts. The goal is to make earth science accessible and interactive."
education_outreach|"The university hosts a mobile science exhibition that visits schools in remote area  and underserved communities, bringing interactive displays and faculty-led demonstrations on physics, chemistry, and biology. This program ensures that students in all areas have access to high-quality science education. It travels extensively during the academic year."
education_outreach|"A student-led initiative offers free computer literacy training, focusing on email, internet browsing, and basic word processing, to senior citizen  at the local library. The one-on-one tutoring helps older adults stay connected and functional in the digital world. The program is highly popular among retirees."
education_outreach|"We offer free educational seminars on local government and civic participatio , including how to run for local office, how to attend council meetings, and how to effectively lobby local representatives. These seminars are designed to increase resident involvement in local governance. They are led by public policy experts."
education_outreach|"The university hosts tailored career exploration workshops for high school student  in various fields, including healthcare, technology, and skilled trades, featuring guest speakers from the industries. These workshops expose students to different career pathways and educational requirements. They help students make informed post-graduation plans."
education_outreach|"Faculty lead workshops on mental health awareness and suicide preventio  in high school and college settings, providing resources, warning signs, and strategies for seeking help. These sessions are a critical component of the university's public health outreach. They are often run in collaboration with local health authorities."
education_outreach|"The university runs a free reading intervention program for elementary student  with literacy challenges, in partnership with local schools and staffed by education majors. The program uses evidence-based phonics and comprehension techniques. It aims to improve early literacy rates in the district."
education_outreach|"Student volunteers run a weekly after-school tutoring program in mathematic  at four local elementary schools, providing one-on-one help with homework and difficult concepts. This program aims to boost student confidence and improve standardized test scores in math. The tutors are highly trained math and education majors."
education_outreach|"Faculty from the journalism department conduct free workshops on media literac  and critical news consumption for various community groups, including senior centers and parent-teacher associations. These workshops help residents discern reliable sources from misinformation and propaganda. The outreach effort is key to promoting civic engagement."





access_policy|"The university's official access policy explicitly guarantees that all public educational resources are available to individuals regardless of their religious background or personal beliefs. This commitment is embedded in the design of all digital platforms and physical resource centers. The policy is regularly audited to ensure compliance with the highest standards of educational inclusivity and freedom from discrimination."
access_policy|"Our institution has implemented a comprehensive access policy that prohibits denying educational opportunities based on ethnicity, national origin, or immigration status. This principle extends to all public lectures, workshops, and community learning events hosted on campus. Staff receive mandatory training on creating welcoming environments for participants from all cultural and linguistic backgrounds."
access_policy|"A new digital access policy mandates that all online educational materials must be fully compatible with screen readers and other assistive technologies. This includes providing accurate closed captions for all video content and audio descriptions for visual materials. The policy ensures that individuals with visual or hearing impairments can fully participate in our digital learning offerings."
access_policy|"The university's commitment to educational equity is enshrined in an access policy that explicitly welcomes undocumented immigrants to all public vocational training programs. The policy strictly forbids staff from inquiring about immigration status and ensures a safe, confidential environment for all learners. This approach recognizes education as a fundamental human right regardless of legal status."
access_policy|"All public educational events are governed by a strict access policy that requires physical venues to be wheelchair accessible and to have all-gender restrooms available. The policy also stipulates that materials must be provided in multiple formats, including large print and Braille, upon request. These measures systematically remove physical and sensory barriers to educational participation."
access_policy|"Our educational access policy explicitly prohibits discrimination based on gender identity or sexual orientation in all university-sponsored community programs. The policy includes guidelines for using inclusive language and respecting participants' chosen names and pronouns. Training for all volunteers and staff ensures consistent implementation of these inclusive practices."
access_policy|"The university has established a clear access policy ensuring that no individual is denied participation in educational activities due to financial constraints. This includes sliding-scale fees for vocational programs and explicit provisions for fee waivers based on economic need. The policy recognizes that economic status should not be a barrier to educational advancement."
access_policy|"A new language access policy requires that all essential educational materials be available in the primary languages spoken within our local community. The policy includes provisions for professional translation and interpretation services at public educational events. This commitment ensures that language barriers do not prevent community members from accessing educational opportunities."
access_policy|"Our digital resource access policy explicitly prohibits geo-blocking or IP-based restrictions that would limit access to educational materials based on geographical location. All online courses, research databases, and learning tools are available to learners worldwide without regional restrictions. This global approach to educational access reflects our commitment to borderless learning."
access_policy|"The university's access policy includes specific provisions for accommodating individuals with cognitive disabilities in all educational programs. This includes offering information in simplified formats, providing extra processing time, and ensuring clear navigation of both physical and digital learning spaces. These accommodations make educational content accessible to neurodiverse learners."
access_policy|"Our educational access policy explicitly addresses the needs of rural communities by ensuring that online resources are optimized for low-bandwidth environments. The policy mandates that essential educational content remains accessible even with limited internet connectivity. This technical consideration ensures that geographical isolation does not create educational barriers."
access_policy|"A comprehensive access policy guarantees that all public educational events provide appropriate accommodations for nursing parents, including private lactation spaces and flexible scheduling. The policy also includes provisions for children to accompany parents to learning events when alternative childcare is unavailable. These family-friendly provisions support educational participation for parents and caregivers."
access_policy|"The university's access policy includes specific protocols for making educational materials accessible to individuals with color vision deficiencies. All visual materials, charts, and graphs are designed with sufficient color contrast and alternative coding systems. This attention to visual accessibility ensures that colorblind learners can fully engage with educational content."
access_policy|"Our institutional access policy explicitly prohibits requiring educational credentials or prior qualifications for participation in community learning programs. The policy embraces a philosophy of lifelong learning that welcomes individuals at all educational levels and from all academic backgrounds. This approach removes artificial barriers based on previous educational experiences."
access_policy|"A new access policy mandates that all public educational websites and digital platforms comply with international web accessibility standards (WCAG 2.1 AA). The policy includes regular automated and manual testing to identify and address accessibility barriers. This technical standard ensures that digital educational resources are usable by people with diverse abilities."
access_policy|"The university's access policy includes specific provisions for supporting individuals with temporary disabilities, such as injuries or short-term medical conditions. The policy ensures that accommodations are available quickly and without extensive documentation requirements. This responsive approach recognizes that accessibility needs can be fluid and changing."
access_policy|"Our educational access policy explicitly addresses religious accommodation by ensuring that event schedules avoid major religious holidays across multiple faith traditions. The policy also provides spaces for prayer and religious observance during extended educational programs. These provisions respect the religious diversity of our learning community."
access_policy|"A comprehensive access policy guarantees that all educational materials are available in formats compatible with mobile devices, recognizing that smartphones may be the primary internet access point for some learners. The policy mandates responsive design and mobile-friendly interfaces for all digital learning resources. This approach addresses technological access disparities in our community."
access_policy|"The university's access policy includes specific language protecting the educational rights of individuals with criminal records or justice system involvement. The policy explicitly prohibits background checks for most community educational programs and embraces restorative approaches to education. This commitment reduces barriers for individuals seeking educational redemption and rehabilitation."
access_policy|"Our institutional access policy requires that all public educational events be held in locations accessible via public transportation, with detailed transit information provided to participants. For locations with limited transit access, the policy mandates providing transportation assistance or virtual participation options. This transportation consideration ensures that physical location does not prevent educational access."
access_policy|"A new access policy explicitly prohibits requiring government-issued identification for participation in most community educational programs. The policy provides alternative verification methods that do not exclude individuals who lack official documentation. This approach recognizes that ID requirements can create significant barriers for marginalized populations."
access_policy|"The university's digital access policy includes provisions for individuals with limited digital literacy, offering technical support and simplified interfaces for navigating online learning platforms. The policy recognizes that technological barriers can be as significant as physical barriers to educational participation. This comprehensive approach to digital inclusion supports learners at all technology skill levels."
access_policy|"Our educational access policy includes specific protocols for creating psychologically safe learning environments for trauma survivors. Staff training covers trauma-informed approaches that avoid retraumatization and support emotional regulation during educational activities. This psychological accessibility ensures that learning environments are supportive for individuals with trauma histories."
access_policy|"A comprehensive access policy guarantees that all educational videos include accurate captioning not only for dialogue but also for relevant sound effects and audio cues. The policy mandates quality control processes to ensure caption accuracy and synchronization. This detailed attention to auditory information makes multimedia content accessible to deaf and hard of hearing learners."
access_policy|"The university's access policy explicitly addresses the needs of older adults by ensuring that digital interfaces include options for larger text, high contrast modes, and simplified navigation. The policy also recognizes that some older learners may prefer in-person or blended learning options. These age-friendly considerations support lifelong learning across the lifespan."
access_policy|"Our institutional access policy includes specific provisions for supporting individuals with attention-related disabilities in educational settings. Accommodations include breaks during longer sessions, options for movement, and materials in digestible segments. These supports recognize that attention variability should not be a barrier to educational participation."
access_policy|"A new access policy mandates that all public educational facilities have clear wayfinding signage with universal symbols and multiple language options. The policy also requires that staff receive training in giving clear directions and assisting individuals with navigation. These wayfinding supports help all learners, particularly those with cognitive or visual impairments, navigate educational spaces confidently."
access_policy|"The university's access policy explicitly prohibits requiring personal data beyond what is essential for educational participation. The policy includes strict data minimization principles and clear information about how participant data will be used and protected. This privacy protection is particularly important for vulnerable populations who may fear surveillance or data misuse."
access_policy|"Our educational access policy includes specific consideration for individuals experiencing homelessness or housing instability. The policy ensures that program requirements do not assume stable housing and provides flexible options for communication and material distribution. This sensitivity to housing status removes a significant barrier to educational continuity."
access_policy|"A comprehensive access policy guarantees that all educational programs designed for children include accommodations for those with developmental disabilities. The policy requires staff training in inclusive teaching strategies and behavior support approaches that welcome neurodiverse learners. This commitment ensures that children with disabilities can participate fully in community educational opportunities."
access_policy|"The university's access policy explicitly addresses the needs of individuals with chemical sensitivities and environmental illnesses. The policy mandates fragrance-free events and ensures that cleaning products used in educational spaces are low in volatile organic compounds. These environmental accommodations create accessible spaces for people with multiple chemical sensitivity."
access_policy|"Our institutional access policy includes provisions for ensuring that educational content is culturally accessible and relevant to diverse communities. The policy requires content review for cultural bias and encourages co-creation of educational materials with community representatives. This approach recognizes that cultural relevance is an essential dimension of educational access."
access_policy|"A new access policy mandates that all online learning platforms be navigable using keyboard-only commands for individuals who cannot use a mouse. The policy includes requirements for clear focus indicators and logical tab order throughout digital interfaces. This keyboard accessibility is essential for users with mobility impairments who rely on alternative navigation methods."
access_policy|"The university's access policy includes specific protocols for supporting individuals with speech disabilities during interactive educational activities. Accommodations include alternative communication methods, patient listening practices, and ensuring that all participants have opportunities to contribute. These communication supports create inclusive learning dialogues."
access_policy|"Our educational access policy explicitly prohibits requiring participation in activities that conflict with individuals' cultural or religious practices. The policy provides alternative assignments or participation options that respect diverse cultural and religious commitments. This flexibility acknowledges that learning happens in the context of whole lives and identities."
access_policy|"A comprehensive access policy guarantees that all educational facilities have quiet spaces available for individuals who experience sensory overload. These spaces provide relief from noisy or visually stimulating environments, supporting participation for autistic individuals and those with sensory processing differences. This sensory accessibility recognizes diverse neurological needs."
access_policy|"The university's access policy includes specific consideration for individuals with limited English proficiency, ensuring that language support extends beyond written materials to include interpretation during interactive sessions. The policy recognizes that language access requires more than translation—it requires meaningful communication support. This comprehensive language access supports full participation for non-native English speakers."
access_policy|"Our institutional access policy mandates that all educational videos include descriptive audio for visual elements that are essential to understanding the content. The policy requires collaboration with individuals who are blind or have low vision to ensure that descriptions are accurate and meaningful. This audio description makes visual information accessible to blind learners."
access_policy|"A new access policy explicitly addresses the needs of individuals with chronic health conditions that may cause fatigue or variable energy levels. Accommodations include flexible attendance options, recorded sessions, and self-paced learning materials. These flexible approaches recognize that health conditions can create fluctuating capacity for educational engagement."
access_policy|"The university's access policy includes specific provisions for supporting individuals with dyscalculia and other mathematical learning differences in quantitative educational activities. Accommodations include alternative assessment methods, use of manipulatives, and extended time for mathematical tasks. These supports ensure that mathematical learning differences do not prevent access to broader educational content."
access_policy|"Our educational access policy explicitly prohibits requiring disclosure of disability status while still ensuring that accommodations are available to those who need them. The policy uses a universal design approach that benefits all learners while maintaining privacy for individuals who prefer not to disclose specific conditions. This balance respects privacy while ensuring support."
access_policy|"A comprehensive access policy guarantees that all educational programs include multiple means of engagement, representation, and expression, following Universal Design for Learning principles. The policy requires course designers to build flexibility into learning experiences from the outset rather than retrofitting accommodations. This proactive approach reduces the need for individual accommodation requests."
access_policy|"The university's access policy includes specific protocols for creating accessible emergency procedures that account for individuals with mobility, sensory, or cognitive disabilities. The policy requires that evacuation plans include assistance protocols and that emergency information be available in multiple formats. This comprehensive safety planning ensures that emergency procedures do not exclude people with disabilities."
access_policy|"Our institutional access policy explicitly addresses the needs of individuals who are deaf-blind, ensuring that educational materials are available in compatible formats and that support providers are welcome. The policy recognizes that individuals with multiple disabilities may require specialized accommodations that combine approaches for different access needs. This comprehensive disability inclusion supports even the most complex access requirements."
access_policy|"A new access policy mandates that all digital educational materials be compatible with older operating systems and browsers, recognizing that some learners may not have access to the latest technology. The policy ensures that educational content remains accessible even on outdated devices that may be all that is available to low-income learners. This technical backward compatibility addresses economic barriers to digital access."
access_policy|"The university's access policy includes specific provisions for supporting individuals with eating disorders or dietary restrictions during extended educational programs. The policy requires that food provided at events includes appropriate options and that meal times are structured to reduce anxiety. These considerations recognize that nutritional needs can be an important aspect of educational participation."
access_policy|"Our educational access policy explicitly prohibits requiring video participation in virtual learning environments, recognizing that bandwidth limitations, privacy concerns, or personal circumstances may make video participation difficult. The policy ensures that audio-only participation remains a valid option for engagement in online educational activities. This flexibility supports participation in diverse technological and personal contexts."
access_policy|"A comprehensive access policy guarantees that all educational facilities have appropriate lighting for individuals with photophobia or other light sensitivities. The policy includes options for adjusting lighting in learning spaces and provides advance information about lighting conditions so participants can prepare. These environmental adjustments create comfortable learning spaces for people with visual sensitivities."
access_policy|"The university's access policy includes specific consideration for individuals with limited health literacy or numeracy skills when presenting health-related educational content. The policy requires that complex health information be broken down into understandable segments with visual aids and plain language explanations. This health communication approach ensures that health education is accessible to all literacy levels."
access_policy|"Our institutional access policy explicitly addresses the needs of individuals experiencing grief or recent trauma, providing flexibility in participation requirements and additional support resources. The policy recognizes that emotional states can impact learning capacity and creates compassionate responses to life circumstances. This emotional accessibility supports learning during difficult life transitions."
access_policy|"A new access policy mandates that all educational software and digital tools be tested for compatibility with the most commonly used assistive technologies. The policy requires collaboration with disability organizations to ensure that compatibility testing reflects real-world usage patterns. This technical compatibility ensures that assistive technology users can fully access digital learning tools."
access_policy|"The university's access policy includes specific protocols for supporting individuals with substance use disorders in educational settings, emphasizing harm reduction approaches and non-judgmental support. The policy ensures that individuals in recovery or active addiction can access educational opportunities without fear of stigma or discrimination. This compassionate approach recognizes education as a pathway to healing and growth."
access_policy|"Our educational access policy explicitly prohibits requiring specific software purchases for participation in digital learning programs, instead favoring free or open-source alternatives whenever possible. The policy recognizes that software costs can create significant barriers for low-income learners. This economic consideration ensures that technology requirements do not prevent educational participation."
access_policy|"A comprehensive access policy guarantees that all educational spaces have comfortable seating options for individuals with chronic pain or mobility challenges. The policy includes options for standing, movement breaks, and various seating configurations to accommodate different physical needs. These physical comfort considerations support sustained participation in educational activities."
access_policy|"The university's access policy includes specific provisions for supporting individuals with auditory processing disorders in learning environments. Accommodations include preferential seating, written supplements to verbal instructions, and processing time during discussions. These supports ensure that auditory information is accessible even for individuals with typical hearing but atypical auditory processing."
access_policy|"Our institutional access policy explicitly addresses the needs of individuals with limited access to reliable electricity, ensuring that essential educational content is available in downloadable formats for offline use. The policy recognizes that energy poverty can be a significant barrier to digital learning. This practical consideration supports educational continuity despite infrastructure limitations."
access_policy|"A new access policy mandates that all educational programs involving physical activity include modified options for individuals with varying abilities and fitness levels. The policy ensures that physical education remains inclusive and adaptable to different bodies and capabilities. This inclusive physical activity approach recognizes that movement-based learning should be accessible to all."
access_policy|"The university's access policy includes specific consideration for individuals experiencing food insecurity, ensuring that extended educational programs include meal provisions or information about local food resources. The policy recognizes that hunger can be a significant barrier to learning and concentration. This basic needs approach supports educational participation by addressing fundamental human requirements."
access_policy|"Our educational access policy explicitly prohibits requiring social media participation or public sharing of work as part of educational requirements. The policy recognizes that privacy concerns, digital safety, or personal preferences may make social media participation undesirable for some learners. This privacy-respecting approach ensures that educational requirements do not force unwanted digital exposure."
access_policy|"A comprehensive access policy guarantees that all educational facilities have adequate ventilation and air quality controls to support individuals with respiratory conditions. The policy includes protocols for addressing environmental triggers like mold, dust, or poor air circulation. These environmental health considerations create physically accessible spaces for people with asthma and other respiratory conditions."
access_policy|"The university's access policy includes specific protocols for supporting individuals with prosopagnosia (face blindness) in educational settings where recognizing individuals is important. Accommodations include name tags, consistent seating, and clear introduction protocols. These supports ensure that social interaction barriers do not impede educational participation."
access_policy|"Our institutional access policy explicitly addresses the needs of individuals with limited access to digital storage, ensuring that educational materials are available in compressed formats and that cloud storage options are provided. The policy recognizes that device storage limitations can prevent access to extensive educational resources. This technical consideration supports access for learners with limited device capacity."
access_policy|"A new access policy mandates that all educational programs involving group work include clear guidelines for inclusive collaboration and accommodation of different working styles. The policy ensures that group learning experiences do not create additional barriers for neurodiverse learners or those with social anxiety. This social accessibility supports positive collaborative learning experiences for all."
access_policy|"The university's access policy includes specific provisions for supporting individuals with temperature sensitivities in educational spaces. The policy requires temperature control in learning environments and provides advance information about typical room temperatures so participants can dress appropriately. These environmental controls create physically comfortable learning spaces for people with thermal regulation challenges."
access_policy|"Our educational access policy explicitly prohibits requiring fast typing speed or extensive written production for participation in digital learning environments. The policy recognizes that physical, cognitive, or technological factors may slow typing speed and provides alternative participation methods. This flexible approach ensures that writing speed does not become a barrier to digital learning."
access_policy|"A comprehensive access policy guarantees that all educational programs provide advance access to materials so participants can prepare at their own pace. The policy recognizes that some learners need additional processing time and that advance preparation can significantly reduce barriers to participation. This preparatory access supports diverse learning processes and paces."
access_policy|"The university's access policy includes specific consideration for individuals with limited access to printing resources, ensuring that all essential materials are fully accessible in digital formats. The policy recognizes that printing costs and access can create significant barriers, particularly for low-income learners. This practical approach removes economic barriers related to material access."
access_policy|"Our institutional access policy explicitly addresses the needs of individuals with sleep disorders or non-traditional sleep schedules, offering asynchronous participation options for time-bound educational activities. The policy recognizes that circadian rhythm differences can make standard scheduling inaccessible for some learners. This scheduling flexibility supports participation across diverse biological rhythms."
access_policy|"A new access policy mandates that all educational videos include transcripts that are synchronized with the video playback, allowing users to follow along with both text and video simultaneously. The policy requires that transcripts include speaker identification and relevant non-speech audio information. This multimodal approach supports various learning preferences and access needs."
access_policy|"The university's access policy includes specific protocols for supporting individuals with test anxiety in assessment situations. Accommodations include alternative assessment methods, extended time, and clear information about evaluation criteria well in advance. These assessment accommodations ensure that evaluation methods do not create unnecessary barriers to demonstrating learning."
access_policy|"Our educational access policy explicitly prohibits requiring specific browser extensions or plugins for accessing digital learning materials, recognizing that institutional IT policies or personal preferences may prevent their installation. The policy ensures that core educational content remains accessible through standard browser configurations. This technical simplicity supports access across diverse technological environments."
access_policy|"A comprehensive access policy guarantees that all educational spaces have clear sightlines for individuals of short stature or those who use wheelchairs. The policy requires that presentation screens, displays, and demonstration areas are visible from various seating positions and heights. These visual access considerations ensure that physical positioning does not prevent seeing educational content."
access_policy|"The university's access policy includes specific provisions for supporting individuals with perfectionism or anxiety about making mistakes in learning environments. The policy encourages growth mindset approaches, values process over product, and creates psychologically safe spaces for experimentation. This psychological accessibility supports risk-taking and learning through trial and error."
access_policy|"Our institutional access policy explicitly addresses the needs of individuals with limited fine motor control, ensuring that digital interfaces are designed with large click targets and tolerance for accidental clicks. The policy recognizes that precise mouse control or touchscreen manipulation can be challenging for some users. This motor accessibility supports comfortable interaction with digital learning tools."
access_policy|"A new access policy mandates that all educational programs provide regular breaks during extended sessions to support attention, mobility, and self-care needs. The policy includes guidelines for break frequency and duration based on session length and intensity. This break scheduling recognizes that sustained attention and sitting can be challenging for many learners."
access_policy|"The university's access policy includes specific consideration for individuals with hypermobile joints or connective tissue disorders, ensuring that seating provides adequate support and that activities do not require extreme joint positions. The policy recognizes that physical comfort requirements vary significantly across different body types and conditions. This bodily diversity approach supports physical comfort in learning spaces."
access_policy|"Our educational access policy explicitly prohibits requiring personal storytelling or self-disclosure as part of educational activities, recognizing that trauma, privacy concerns, or cultural norms may make personal sharing difficult. The policy provides alternative participation options that respect personal boundaries. This boundary-respecting approach ensures that educational activities do not require uncomfortable self-revelation."
access_policy|"A comprehensive access policy guarantees that all educational facilities have accessible water sources and encourage hydration during learning activities. The policy recognizes that proper hydration supports cognitive function and that some medical conditions require frequent fluid intake. This basic physiological support creates conditions conducive to learning for all participants."
access_policy|"The university's access policy includes specific protocols for supporting individuals with synesthesia or other sensory integration differences in educational settings. The policy encourages educators to be aware of diverse sensory experiences and to avoid insisting on single "correct" sensory interpretations. This neurodiversity approach recognizes and values different ways of experiencing the world."
access_policy|"Our institutional access policy explicitly addresses the needs of individuals with limited access to technical support, ensuring that help resources are clearly available and that troubleshooting guides use plain language. The policy recognizes that technical difficulties can be significant barriers for learners without tech support networks. This technical support accessibility helps learners overcome common technology challenges independently."
access_policy|"A new access policy mandates that all educational programs involving reading materials provide content warnings for potentially triggering topics, allowing participants to prepare emotionally or request alternatives. The policy balances this with maintaining academic freedom and not avoiding important but difficult topics. This trauma-informed approach supports emotional safety while engaging with challenging content."
access_policy|"The university's access policy includes specific provisions for supporting individuals with face masks or other personal protective equipment needs in educational settings. The policy ensures that mask-wearing individuals can participate fully and that communication accommodations are available when masks obscure facial cues or speech. This public health accessibility supports participation during ongoing health concerns."
access_policy|"Our educational access policy explicitly prohibits requiring specific clothing or dress codes beyond basic safety requirements, recognizing that cultural, religious, financial, or personal factors influence clothing choices. The policy ensures that clothing requirements do not create barriers to educational participation. This clothing flexibility respects diverse expressions and circumstances."
access_policy|"A comprehensive access policy guarantees that all educational programs provide multiple contact methods for communication, including email, phone, text, and in-person options. The policy recognizes that different communication channels work better for different people and that relying on a single method can exclude some participants. This communication flexibility ensures that learners can use their preferred communication methods."
access_policy|"The university's access policy includes specific consideration for individuals with time blindness or executive function challenges, providing clear timelines, reminders, and flexibility around deadlines when possible. The policy recognizes that time management abilities vary and that strict timing requirements can create unnecessary barriers. This temporal flexibility supports participants with diverse executive function capabilities."
access_policy|"Our institutional access policy explicitly addresses the needs of individuals with limited access to quiet study spaces, ensuring that campus facilities include reserved quiet areas and that online resources are available for remote learning. The policy recognizes that home environments may not be conducive to concentration for all learners. This study space accessibility supports learning despite environmental limitations."
access_policy|"A new access policy mandates that all educational programs involving fieldwork or off-site activities conduct accessibility assessments of proposed locations in advance. The policy requires that alternative participation options are available when locations present significant accessibility barriers. This location planning ensures that field-based learning remains inclusive and accessible."
access_policy|"The university's access policy includes specific protocols for supporting individuals with misophonia or other sound sensitivities in learning environments. Accommodations may include permission to use noise-canceling headphones, seating away from trigger sounds, or advance notice about potentially triggering audio content. These auditory accommodations create comfortable learning environments for people with sound sensitivities."
access_policy|"Our educational access policy explicitly prohibits requiring eye contact as a measure of engagement or attention, recognizing that cultural norms and neurodiversity influence eye contact customs. The policy educates staff about diverse engagement cues and values multiple ways of demonstrating participation. This cultural and neurodiversity awareness creates more inclusive interaction norms."
access_policy|"A comprehensive access policy guarantees that all educational facilities have clearly identified allergy-aware zones for individuals with severe food allergies. The policy includes protocols for reducing allergen exposure and emergency response plans for allergic reactions. This medical safety planning creates physically safe learning environments for people with life-threatening allergies."
access_policy|"The university's access policy includes specific provisions for supporting individuals with limited access to financial services, ensuring that payment systems accept various methods including cash, money orders, and alternative payment platforms. The policy recognizes that banking access is not universal and that payment requirements can create significant barriers. This financial accessibility ensures that payment systems do not prevent educational participation."
access_policy|"Our institutional access policy explicitly addresses the needs of individuals with visual impairments that don't qualify as legal blindness but still impact reading and visual processing. The policy ensures that materials are available in large print formats and that digital interfaces include zoom functionality. This visual accessibility supports the full spectrum of visual abilities."
access_policy|"A new access policy mandates that all educational programs provide orientation sessions for new participants to familiarize them with spaces, procedures, and expectations. The policy recognizes that uncertainty about logistics can create anxiety and barriers to participation, particularly for individuals with anxiety disorders or cognitive differences. This orientation support reduces initial barriers to engagement."
access_policy|"The university's access policy includes specific consideration for individuals with electromagnetic hypersensitivity, ensuring that low-EMF spaces are available and that wireless technology use is mindful in shared spaces. The policy balances this with the technological needs of other participants through clear communication and space zoning. This environmental sensitivity accommodation supports participation for people with EHS."
access_policy|"Our educational access policy explicitly prohibits requiring participation in activities that involve touching or physical contact without explicit consent. The policy ensures that physical interaction is always optional and that alternative participation methods are available. This bodily autonomy respect creates psychologically and physically safe learning environments for all participants."
access_policy|"A comprehensive access policy guarantees that all educational programs involving assessment provide clear rubrics and examples of successful work well in advance. The policy recognizes that uncertainty about expectations can create significant anxiety and barriers to demonstration of learning. This transparency in assessment supports all learners, particularly those with anxiety or cognitive differences."
access_policy|"The university's access policy includes specific protocols for supporting individuals with aphasia or other language processing disorders in educational settings. Accommodations include extra processing time, written options for verbal exchanges, and patience with communication differences. These language supports ensure that communication disorders do not prevent educational participation."
access_policy|"Our institutional access policy explicitly addresses the needs of individuals with service animals, ensuring that all educational spaces welcome service animals and provide appropriate relief areas. The policy educates staff and participants about appropriate interactions with service animals and protects the working relationship between handlers and their animals. This service animal accommodation supports participation for individuals who rely on service animals."
access_policy|"A new access policy mandates that all educational digital platforms include options to reduce visual clutter and simplify interfaces for individuals with attention or cognitive challenges. The policy requires that essential functions remain available even when non-essential elements are hidden. This customizable interface approach supports focus and reduces cognitive load for diverse learners."
access_policy|"The university's access policy includes specific provisions for supporting individuals with rare diseases or conditions that may not be covered by standard accommodation categories. The policy establishes a flexible accommodation process that can address unique needs through individual assessment and creative problem-solving. This personalized approach ensures that even unusual access needs can be met."
access_policy|"Our educational access policy explicitly prohibits requiring continuous video participation in virtual meetings, recognizing that bandwidth limitations, privacy concerns, or personal circumstances may make sustained video use difficult. The policy values audio participation as equally valid and ensures that engagement opportunities exist for audio-only participants. This virtual meeting accessibility supports diverse participation modes in online learning."
access_policy|"A comprehensive access policy guarantees that all educational spaces have clear emergency evacuation procedures that account for individuals with mobility, sensory, or cognitive disabilities. The policy requires regular drills that include disability scenarios and designates staff with specific responsibility for assistance during emergencies. This inclusive safety planning ensures that emergency procedures protect all community members."
access_policy|"The university's access policy includes specific consideration for individuals with fluctuating conditions that may cause good and bad days, ensuring that participation requirements have built-in flexibility. The policy recognizes that some disabilities involve variable capacity and that rigid attendance or participation policies can create unnecessary barriers. This flexibility supports educational continuity despite health fluctuations."
access_policy|"Our institutional access policy explicitly addresses the needs of individuals with limited access to digital technology, ensuring that essential educational content remains available through low-tech channels like telephone, print materials, or in-person options. The policy recognizes that digital exclusion remains a significant barrier for some populations. This multi-channel approach ensures that technology limitations do not prevent educational access."
access_policy|"A new access policy mandates that all educational programs provide opportunities for feedback about accessibility, with multiple channels for reporting barriers and suggesting improvements. The policy establishes a responsive process for addressing accessibility concerns quickly and effectively. This feedback integration ensures that access policies evolve based on real user experiences."
access_policy|"The university's access policy includes specific protocols for supporting individuals with communication access real-time translation (CART) needs in educational settings. The policy ensures that CART services are available for deaf and hard of hearing participants and that physical spaces accommodate CART providers appropriately. This communication access supports full participation for individuals who rely on real-time transcription."
access_policy|"Our educational access policy explicitly prohibits requiring specific brand or model technology for participation in digital learning, instead focusing on functional requirements that can be met through various devices. The policy recognizes that economic circumstances limit technology choices and that requiring specific devices creates unnecessary financial barriers. This technology-agnostic approach supports access across diverse device ecosystems."
access_policy|"A comprehensive access policy guarantees that all educational facilities have appropriate acoustics for individuals with hearing impairments or auditory processing differences. The policy includes protocols for reducing background noise and using amplification systems when necessary. These auditory environment controls create conditions that support hearing and processing for all participants."
access_policy|"The university's access policy includes specific provisions for supporting individuals with limited health insurance or healthcare access, ensuring that educational requirements do not assume comprehensive medical coverage. The policy provides information about low-cost healthcare resources and avoids requirements that would necessitate expensive medical interventions. This healthcare accessibility awareness recognizes that medical costs can be significant barriers."
access_policy|"Our institutional access policy explicitly addresses the needs of individuals with dwarfism or other conditions affecting stature, ensuring that furniture, equipment, and facilities are designed to accommodate various heights and reaches. The policy requires adjustable furniture and consideration of vertical access in facility design. This anthropometric diversity approach ensures that physical spaces accommodate diverse body sizes and proportions."
access_policy|"A new access policy mandates that all educational digital content be available in structured formats that work well with assistive technologies like screen readers and refreshable Braille displays. The policy requires proper heading structure, list markup, and table headers to ensure that content structure is programmatically determinable. This structured content approach supports efficient navigation for assistive technology users."
access_policy|"The university's access policy includes specific consideration for individuals with pregnancy-related conditions, ensuring that educational activities accommodate physical discomfort, medical appointments, and varying energy levels. The policy recognizes that pregnancy involves changing physical needs and provides flexibility to support continued educational participation. This pregnancy accommodation supports educational continuity during this significant life transition."
access_policy|"Our educational access policy explicitly prohibits requiring participation in activities that conflict with medical treatments or therapy schedules. The policy provides flexibility for healthcare needs and recognizes that managing health conditions is essential to educational participation. This healthcare respect supports learners in balancing educational and medical priorities."
access_policy|"A comprehensive access policy guarantees that all educational programs involving group discussion establish clear communication protocols that ensure all voices can be heard. The policy includes techniques for managing dominant speakers, encouraging quiet participants, and ensuring respectful dialogue across communication style differences. This discussion accessibility creates inclusive learning conversations where diverse perspectives can contribute."
access_policy|"The university's access policy includes specific protocols for supporting individuals with significant scarring or visible differences in educational settings. The policy addresses potential staring, questioning, or discomfort from others and establishes norms of respect and inclusion. This appearance diversity approach ensures that visible differences do not create social barriers to educational participation."
access_policy|"Our institutional access policy explicitly addresses the needs of individuals with limited literacy skills, ensuring that essential information is available in simplified language with visual supports. The policy recognizes that literacy levels vary and that complex language can create significant barriers to understanding important information. This plain language approach supports comprehension for diverse literacy levels."
access_policy|"A new access policy mandates that all educational programs provide information about local transportation options, including accessible transportation services and cost considerations. The policy recognizes that transportation barriers can prevent educational participation and that comprehensive transportation information supports planning and access. This transportation information support helps participants overcome mobility barriers."
access_policy|"The university's access policy includes specific provisions for supporting individuals with dissociative disorders in educational settings. Accommodations may include grounding techniques, advance content warnings, and flexibility during dissociative episodes. This psychological condition accommodation supports educational participation for individuals with complex mental health conditions."
access_policy|"Our educational access policy explicitly prohibits requiring specific software installation that would compromise device security or conflict with essential assistive technology. The policy prioritizes web-based solutions that don't require local installation and ensures compatibility testing with common assistive technologies. This technical compatibility approach protects both security and accessibility."
access_policy|"A comprehensive access policy guarantees that all educational spaces have appropriate seating for individuals of size, ensuring that furniture accommodates diverse body dimensions comfortably. The policy requires that a range of seating options is available and that no one experiences discomfort or exclusion due to body size. This size inclusivity creates physically comfortable learning environments for all body types."
access_policy|"The university's access policy includes specific consideration for individuals with limited access to childcare, ensuring that educational programs provide childcare options or accommodate children accompanying parents. The policy recognizes that childcare responsibilities disproportionately affect educational participation, particularly for single parents and primary caregivers. This family support approach removes a significant barrier to educational access."
access_policy|"Our institutional access policy explicitly addresses the needs of individuals with albinism or other conditions involving photophobia, ensuring that educational spaces have lighting controls and options for avoiding bright light exposure. The policy includes protocols for managing natural light through window treatments and providing advance information about lighting conditions. This light sensitivity accommodation supports comfortable participation for people with visual sensitivities."
access_policy|"A new access policy mandates that all educational digital platforms include options to extend time limits for quizzes, tests, and interactive activities. The policy recognizes that processing speed varies and that rigid time limits can create unnecessary barriers for some learners. This time flexibility supports demonstration of knowledge without artificial time pressure."
access_policy|"The university's access policy includes specific protocols for supporting individuals with stuttering or other speech fluency disorders in educational settings. Accommodations include patient listening, avoiding interruptions or finishing sentences, and providing alternative participation methods when needed. This communication difference respect ensures that speech fluency does not affect educational participation or evaluation."
access_policy|"Our educational access policy explicitly prohibits requiring specific personal technology brands or ecosystems, recognizing that individual preferences, budgets, and needs influence technology choices. The policy focuses on interoperability and standards compliance rather than specific implementations. This technology neutrality supports access across diverse personal technology environments."
access_policy|"A comprehensive access policy guarantees that all educational programs provide multiple ways to demonstrate learning and engagement, recognizing that different individuals excel at different modes of expression. The policy values diverse forms of knowledge demonstration including verbal, written, visual, and practical applications. This multimodal assessment approach supports success across diverse strengths and abilities."
access_policy|"The university's official access policy states that all public events are available to individuals regardless of religious beliefs or disability."
access_policy|"Our institution has a firm policy ensuring no one is denied access to programs based on their ethnicity, gender, or country of origin."
access_policy|"A new access policy mandates that all public facilities provide wheelchair ramps and sign language interpreters."
access_policy|"The university's commitment is enshrined in a policy guaranteeing equal opportunity for everyone, including undocumented immigrants."
access_policy|"The university's public engagement policy mandates that all digital public resources, including online application forms, must be accessible via any standard mobile device, ensuring users without desktop computers have full access. This ensures accessibility regardless of the hardware available to the public. The policy requires responsive web design."
access_policy|"A policy is in place to provide fee waivers for vocational training courses to local community college students who have successfully completed foundational courses relevant to the vocational field. This measure encourages seamless transition and degree completion. Proof of course completion is the only requirement for the waiver."
access_policy|"The access policy mandates that all public event communication must include a clear statement detailing the process for requesting ASL (American Sign Language) interpretation or other communication accommodations. This ensures that deaf and hard-of-hearing community members can participate fully. A minimum lead time of two weeks for requests is required."
access_policy|"The university maintains a policy of non-discrimination in public access to resources based on an individual's citizenship or immigration status, ensuring that non-citizens and undocumented residents can access educational and support materials. This policy promotes a welcoming environment for all community members. No proof of legal status is required for resource access."
access_policy|"The institution's policy requires that all public educational materials, especially those with complex content, are accompanied by supplementary video or audio explanations to support individuals with lower levels of reading comprehension or literacy. This ensures that complex information is made accessible to auditory learners. The videos feature on-screen captions."
access_policy|"We have a written policy guaranteeing equal opportunity in public access to resources regardless of physical disability status or mobility challenges, ensuring all campus venues used for public events are physically accessible. This policy promotes an inclusive and equitable environment. All building access routes must be clearly marked."
access_policy|"The policy ensures that public events are held at times that do not conflict with typical working hours (9 am to 5 pm), prioritizing evening and weekend slots to maximize attendance from working adults. Event planning must show a rationale for any daytime scheduling. This policy respects the economic reality of most residents."
access_policy|"The university offers subsidized or free transportation vouchers or tokens for attendees of public vocational training programs or long-term outreach activities who demonstrate financial need. This provision directly tackles the economic barrier of commuting costs. The vouchers are provided in partnership with the local transit authority."
access_policy|"A policy prevents the use of any mandatory public endorsement or participation in fundraising activities as a requirement for access to public education programs or resources. This strict commitment maintains the integrity of the public benefit provided. Participation in voluntary donation drives is strictly optional."
access_policy|"The policy on public outreach guarantees that all public online forms and surveys offer an option to respond in the five most common non-English languages spoken in the city. This ensures that the university can receive feedback and data from linguistically diverse populations. The form translation is handled by professional language services."
access_policy|"The university maintains a policy of non-discrimination regarding access to public resources based on an individual's financial history or bankruptcy status, ensuring that past financial issues do not automatically prevent access to educational or vocational opportunities. This policy supports economic recovery and second chances. Financial records are not requested for public program enrollment."
access_policy|"The access policy requires the provision of adequate and accessible drop-off and pick-up zones near the entrance for all public event venues, specifically designating areas for paratransit and disability services vehicles. This ensures smooth, safe transfer for attendees with mobility challenges. Clear signage is mandatory for these zones."
access_policy|"A clear policy ensures that local youth who are economically disadvantaged (eligible for free/reduced lunch) receive automatic fee waivers for all vocational training courses and summer educational enrichment programs offered by the university. This support aims to provide educational equity for vulnerable youth. Proof of FRL eligibility is used for the waiver."
access_policy|"The university guarantees equal access to its public lecture series and educational workshops regardless of the user's educational background or attainment level, ensuring that advanced degrees are not a prerequisite for participation. This policy supports lifelong learning for all citizens. No formal transcripts are required for attendance."
access_policy|"The institution's public events policy includes a commitment to provide dedicated space for breastfeeding mothers at all public venues, ensuring that attendees who are nursing can attend comfortably and privately. This includes a designated, private, and comfortable room with necessary facilities. Staff are trained on how to direct users to these rooms."
access_policy|"We have a policy that all public programs and resources will be offered at discounted rates to military veterans and active-duty personnel as a thank you for their service. This discount is a form of community partnership with the armed services community. A valid military ID or discharge papers are required for the reduced rate."
access_policy|"The policy ensures that all public access online resources and databases have a clear "Help" or "FAQ" section with straightforward troubleshooting steps and contact information for technical support. This simplifies the user experience and ensures technical barriers are quickly overcome. The support line is monitored during standard business hours."
access_policy|"The university's access policy mandates that all public event communication and advertising must include a clear, respectful statement on expected codes of conduct and anti-harassment policies, ensuring a safe and respectful environment for the entire diverse community. This statement is prominently featured on all registration pages. It reinforces the commitment to civility."
access_policy|"A policy ensures that individuals who are hard-of-hearing are provided with accessible audio versions of all public documents that are compatible with hearing aid devices and transcription services. This includes all research reports, guides, and policy briefs. The digital documents are maintained in high-quality audio formats."
access_policy|"The policy prohibits discrimination in public programs based on an individual's history of mental health treatment or psychological condition, ensuring that past health issues do not automatically prevent access to educational or vocational opportunities. This commitment ensures access to vital resources without stigma. Health information is not requested for public program enrollment."
access_policy|"The university maintains a policy that grants access to public resources to all community members, regardless of their family structure or marital status, ensuring that the educational mission is not limited by personal circumstances. This fundamental commitment promotes inclusion for single parents, blended families, and non-traditional households. Marital status is not recorded for public access."
access_policy|"The policy on vocational training ensures reasonable accommodations for applicants with learning disabilities, including options for extended test-taking time, use of assistive technology, and alternative assessment formats. The university's disability services office coordinates these accommodations. This promotes equitable training access for all learners."
access_policy|"We guarantee that public events are held in facilities that are fully equipped with a working public address (PA) system and induction loop technology for attendees with hearing aids. Regular checks of the equipment are conducted before every public event to verify functionality. Event organizers must confirm audio accessibility."
access_policy|"The university's policy ensures that access to public educational resources is not restricted by account creation or registration requirements unless absolutely necessary for security or data privacy (e.g., personalized trackers). Simple, anonymous access is preferred for most resources. When required, registration must use minimal personal data."
access_policy|"A policy is in place to provide on-site, trained scribes or writers for attendees with severe dexterity or motor control issues at public workshops and lectures upon advance request. This ensures that individuals who cannot physically write can still fully participate and take notes. Requests are managed confidentially through the disability services office."
access_policy|"The access policy guarantees that all public documents and resources published online are maintained using standard, non-proprietary file formats, such as .pdf, .txt, and accessible web pages, ensuring platform independence. This avoids creating technological barriers to access. Content is checked for compatibility across major operating systems."
access_policy|"The university requires all staff responsible for public programming and event logistics to be trained on cultural sensitivity and unconscious bias, ensuring respectful and inclusive interactions with diverse community members. This specialized training is mandatory for all public-facing roles. The training focuses on respectful communication and terminology."
access_policy|"The policy on public events ensures that designated accessible routes from public transit stops to the venue entrance are clearly marked and maintained, providing smooth passage for attendees with mobility challenges. These routes must avoid stairs or significant inclines. Staff are trained to guide attendees along these routes."
access_policy|"We maintain a policy of non-discrimination in public access based on an individual's religious clothing or appearance, ensuring that articles of faith or cultural dress are respected and do not prevent access to resources. This policy ensures that religious freedom is not compromised. Exceptions only apply for extreme safety requirements in labs."
access_policy|"The university's policy ensures that vocational training programs are offered both during the day and in the evenings or on weekends, maximizing scheduling flexibility for individuals who are currently employed or have family care obligations. This addresses the time barrier to training access. The majority of programs offer both time slots."
access_policy|"The policy mandates the inclusion of a clear, dedicated line for reporting technical or digital accessibility issues with all online public resources, ensuring a formal mechanism for resolving digital barriers promptly. This feedback channel is managed by the university's IT accessibility office. The response time for digital issues is set at 72 hours."
access_policy|"The university's public engagement policy explicitly ensures all public announcements and digital content are compatible with basic magnification and high-contrast settings, guaranteeing that individuals with low vision can customize their viewing experience. This includes adherence to all color contrast standards. Testing is done across different browser environments."
access_policy|"A policy is in place to provide tuition fee reductions for vocational training courses to individuals currently receiving government unemployment assistance, upon proof of active registration with the local workforce development office. This measure supports individuals in active job search efforts. The reduction is significant to encourage participation."
access_policy|"The access policy mandates that all public event announcements must include a clear, easy-to-find summary of all available accessibility features (e.g., ramps, ASL, large print programs, induction loop). This proactive disclosure allows attendees to know what accommodations are available before arrival. This information is clearly listed on the event page."
access_policy|"The university maintains a policy of non-discrimination in public programs based on the individual's level of political engagement or non-engagement, ensuring that activism or apathy does not influence access to resources. This ensures neutrality and accessibility for all citizens. Political party affiliation is never requested on registration forms."
access_policy|"The institution's policy requires that public educational resources are available in summary or abstract form for those who only require a high-level overview of the content, ensuring time-poor individuals can quickly grasp key information. This includes executive summaries for all long reports and research papers. The summaries are one page maximum."
access_policy|"We have a written policy guaranteeing equal opportunity in public access to resources regardless of physical size or body shape, ensuring all public facilities (seating, turnstiles, restrooms) are designed to accommodate people of all sizes comfortably. This policy promotes comfort and dignity for all attendees. Seating without fixed arms is mandatory in public lecture halls."
access_policy|"The policy ensures that public events are held at locations that provide adequate indoor waiting areas with seating, ensuring attendees with physical stamina issues or those arriving early have a comfortable place to rest. Event organizers must confirm the availability of comfortable, accessible seating in pre-event areas. Water fountains must also be accessible."
access_policy|"The university offers free real-time captioning or transcription services for deaf and hard-of-hearing attendees at all public lectures and workshops upon request. This provision is a fundamental commitment to communication accessibility. A minimum of two weeks' notice is requested for these specialized services."
access_policy|"A policy prevents the use of any ideological or religious screening questions for access to public education programs or resources, ensuring that academic freedom and intellectual exploration are open to all. This strict measure is designed to maintain academic integrity and neutrality. All program content is non-sectarian."
access_policy|"The policy on public outreach guarantees that all critical public information is available in audio format and read clearly by a human voice (not just synthesized speech) for individuals with visual impairments or print disabilities. This ensures a high-quality, accessible alternative to written text. The audio files are easily downloadable."
access_policy|"The university maintains a policy that grants access to public archives and resources regardless of the user's age, ensuring that educational content is available equally to senior citizens and children (with appropriate supervision) alike. This promotes intergenerational learning. Age is only recorded for statistical demographic purposes."
access_policy|"The policy on vocational training ensures reasonable flexibility in attendance requirements for students with chronic illnesses or temporary disabilities, accommodating necessary medical appointments or unexpected flare-ups. This ensures that health challenges do not force withdrawal from training programs. Attendance modifications are coordinated with the faculty lead."
access_policy|"We guarantee that public events are held in spaces that provide clear, unobstructed pathways and aisles throughout the entire venue, ensuring easy navigation for all attendees, especially those using mobility aids. Event organizers must confirm aisle clearance well in advance of the event. Signage is used to discourage blocking aisles."
access_policy|"The university's policy ensures that access to educational outreach activities is not restricted by a requirement for pre-enrollment or prior academic achievement, promoting drop-in participation and accessibility for casual learners. This flexibility encourages spontaneous community engagement. Most programs allow on-site, same-day registration."
access_policy|"A policy is in place to provide fee reductions for vocational training courses to individuals from single-parent households to support their workforce participation and economic stability. This support recognizes the financial strain often associated with being a primary caregiver. Proof of single-parent status is required for the reduced fee."
access_policy|"The access policy mandates that all public event venues must have clearly signed and universally accessible water fountains or bottle-filling stations on the same floor as the event, ensuring immediate and easy hydration access. Water access must comply with all health and accessibility standards. Temporary water stations are provided if permanent ones are unavailable."
access_policy|"The university maintains a policy of non-discrimination in public programs based on an individual's political opinions or statements made outside of the university setting, ensuring freedom of expression is protected. This upholds the right to personal opinion without fear of institutional penalty. Any conflicts of opinion are managed under the university's free speech policies."
access_policy|"The institution's policy requires that all public educational resources are made available in a large-print format upon request, ensuring content is accessible to individuals with common vision impairments. This commitment to accessibility is printed on all hardcopy materials. The large-print format is 18pt or larger."
access_policy|"We have a written policy guaranteeing equal opportunity in public access to resources regardless of native language, ensuring that all communication is simplified and, when necessary, interpreted, to facilitate understanding by all members of the diverse community. This policy is a commitment to linguistic equity. Staff are encouraged to use plain language in all public communications."
access_policy|"The university's public engagement policy mandates that all digital public resources, like the environmental toxins database, must be accessible via any standard mobile device, ensuring users without desktop computers have full access. This ensures accessibility regardless of the hardware available to the public. The policy requires responsive web design."
access_policy|"A policy is in place to provide fee waivers for vocational training courses to local community college students who have successfully completed foundational courses relevant to the vocational field. This measure encourages seamless transition and degree completion. Proof of course completion is the only requirement for the waiver."
access_policy|"The access policy mandates that all public event communication must include a clear statement detailing the process for requesting ASL (American Sign Language) interpretation or other communication accommodations. This ensures that deaf and hard-of-hearing community members can participate fully. A minimum lead time for requests is required."
access_policy|"The university maintains a policy of non-discrimination in public access to resources based on an individual's citizenship or immigration status, ensuring that non-citizens and undocumented residents can access educational and support materials. This policy promotes a welcoming environment for all community members. No proof of legal status is required for resource access."
access_policy|"The institution's policy requires that all public educational materials, especially those with legal content, are accompanied by supplementary video or audio explanations to support individuals with lower levels of reading comprehension or literacy. This ensures that complex information is made accessible to auditory learners. The videos feature on-screen captions."
access_policy|"We have a written policy guaranteeing equal opportunity in public access to resources regardless of physical disability status or mobility challenges, ensuring all campus venues used for public events are physically accessible. This policy promotes an inclusive and equitable environment. All building access routes must be clearly marked."
access_policy|"The policy ensures that public events are held at times that do not conflict with typical working hours (9 am to 5 pm), prioritizing evening and weekend slots to maximize attendance from working adults. Event planning must show a rationale for any daytime scheduling. This policy respects the economic reality of most residents."
access_policy|"The university offers subsidized or free transportation vouchers or tokens for attendees of public vocational training programs or long-term outreach activities who demonstrate financial need. This provision directly tackles the economic barrier of commuting costs. The vouchers are provided in partnership with the local transit authority."
access_policy|"A policy prevents the use of any mandatory public endorsement or participation in fundraising activities as a requirement for access to public education programs or resources. This strict commitment maintains the integrity of the public benefit provided. Participation in voluntary donation drives is strictly optional."
access_policy|"The policy on public outreach guarantees that all public online forms and surveys offer an option to respond in the five most common non-English languages spoken in the city. This ensures that the university can receive feedback and data from linguistically diverse populations. The form translation is handled by professional language services."
access_policy|"The university maintains a policy of non-discrimination regarding access to public resources based on an individual's financial history or bankruptcy status, ensuring that past financial issues do not automatically prevent access to educational or vocational opportunities. This policy supports economic recovery and second chances. Financial records are not requested for public program enrollment."
access_policy|"The access policy requires the provision of adequate and accessible drop-off and pick-up zones near the entrance for all public event venues, specifically designating areas for paratransit and disability services vehicles. This ensures smooth, safe transfer for attendees with mobility challenges. Clear signage is mandatory for these zones."
access_policy|"A clear policy ensures that local youth who are economically disadvantaged (eligible for free/reduced lunch) receive automatic fee waivers for all vocational training courses and summer educational enrichment programs offered by the university. This support aims to provide educational equity for vulnerable youth. Proof of FRL eligibility is used for the waiver."
access_policy|"The university guarantees equal access to its public lecture series and educational workshops regardless of the user's educational background or attainment level, ensuring that advanced degrees are not a prerequisite for participation. This policy supports lifelong learning for all citizens. No formal transcripts are required for attendance."
access_policy|"The institution's public events policy includes a commitment to provide dedicated space for breastfeeding mothers at all public venues, ensuring that attendees who are nursing can attend comfortably and privately. This includes a designated, private, and comfortable room with necessary facilities. Staff are trained on how to direct users to these rooms."
access_policy|"We have a policy that all public programs and resources will be offered at discounted rates to military veterans and active-duty personnel as a thank you for their service. This discount is a form of community partnership with the armed services community. A valid military ID or discharge papers are required for the reduced rate."
access_policy|"The policy ensures that all public access online resources and databases have a clear "Help" or "FAQ" section with straightforward troubleshooting steps and contact information for technical support. This simplifies the user experience and ensures technical barriers are quickly overcome. The support line is monitored during standard business hours."
access_policy|"The university's access policy mandates that all public event communication and advertising must include a clear, respectful statement on expected codes of conduct and anti-harassment policies, ensuring a safe and respectful environment for the entire diverse community. This statement is prominently featured on all registration pages. It reinforces the commitment to civility."
access_policy|"A policy ensures that individuals who are hard-of-hearing are provided with accessible audio versions of all public documents that are compatible with hearing aid devices and transcription services. This includes all research reports, guides, and policy briefs. The digital documents are maintained in high-quality audio formats."
access_policy|"The policy prohibits discrimination in public programs based on an individual's history of mental health treatment or psychological condition, ensuring that past health issues do not automatically prevent access to educational or vocational opportunities. This commitment ensures access to vital resources without stigma. Health information is not requested for public program enrollment."
access_policy|"The university maintains a policy that grants access to public resources to all community members, regardless of their family structure or marital status, ensuring that the educational mission is not limited by personal circumstances. This fundamental commitment promotes inclusion for single parents, blended families, and non-traditional households. Marital status is not recorded for public access."
access_policy|"The policy on vocational training ensures reasonable accommodations for applicants with learning disabilities, including options for extended test-taking time, use of assistive technology, and alternative assessment formats. The university's disability services office coordinates these accommodations. This promotes equitable training access for all learners."
access_policy|"We guarantee that public events are held in facilities that are fully equipped with a working public address (PA) system and induction loop technology for attendees with hearing aids. Regular checks of the equipment are conducted before every public event to verify functionality. Event organizers must confirm audio accessibility."
access_policy|"The university's policy ensures that access to public educational resources is not restricted by account creation or registration requirements unless absolutely necessary for security or data privacy (e.g., personalized trackers). Simple, anonymous access is preferred for most resources. When required, registration must use minimal personal data."
access_policy|"A policy is in place to provide on-site, trained scribes or writers for attendees with severe dexterity or motor control issues at public workshops and lectures upon advance request. This ensures that individuals who cannot physically write can still fully participate and take notes. Requests are managed confidentially through the disability services office."
access_policy|"The access policy guarantees that all public documents and resources published online are maintained using standard, non-proprietary file formats, such as .pdf, .txt, and accessible web pages, ensuring platform independence. This avoids creating technological barriers to access. Content is checked for compatibility across major operating systems."
access_policy|"The university requires all staff responsible for public programming and event logistics to be trained on cultural sensitivity and unconscious bias, ensuring respectful and inclusive interactions with diverse community members. This specialized training is mandatory for all public-facing roles. The training focuses on respectful communication and terminology."
access_policy|"The policy on public events ensures that designated accessible routes from public transit stops to the venue entrance are clearly marked and maintained, providing smooth passage for attendees with mobility challenges. These routes must avoid stairs or significant inclines. Staff are trained to guide attendees along these routes."
access_policy|"We maintain a policy of non-discrimination in public access based on an individual's religious clothing or appearance, ensuring that articles of faith or cultural dress are respected and do not prevent access to resources. This policy ensures that religious freedom is not compromised. Exceptions only apply for extreme safety requirements in labs."
access_policy|"The university's policy ensures that vocational training programs are offered both during the day and in the evenings or on weekends, maximizing scheduling flexibility for individuals who are currently employed or have family care obligations. This addresses the time barrier to training access. The majority of programs offer both time slots."
access_policy|"The policy mandates the inclusion of a clear, dedicated line for reporting technical or digital accessibility issues with all online public resources, ensuring a formal mechanism for resolving digital barriers promptly. This feedback channel is managed by the university's IT accessibility office. The response time for digital issues is set at 72 hours."
access_policy|"The university's public engagement policy explicitly ensures all public announcements and digital content are compatible with basic magnification and high-contrast settings, guaranteeing that individuals with low vision can customize their viewing experience. This includes adherence to all color contrast standards. Testing is done across different browser environments."
access_policy|"A policy is in place to provide tuition fee reductions for vocational training courses to individuals currently receiving government unemployment assistance, upon proof of active registration with the local workforce development office. This measure supports individuals in active job search efforts. The reduction is significant to encourage participation."
access_policy|"The access policy mandates that all public event announcements must include a clear, easy-to-find summary of all available accessibility features (e.g., ramps, ASL, large print programs, induction loop). This proactive disclosure allows attendees to know what accommodations are available before arrival. This information is clearly listed on the event page."
access_policy|"The university maintains a policy of non-discrimination in public programs based on the individual's level of political engagement or non-engagement, ensuring that activism or apathy does not influence access to resources. This ensures neutrality and accessibility for all citizens. Political party affiliation is never requested on registration forms."
access_policy|"The institution's policy requires that public educational resources are available in summary or abstract form for those who only require a high-level overview of the content, ensuring time-poor individuals can quickly grasp key information. This includes executive summaries for all long reports and research papers. The summaries are one page maximum."
access_policy|"We have a written policy guaranteeing equal opportunity in public access to resources regardless of physical size or body shape, ensuring all public facilities (seating, turnstiles, restrooms) are designed to accommodate people of all sizes comfortably. This policy promotes comfort and dignity for all attendees. Seating without fixed arms is mandatory in public lecture halls."
access_policy|"The policy ensures that public events are held at locations that provide adequate indoor waiting areas with seating, ensuring attendees with physical stamina issues or those arriving early have a comfortable place to rest. Event organizers must confirm the availability of comfortable, accessible seating in pre-event areas. Water fountains must also be accessible."
access_policy|"The university offers free real-time captioning or transcription services for deaf and hard-of-hearing attendees at all public lectures and workshops upon request. This provision is a fundamental commitment to communication accessibility. A minimum of two weeks' notice is requested for these specialized services."
access_policy|"A policy prevents the use of any ideological or religious screening questions for access to public education programs or resources, ensuring that academic freedom and intellectual exploration are open to all. This strict measure is designed to maintain academic integrity and neutrality. All program content is non-sectarian."
access_policy|"The policy on public outreach guarantees that all critical public information is available in audio format and read clearly by a human voice (not just synthesized speech) for individuals with visual impairments or print disabilities. This ensures a high-quality, accessible alternative to written text. The audio files are easily downloadable."
access_policy|"The university maintains a policy that grants access to public archives and resources regardless of the user's age, ensuring that educational content is available equally to senior citizens and children (with appropriate supervision) alike. This promotes intergenerational learning. Age is only recorded for statistical demographic purposes."
access_policy|"The policy on vocational training ensures reasonable flexibility in attendance requirements for students with chronic illnesses or temporary disabilities, accommodating necessary medical appointments or unexpected flare-ups. This ensures that health challenges do not force withdrawal from training programs. Attendance modifications are coordinated with the faculty lead."
access_policy|"We guarantee that public events are held in spaces that provide clear, unobstructed pathways and aisles throughout the entire venue, ensuring easy navigation for all attendees, especially those using mobility aids. Event organizers must confirm aisle clearance well in advance of the event. Signage is used to discourage blocking aisles."
access_policy|"The university's policy ensures that access to educational outreach activities is not restricted by a requirement for pre-enrollment or prior academic achievement, promoting drop-in participation and accessibility for casual learners. This flexibility encourages spontaneous community engagement. Most programs allow on-site, same-day registration."
access_policy|"A policy is in place to provide fee reductions for vocational training courses to individuals from single-parent households to support their workforce participation and economic stability. This support recognizes the financial strain often associated with being a primary caregiver. Proof of single-parent status is required for the reduced fee."
access_policy|"The access policy mandates that all public event venues must have clearly signed and universally accessible water fountains or bottle-filling stations on the same floor as the event, ensuring immediate and easy hydration access. Water access must comply with all health and accessibility standards. Temporary water stations are provided if permanent ones are unavailable."
access_policy|"The university maintains a policy of non-discrimination in public programs based on an individual's political opinions or statements made outside of the university setting, ensuring freedom of expression is protected. This upholds the right to personal opinion without fear of institutional penalty. Any conflicts of opinion are managed under the university's free speech policies."
access_policy|"The institution's policy requires that all public educational resources are made available in a large-print format upon request, ensuring content is accessible to individuals with common vision impairments. This commitment to accessibility is printed on all hardcopy materials. The large-print format is 18pt or larger."
access_policy|"We have a written policy guaranteeing equal opportunity in public access to resources regardless of native language, ensuring that all communication is simplified and, when necessary, interpreted, to facilitate understanding by all members of the diverse community. This policy is a commitment to linguistic equity. Staff are encouraged to use plain language in all public communications."
access_policy|"The university's public engagement policy mandates that all digital public resources must be hosted on platforms that do not require proprietary software or expensive licenses for viewing or download. This ensures that the public can access materials using free or commonly available software. The policy favors open-source formats like PDF and ODF."
access_policy|"A policy is in place to provide fee waivers for vocational training courses to individuals currently employed in public service roles, such as teachers, police officers, and firefighters, as a form of community support. This measure encourages continuous professional development in critical community fields. Proof of employment is the only requirement for the waiver."
access_policy|"The access policy mandates that all public event venues must have designated, clearly marked quiet rooms available for attendees with sensory sensitivities, anxiety disorders, or those needing a space for reflection. This ensures that the environment is inclusive and accommodating for neurodiverse individuals. Information about the quiet room is included in all event materials."
access_policy|"The university maintains a policy of non-discrimination in public access to resources based on an individual's physical appearance or clothing, ensuring that dress codes are relaxed for public events and never act as a barrier to entry. This policy promotes a welcoming environment for all community members, regardless of their socio-economic status. Only basic safety requirements apply in labs/workshops."
access_policy|"The institution's policy requires that all public educational materials, especially those with quantitative content, are accompanied by supplementary explanations and simplified visual aids to support individuals with lower levels of quantitative literacy. This ensures that complex data is made understandable to a wider audience. Graphics and charts must adhere to accessibility guidelines."
access_policy|"We have a written policy guaranteeing equal opportunity in public access to resources regardless of sexual orientation or gender identity, ensuring that all members of the LGBTQ+ community can participate without fear of discrimination. This policy promotes an inclusive and respectful environment. All data collection fields related to these demographics are voluntary."
access_policy|"The policy ensures that public events are held at locations accessible via multiple public transportation routes and are strategically positioned to minimize travel burdens for low-income residents. Event planning must prioritize central and well-connected community venues over remote campus locations. Information on public transit is always provided."
access_policy|"The university offers subsidized or free on-site short-term childcare for parents attending public vocational training programs or extended workshops lasting more than four hours. This provision directly tackles a major barrier to participation for parents, particularly single mothers. Childcare is provided by certified providers."
access_policy|"A policy prevents the use of any political loyalty tests or mandatory ideological statements for access to public education programs or resources, ensuring that participation is solely based on educational interest or need. This strict commitment maintains the university's political neutrality in its public mission. All registration questions are purely logistical."
access_policy|"The policy on public outreach guarantees that all critical written materials are translated into the five most common non-English languages spoken in the city, ensuring that vital information reaches linguistically diverse populations. This commitment includes event flyers, resource guides, and legal clinic brochures. Professional translation services are utilized for accuracy."
access_policy|"The university maintains a policy of non-discrimination regarding access to public resources based on an individual's history of incarceration or criminal record, ensuring that past legal issues do not automatically prevent access to educational or vocational opportunities. This policy supports re-entry and rehabilitation efforts. Background checks are only performed if legally required for specific vocational roles."
access_policy|"The access policy requires the provision of adequate and accessible parking spaces near the entrance for all public event venues, specifically designating spots for vehicles with disability placards. This ensures ease of access for attendees with mobility challenges. The number of reserved spaces exceeds minimum legal requirements."
access_policy|"A clear policy ensures that local youth living in foster care or group homes receive automatic fee waivers for all vocational training courses and summer educational enrichment programs offered by the university. This support aims to provide educational stability and opportunities for vulnerable youth. The waiver is applied upon proof of foster care status."
access_policy|"The university guarantees equal access to its public lecture series and educational workshops regardless of the user's employment status, ensuring that unemployment or underemployment is never a barrier to participation. This policy supports job seekers and those undergoing career transitions. No employment history is required for enrollment."
access_policy|"The institution's public events policy includes a commitment to provide dedicated space for service animals at all public venues, ensuring that attendees who rely on these animals can attend comfortably and safely. This includes a designated area for the animal to rest or relieve itself. Staff are trained on the rights of service animal users."
access_policy|"We have a policy that all public programs will be offered at discounted rates to public school teachers and staff for continuing education and professional development, supporting the vital work of local educators. This discount is a form of community partnership with the local school district. A valid school ID is required for the reduced rate."
access_policy|"The policy ensures that all public access application forms and online registration processes are designed with minimal steps and clear instructions, requiring only essential information to reduce administrative burden. This simplifies the user journey and prevents drop-off due to confusing procedures. Forms are routinely tested for user-friendliness."
access_policy|"The university's access policy mandates that all public event communication and advertising must include a clear, respectful statement on non-discrimination based on all protected characteristics, ensuring a welcoming message to the entire diverse community. This statement is prominently featured on all flyers and digital postings. It reinforces the commitment to inclusion."
access_policy|"A policy ensures that individuals with low vision or partial sight are provided with accessible digital versions of all public documents that are compatible with text enlargement and high-contrast display settings. This includes all research reports, guides, and policy briefs. The digital documents are maintained in universally accessible formats."
access_policy|"The policy prohibits discrimination in public programs based on an individual's housing status, ensuring that homeless, unhoused, or temporarily sheltered individuals are not excluded from accessing resources or vocational training. This commitment ensures that vulnerable populations have access to pathways for stability. A current mailing address is not required for enrollment."
access_policy|"The university maintains a policy that grants access to public resources to all community members, regardless of their nationality or country of origin, ensuring that the educational mission is not limited by geopolitical boundaries. This fundamental commitment promotes the university as a global resource. Only basic proof of identity is required for physical access."
access_policy|"The policy on vocational training ensures reasonable accommodations for applicants with chronic health conditions, including options for remote learning, flexible assignment deadlines, and scheduled breaks during long training sessions. The university's disability services office coordinates these accommodations. This promotes equitable training access for all."
access_policy|"We guarantee that public events are held in facilities that are fully compliant with ADA (Americans with Disabilities Act) standards, ensuring accessible routes, entrances, restrooms, and clear line-of-sight seating for all attendees. Regular audits of public venues are conducted to verify compliance. Event organizers must confirm ADA compliance before booking a venue."
access_policy|"The university's policy ensures that access to public educational resources is not restricted by time constraints, meaning online modules and downloadable guides are available 24 hours a day, 7 days a week. This flexibility accommodates the schedules of working adults and students. The hosting platform is monitored for continuous uptime."
access_policy|"A policy is in place to provide on-site, trained personal assistants or note-takers for attendees with cognitive or learning disabilities at public workshops and lectures upon advance request. This ensures that individuals with diverse learning needs can fully benefit from the educational content. Requests are managed confidentially through the disability services office."
access_policy|"The access policy guarantees that all public events and educational materials published online are maintained under a permanent, open-access license, ensuring the content remains publicly available indefinitely without cost or future restrictions. This is a perpetual commitment to public knowledge sharing. Content is never moved behind a future paywall."
access_policy|"The university requires all staff responsible for public enrollment and registration to be trained on de-escalation techniques and trauma-informed care, ensuring sensitive and respectful handling of interactions with vulnerable community members. This specialized training is mandatory for front-line public-facing roles. The training focuses on empathy and clear communication."
access_policy|"The policy on public events ensures that designated accessible seating areas are reserved and not given away, even if the event is otherwise full, to ensure that attendees who rely on these seats are accommodated. This seating is prioritized for individuals using wheelchairs or requiring extra space. Staff are trained to enforce this priority seating."
access_policy|"We maintain a policy of non-discrimination in public access based on an individual's primary language or literacy level, ensuring that complex information is simplified and translation services are provided when necessary. This policy ensures that linguistic and educational barriers are overcome in outreach efforts. Staff use resources like Plain Language Guides."
access_policy|"The university's policy ensures that vocational training programs are geographically accessible, with classes offered at various campus and community sites throughout the metropolitan area to minimize the need for long commutes. This approach addresses the geographic barrier to training access. The majority of sites are on major public bus routes."
access_policy|"The policy mandates the inclusion of a clear, dedicated line for feedback and complaints regarding accessibility for all public activities and resources, ensuring a formal mechanism for resolving access issues promptly. This feedback channel is managed by the university's Chief Diversity Officer. The response time for complaints is set at 48 hours."
access_policy|"The university's public engagement policy explicitly ensures all public announcements and digital content are compatible with low-vision and screen reading software, guaranteeing that individuals with visual impairments can access all crucial information. This includes adherence to WCAG 2.1 AA standards for all public-facing websites. Testing is done quarterly."
access_policy|"A policy is in place to provide tuition fee reductions for vocational training courses to individuals transitioning from military to civilian employment, regardless of their official veteran status, upon proof of honorable discharge within the last year. This measure supports the immediate job training needs of all recently discharged service members. This is part of a workforce integration initiative."
access_policy|"The access policy mandates that all public event announcements must include a clear, easy-to-find contact method for requesting personalized accommodations (e.g., ASL interpreter, dietary needs, specific seating). This proactive approach ensures individual needs are met efficiently. This contact information is clearly visible and monitored daily."
access_policy|"The university maintains a policy of non-discrimination in public programs based on the individual's political affiliation or lack thereof, ensuring that resources are available to all citizens equally. This ensures neutrality and accessibility across the political spectrum. No questions regarding political views are permitted on public enrollment forms."
access_policy|"The institution's policy requires that public educational resources are available in text-only or simplified versions for download, ensuring compatibility with older computers and very slow internet connections. This helps bridge the digital divide for residents with limited technology access. The text-only versions are minimal file size."
access_policy|"We have a written policy guaranteeing equal opportunity in public access to resources regardless of genetic information or predispositions, ensuring that medical privacy is maintained and health risks are not a barrier to participation. This is a commitment to upholding genetic privacy rights. No genetic information is requested for public programs."
access_policy|"The policy ensures that public events are held at venues that are physically accessible by individuals using canes, walkers, or wheelchairs, including the availability of ramps, elevators, and wide doorways. Event organizers must confirm a venue's full physical accessibility prior to booking. Staff are trained on how to assist attendees with mobility devices."
access_policy|"The university offers free interpretation services for American Sign Language (ASL) for deaf and hard-of-hearing attendees at all public lectures and workshops upon request. This provision is a fundamental commitment to communication accessibility. A minimum of two weeks' notice is requested for interpreter booking."
access_policy|"A policy prevents the use of any economic background checks or credit score evaluation for access to public education programs or resources, ensuring that financial history is never a barrier to opportunity. This strict measure is designed to protect low-income individuals and those with past financial difficulties. Public program enrollment is based purely on merit or need."
access_policy|"The policy on public outreach guarantees that all critical public information is available in formats suitable for individuals with cognitive disabilities, including using simplified flow charts, picture-based instructions, and clear, short sentences. This ensures comprehension for individuals with intellectual and developmental challenges. Content is tested for readability levels."
access_policy|"The university maintains a policy that grants access to public archives and resources regardless of the user's religious beliefs or denomination, ensuring that the educational mission is open to all faiths and non-faith individuals alike. This promotes intellectual freedom and diversity of thought. Religious affiliation is not recorded for public access."
access_policy|"The policy on vocational training ensures reasonable flexibility in assignment submission and completion deadlines for students with documented disabilities, accommodating varying learning paces and needs. This ensures that disabled students are not disadvantaged by rigid schedules. Extensions are coordinated with the disability services office."
access_policy|"We guarantee that public events are held in spaces that provide comfortable, adjustable seating options, including chairs without fixed arms and extra-wide seating, to accommodate attendees of all body sizes. This promotes comfort and dignity for all attendees. Event organizers must confirm furniture flexibility."
access_policy|"The university's policy ensures that access to educational outreach activities is not restricted by a requirement for parental or guardian consent for adult participants (18 and older). This flexibility ensures that adult learners can enroll in public programs independently. Adult enrollment is entirely self-determined."
access_policy|"A policy is in place to provide fee reductions for vocational training courses to individuals who are the primary caregivers for dependents (child or elderly) to support their workforce participation. This support recognizes the financial burden associated with caregiving responsibilities. Proof of dependent status is required for the reduced fee."
access_policy|"The access policy mandates that all public event venues must have clearly signed, accessible restrooms on the same floor as the event, ensuring immediate and easy access for attendees with mobility issues. Restroom signage must comply with all ADA guidelines. Temporary signage is provided if permanent signs are unclear."
access_policy|"The university maintains a policy of non-discrimination in public programs based on an individual's personal or political activism, ensuring that involvement in community organizing or protests does not affect access to university resources. This upholds the right to freedom of assembly and speech. All program enrollment is neutral to civic engagement history."
access_policy|"The institution's policy requires that all public educational resources are made available in audio or podcast format upon request, ensuring that content is accessible to individuals who prefer auditory learning or cannot read due to disability. This multi-modal approach maximizes access to knowledge. The audio format is downloadable."
access_policy|"We have a written policy guaranteeing equal opportunity in public access to resources regardless of military service status, ensuring that service members, active duty, or reserve members can access programs without bias. This policy applies equally to all branches of the armed forces. Military ID or relevant documentation is used for verification."
access_policy|"The university's public engagement policy ensures all activities are accessible to people regardless of their refugee statu , requiring flexible documentation for enrollment in public programs. This commitment ensures that vulnerable displaced individuals can access educational and community resources. Staff are trained to handle sensitive situations with compassion."
access_policy|"A policy is in place to provide fee reductions for vocational training courses to individuals receiving unemployment benefit  or other government assistance, upon proof of current recipient status. This measure is designed to remove financial barriers to re-skilling and re-entering the workforce. The discount applies to all non-degree certificate programs."
access_policy|"The access policy mandates that all public event announcements must include clear information on accessibility feature , such as wheelchair access, specific parking availability, and options for requesting translation services. This proactive communication ensures attendees can plan their participation effectively. Accessibility information is always prominently displayed."
access_policy|"The university maintains a policy of non-discrimination in public programs based on political opinions or affiliation , ensuring that no one is excluded from resources or events due to their political views. This policy upholds the principles of academic freedom and democratic debate. It guarantees a neutral environment for public discourse."
access_policy|"The institution's policy requires that public educational resources are compatible with assistive technologies for the visually impaire , specifically screen readers and Braille display software. This ensures that digital documents and online courses are fully accessible to blind or low-vision users. The university adheres to current WCAG standards for all public-facing content."
access_policy|"We have a written policy guaranteeing equal opportunity in public access to resources regardless of marital statu , ensuring that an individual's personal life choices do not affect their ability to participate in university programs. This policy promotes inclusion and respects the diversity of family structures. All public registration forms omit mandatory marital status fields."
access_policy|"The policy ensures that public events are held at various times (day, evening, and weekends) to accommodate diverse work schedule  and commitments of community members. This scheduling flexibility is intended to maximize participation from working parents, students, and shift workers. Event planning must show a balanced schedule distribution."
access_policy|"The university offers free transportation vouchers for low-income participants attending on-campus public events or workshop  to cover the cost of bus or light rail fare. This provision directly addresses a major logistical barrier for vulnerable populations. Eligibility is based on a simple income verification process."
access_policy|"A policy prevents the use of any religious or ethnic profiling in the selection or access for public education program , ensuring that participation decisions are based only on relevant qualifications or need. This strict non-discrimination stance guarantees fairness and equity in resource distribution. Staff training emphasizes cultural sensitivity."
access_policy|"The policy on public outreach guarantees that all materials are available in formats suitable for individuals with dyslexia , including options for reading aids, simplified fonts, and color contrast adjustments. This ensures that learning disabilities do not impede access to vital information. Digital materials are optimized for text-to-speech software."
access_policy|"The university maintains a policy of non-discrimination regarding access to public resources based on residency statu , meaning that temporary residents, visitors, or non-citizens can utilize resources like public archives and lectures. This promotes the idea of the university as a global intellectual center open to all. The only requirement is lawful presence in the country."
access_policy|"The access policy requires the provision of large-print materials for all public presentations and lecture , ensuring that attendees with moderate visual impairment can follow the content without specialized equipment. This simple accommodation is standard practice for all public-facing departments. Digital slides are also made available in large-font versions."
access_policy|"A clear policy ensures that veterans receive priority enrollment and fee waivers for all vocational training course  and continuing education programs as a token of appreciation for their service. Veterans simply need to present their discharge papers or military ID for immediate enrollment and benefits. This supports their transition back to civilian life."
access_policy|"The university guarantees equal access to its public archives and digital collections regardless of the user's educational backgroun , meaning a high school diploma or university degree is never a prerequisite. This promotes lifelong learning and supports independent research by all community members. Library staff are available to assist novice researchers."
access_policy|"The institution's public events policy includes a commitment to provide gender-neutral restrooms at all venue  where public activities are held, ensuring a comfortable and inclusive environment for all attendees, particularly transgender and non-binary individuals. This is a standard requirement for all campus facility bookings."
access_policy|"We have a policy that all public programs will be offered free of charge to students from partner low-income school  and educational institutions, facilitating access to enrichment activities they might not otherwise afford. This partnership targets educational equity in the local school system. The free access is coordinated through school principals."
access_policy|"The policy ensures that all public access applications and forms are available in plain, accessible languag , avoiding technical jargon, acronyms, and overly complex sentence structures. This simplifies the user experience and ensures that all citizens can easily understand application requirements. Forms are regularly reviewed for clarity."
access_policy|"The university's access policy mandates that all public communication is free from discriminatory language, stereotypes, or derogatory term , adhering to strict guidelines on inclusive language. Staff involved in public outreach receive mandatory annual training on diversity and inclusion best practices. This ensures a respectful public dialogue."
access_policy|"A policy ensures that individuals with hearing impairments are provided with live captioning services or American Sign Language (ASL) interpreter  at all public lectures and scheduled events upon advance request. This is a critical provision for ensuring full participation by the Deaf and hard-of-hearing community. Requests must be made at least 72 hours prior."
access_policy|"The policy prohibits discrimination in public programs based on an individual's family composition or parental statu , ensuring that single parents, large families, or non-traditional households are not excluded from opportunities. This commitment ensures a welcoming environment for all types of families. Childcare resources are often made available."
access_policy|"The university maintains a policy that grants access to public resources to all community members, regardless of their income leve , ensuring that economic status is never a barrier to accessing knowledge and opportunity. This fundamental commitment underpins all public engagement initiatives. No financial means test is required for free resources."
access_policy|"The policy on vocational training ensures reasonable adjustments for applicants with physical disabilitie , including providing necessary adaptive technology, accessible workstations, and extended time for completing course requirements. The disability services office works with the training departments to ensure full accommodation. This promotes equitable training access."
access_policy|"We guarantee that public events are held in spaces accessible by public transportation and provide discounted parking for attendees with mobility issue  or those who rely on personal vehicles due to disability. This multi-modal approach addresses all common transportation barriers. Clear directions to accessible parking are published."
access_policy|"The university's policy ensures that access to educational outreach activities is not restricted by ag , allowing both children and older adults to participate in programs designed for their respective needs. This flexibility supports lifelong learning across the entire community demographic. Age-appropriate content is always clearly labeled."
access_policy|"A policy is in place to provide interpreters for less common community language  during public consultations and crucial information sessions upon advance request from residents. This demonstrates a commitment to linguistic diversity and ensures that all voices are heard during planning and development discussions. The university maintains a list of certified translators."
access_policy|"The access policy guarantees that public resources published online are free of restrictive paywalls or subscription requirement , ensuring that knowledge generated by the university is broadly available to the tax-paying public. This open access commitment applies to all educational materials designated as public resources. The content remains permanently free."
access_policy|"The university requires all public-facing staff to undergo mandatory anti-bias and cultural competency training annuall , ensuring that they interact respectfully and professionally with all community members. This training aims to eliminate unconscious bias in all public interactions. The effectiveness of the training is regularly assessed."
access_policy|"The policy on public events ensures that all food and beverages offered include options for common dietary restriction , such as vegetarian, vegan, gluten-free, and nut-free choices. This ensures that no attendee is excluded from the social aspects of the event due to medical or lifestyle needs. Menus are labeled clearly."
access_policy|"We maintain a policy of non-discrimination in public access based on an individual's medical history or health status , ensuring that past or current illnesses do not prevent access to educational or community resources. This policy applies equally to mental and physical health conditions. Health information is never requested for public program enrollment."
access_policy|"The university's policy ensures that vocational training programs are scheduled flexibly to accommodate working adult , with options for evening, weekend, and modular class formats. This scheduling commitment acknowledges the time constraints of students who must maintain employment while pursuing new training. The majority of vocational courses offer evening sessions."
access_policy|"The policy mandates the inclusion of a dedicated accessibility contact for all public activities and resource , clearly identifying the staff member responsible for coordinating accommodations. This provides a single, reliable point of contact for members of the public needing support. The contact's name, phone, and email are published widely."
access_policy|"The university's public engagement policy explicitly ensures all activities are accessible to people regardless of their academic backgroun , guaranteeing that a lack of formal education will not be a barrier to participation. This policy applies to all public courses, resources, and events hosted by the institution. It removes any prerequisite restrictions for community-facing programs."
access_policy|"A policy is in place to provide fee reductions for vocational training courses to individuals receiving unemployment benefit  or other government assistance, upon proof of current recipient status. This measure is designed to remove financial barriers to re-skilling and re-entering the workforce. The discount applies to all non-degree certificate programs."
access_policy|"The access policy mandates that all public event announcements must include clear information on accessibility feature , such as wheelchair access, specific parking availability, and options for requesting translation services. This proactive communication ensures attendees can plan their participation effectively. Accessibility information is always prominently displayed."
access_policy|"The university maintains a policy of non-discrimination in public programs based on political opinions or affiliation , ensuring that no one is excluded from resources or events due to their political views. This policy upholds the principles of academic freedom and democratic debate. It guarantees a neutral environment for public discourse."
access_policy|"The institution's policy requires that public educational resources are compatible with assistive technologies for the visually impaire , specifically screen readers and Braille display software. This ensures that digital documents and online courses are fully accessible to blind or low-vision users. The university adheres to current WCAG standards for all public-facing content."
access_policy|"The university's public engagement policy ensures all activities are accessible to people regardless of their refugee status."
access_policy|"A policy is in place to provide fee reductions for vocational training courses to individuals receiving unemployment benefits."
access_policy|"The access policy mandates that all public event announcements must include clear information on accessibility features."
access_policy|"The university maintains a policy of non-discrimination in public programs based on political opinions or affiliations."
access_policy|"The institution's policy requires that public educational resources are compatible with assistive technologies for the visually impaired."
access_policy|"We have a written policy guaranteeing equal opportunity in public access to resources regardless of marital status."
access_policy|"The policy ensures that public events are held at various times (day and evening) to accommodate diverse work schedules."
access_policy|"The university offers free transportation vouchers for low-income participants attending on-campus public events."
access_policy|"A policy prevents the use of any religious or ethnic profiling in the selection or access for public education programs."
access_policy|"The policy on public outreach guarantees that all materials are available in formats suitable for individuals with dyslexia."
access_policy|"The university maintains a policy of non-discrimination regarding access to public resources based on residency status."
access_policy|"The access policy requires the provision of large-print materials for all public presentations and lectures."
access_policy|"A clear policy ensures that veterans receive priority enrollment and fee waivers for all vocational training courses."
access_policy|"The university guarantees equal access to its public archives and digital collections regardless of the user's educational background."
access_policy|"The institution's public events policy includes a commitment to provide gender-neutral restrooms at all venues."
access_policy|"We have a policy that all public programs will be offered free of charge to students from partner low-income schools."
access_policy|"The policy ensures that all public access applications and forms are available in plain, accessible language."
access_policy|"The university's access policy mandates that all public communication is free from discriminatory language."
access_policy|"A policy ensures that individuals with hearing impairments are provided with live captioning services at all public lectures."
access_policy|"The policy prohibits discrimination in public programs based on an individual's family composition or parental status."
access_policy|"The university maintains a policy that grants access to public resources to all community members, regardless of their income level."
access_policy|"The policy on vocational training ensures reasonable adjustments for applicants with physical disabilities."
access_policy|"We guarantee that public events are held in spaces accessible by public transportation and provide discounted parking for attendees with mobility issues."
access_policy|"The university's policy ensures that access to educational outreach activities is not restricted by age."
access_policy|"A policy is in place to provide interpreters for less common community languages during public consultations."
access_policy|"The access policy guarantees that public resources published online are free of restrictive paywalls or subscription requirements."
access_policy|"The university requires all public-facing staff to undergo mandatory anti-bias training annually."
access_policy|"The policy on public events ensures that all food and beverages offered include options for common dietary restrictions."
access_policy|"We maintain a policy of non-discrimination in public access based on an individual's medical history or health status."
access_policy|"The university's policy ensures that vocational training programs are scheduled flexibly to accommodate working adults."
access_policy|"The policy mandates the inclusion of a dedicated accessibility contact for all public activities and resources."
access_policy|"The university ensures all public engagement staff complete mandatory annual disability awareness and sensitivity training."
access_policy|"Public event registration forms explicitly include a check-box for ASL interpreter requests and contact information for the accessibility coordinator."
access_policy|"All fees for vocational training offer tiered pricing based on verified income level or student status from non-university attendees."
access_policy|"The university guarantees priority seating and accessible viewing areas for all public performances and lectures."
access_policy|"Outreach vehicles and transportation provided for educational activities are wheelchair accessible and clearly marked."
access_policy|"The university maintains a policy of Gender Neutral restroom signage in all facilities used for public events."
access_policy|"All public communications feature a dedicated accessibility statement and contact number for quick inquiries."
access_policy|"The university actively recruits for vocational training programs through community centers and job assistance agencies in low-income areas."
access_policy|"Policy requires that educational materials avoid cultural stereotypes and promote images of diverse individuals and families."
access_policy|"The university provides free parking validation for attendees with disabled placards for all public events."
access_policy|"Event organizing teams are mandated to provide quiet rooms or sensory breaks spaces for individuals with sensory processing needs."
access_policy|"Policy ensures that the website and all online resources are compatible with screen reader technologies."
access_policy|"The university offers stipends or meal vouchers to participants in lengthy vocational training or outreach programs who demonstrate financial need."
access_policy|"All educational outreach initiatives include a formal evaluation process to assess equitable access and participation rates across diverse groups."
access_policy|"The university guarantees that religious accommodation requests (e.g., prayer space, scheduling conflicts) for public events are handled promptly."
access_policy|"The policy prohibits requiring specific documentation (e.g., proof of citizenship) beyond basic identification for community resource access."
access_policy|"All public spaces used for university activities are equipped with adequate lighting and clear emergency exit routes."
access_policy|"The university publishes its grievance procedure for the public to formally address concerns about accessibility or discrimination."
access_policy|"Policy requires that all visual content (videos, images) include captions or alternative text for accessibility."
access_policy|"The university allocates a specific portion of the outreach budget for transportation subsidies to eliminate a major barrier for attendees."
access_policy|"Access to public events and resources is not dependent on prior affiliation with the university (e.g., alumni status)."
access_policy|"The university actively works with local high schools classified as Title I or serving predominantly low-income/minority students for outreach programs."
access_policy|"A clear policy is in place to allow service animals in all public-facing university buildings and facilities."
access_policy|"The policy mandates the inclusion of easy-to-read language and avoidance of academic jargon in public-facing summaries and documents."
access_policy|"The university designates an Access Champion on the senior leadership team responsible for overseeing the public access policy implementation."
access_policy|"New scholarship guidelines released for underprivileged students applying for state university admission."
access_policy|"All public events are held in wheelchair-accessible venues with sign language interpretation available upon request."
access_policy|"The universitys public website is redesigned to meet WCAG 2.1 AA standards for full accessibility for users with disabilities."
access_policy|"A Pay-What-You-Can model is implemented for all vocational training courses to ensure financial barriers are removed."
access_policy|"All educational outreach materials are translated into the three most commonly spoken languages in the community."
access_policy|"A dedicated fund is established to cover transportation costs for low-income individuals attending public events or training."
access_policy|"Childcare services are provided free of charge during all public events and daytime vocational courses."
access_policy|"The university adopts a policy that no one will be asked about their immigration status when accessing any public resource or event."
access_policy|"All online public resources are compatible with screen readers and offer alternative text for all images."
access_policy|"Outreach programs are specifically targeted towards geographic areas identified as having low participation rates in higher education."
access_policy|"A confidential application process allows individuals to request fee waivers for vocational courses without providing detailed proof of income."
access_policy|"Materials for public resources are developed in close consultation with disability advocacy groups to ensure inclusivity."
access_policy|"A policy mandates that all gender identities are respected, and all facilities are designated as gender-neutral where possible."
access_policy|"The university partners with community leaders from various religious and ethnic backgrounds to promote events and resources trustfully."
access_policy|"A dedicated access officer is appointed to handle any inquiries or complaints regarding barriers to participation."
access_policy|"All promotional materials for public activities use plain language and avoid academic jargon to be more widely understandable."
access_policy|"A subsidy program is created to provide necessary tools or software for participants in vocational training who cannot afford them."
access_policy|"The university ensures that a portion of spots in all vocational courses and popular public events are reserved for residents of low-income neighborhoods."
access_policy|"A feedback mechanism is established specifically for evaluating and improving the accessibility of all public-facing activities."
access_policy|"Religious dietary restrictions are meticulously accommodated at all events where food is served."
access_policy|"The university provides quiet rooms or sensory-friendly spaces at large public events for individuals with autism or anxiety."
access_policy|"Transport partnerships with local services offer free or discounted shuttle buses from key community hubs to the campus."
access_policy|"All public policy documents related to access are published online in an easy-to-read format and made available in multiple languages."
access_policy|"A university-wide commitment is made to regularly audit and review all public engagement activities for compliance with its access policy."
access_policy|"The university maintains a public, clearly articulated Non-Discrimination Policy covering all outreach and education activities."
access_policy|"All educational outreach materials and public event flyers are available in multiple accessible formats (e.g., large print, digital text)."
access_policy|"A dedicated Inclusion Officer oversees all public engagement programs to ensure compliance with diversity and accessibility standards."
access_policy|"Public events held on campus must utilize ADA-compliant venues and provide adequate disabled parking/transportation options."
access_policy|"Financial assistance or sliding-scale fees are available for all vocational training and executive education courses."
access_policy|"The university offers Language Interpreters upon request for non-English speaking community members attending public events or training."
access_policy|"All online public resources are designed to meet WCAG 2.1 Level AA accessibility standards for users with disabilities."
access_policy|"The university actively partners with disability advocacy groups and refugee support services to promote program access."
access_policy|"All registration forms for public events explicitly ask about Reasonable Accommodation needs (e.g., dietary, mobility, sensory)."
access_policy|"The university provides free childcare services during select weekend vocational training programs to improve parental access."
access_policy|"Public event schedules and locations are chosen to accommodate diverse religious and cultural holidays."
access_policy|"Outreach teams receive mandatory training on Unconscious Bias and Cultural Competency before engaging with the public."
access_policy|"The university establishes maximum distance travel reimbursement for participants in vocational training from low-income areas."
access_policy|"A confidential feedback mechanism is in place for the public to report any barriers to access or discriminatory behavior."
access_policy|"All public recruitment and marketing materials feature diverse representation across ethnicity, gender, and age."
access_policy|"The university ensures that student-run outreach schemes adhere to the same accessibility and non-discrimination policies as official programs."
access_policy|"Clear, easy-to-read directional signage is installed for all public events, including tactile maps where appropriate."
access_policy|"Partnerships with local transit authorities are maintained to ensure convenient public transport links to campus public event venues."
access_policy|"The university publishes its criteria for eligibility and selection for vocational training courses to ensure transparent access."
access_policy|"All public event organizers are required to designate an Accessibility Point Person on-site for immediate assistance."
access_policy|"The policy mandates the free provision of essential materials (e.g., course notes, protective gear) for all vocational training participants."
access_policy|"The university uses inclusive language in all communications, avoiding gendered or culturally specific idioms."
access_policy|"A designated fund exists to cover the cost of assistive technologies for community members engaging with educational resources."
access_policy|"The universitys public engagement policy includes a commitment to annual review and improvement based on accessibility feedback."
access_policy|"The policy dictates that educational outreach should specifically prioritize and allocate resources toward historically marginalized communities."
access_policy|"The universitys public engagement policy includes a clear commitment to accessible digital content across all platforms."
access_policy|"All applications for vocational training explicitly state that previous educational history is not a barrier to entry."
access_policy|"A designated Access Fund is established to cover necessary accommodations for community participants with disabilities."
access_policy|"Public events held in auditoriums must provide assistive listening devices and reserved seating for those with hearing impairments."
access_policy|"The university offers a transportation subsidy program for participants in education outreach activities who face financial hurdles."
access_policy|"The university provides access to a Language Translation Hotline for staff communicating with non-English speaking visitors."
access_policy|"All educational materials distributed to the public are written at an 8th-grade reading level or lower for general comprehension."
access_policy|"The university actively works with homeless shelters and job training centers to enroll participants in vocational programs."
access_policy|"All public event staff are trained on intercultural communication and handling diverse audience needs."
access_policy|"The university provides clear information on gender identity resources and ensures respectful pronoun usage in public interactions."
access_policy|"The policy mandates that program scheduling accommodates standard working hours (e.g., evening/weekend classes for vocational training)."
access_policy|"Outreach initiatives are specifically evaluated based on their success in reaching underrepresented minority groups."
access_policy|"The university offers Reduced Fee or No Fee courses for community members receiving public assistance or unemployment benefits."
access_policy|"A publicly visible Contact Us section for accessibility concerns is prominently displayed on all public resource pages."
access_policy|"All public event venues feature visual fire alarms and emergency communication methods for hearing-impaired individuals."
access_policy|"The university ensures that outreach activities conducted off-campus meet the accessibility standards of the host location."
access_policy|"Clear guidance is provided on how to access and use on-campus lactation rooms and family rest areas for public visitors."
access_policy|"The policy prohibits the use of any language or imagery that might be perceived as culturally insensitive or exclusive."
access_policy|"The university requires that all public event contractors and vendors also adhere to the non-discrimination policy."
access_policy|"The designated Accessibility Point Person ensures all presenters use clear microphones and accessible presentation materials."
access_policy|"The policy includes a mandate for free parking or transit passes for eligible low-income participants in vocational training."
access_policy|"The university ensures that the physical layout of public-facing facilities is easily navigable by people with mobility aids."
access_policy|"A designated budget is set aside annually to upgrade public access technology and facilities based on community feedback."
access_policy|"The university maintains a policy of transparent reporting on diversity and inclusion metrics related to public engagement."
access_policy|"The policy dictates that educational content should acknowledge and incorporate diverse cultural perspectives and contributions."
access_policy|"The official policy mandates that all public events must be held in venues that meet full ADA compliance standards."
access_policy|"Our public access programs include a policy of non-discrimination based on a person's religion, national origin, or citizenship status."
access_policy|"A clear written policy guarantees full fee waivers for low-income participants in all vocational training certificate programs."
access_policy|"The university ensures that all public outreach materials are available in Braille and large print upon request."
access_policy|"The governing board enacted a policy requiring equitable distribution of resources across all genders in public educational schemes."
access_policy|"The policy on public engagement explicitly prohibits discrimination against individuals based on their sexual orientation or gender identity."
access_policy|"All online public resources are designed to meet WCAG 2.1 accessibility standards to accommodate diverse disabilities."
access_policy|"A policy is in place to provide free translation services for non-English speaking participants in community workshops."
access_policy|"The access policy ensures that individuals with past criminal records are not automatically excluded from vocational training opportunities."
access_policy|"We maintain a policy that guarantees equal access to university public facilities for all, regardless of race or ethnicity."
access_policy|"The university's public events policy states that facilities will be fully accessible to individuals with disabilities, including ramp access and sign language interpretation."
access_policy|"The Admissions department maintains a policy of non-discrimination based on ethnic origin, immigration status, or religion for all public access programs."
access_policy|"Our public resource policy ensures equal access to online materials regardless of the user's gender identity or nationality."
access_policy|"A clear policy outlines provisions for financial aid and fee waivers for low-income participants in all vocational training programs."
access_policy|"The institution has an official policy ensuring all public outreach materials are available in multiple languages to accommodate local diverse communities."
access_policy|"Access to the university's public library services is guaranteed to all local residents, regardless of their background or current employment status."
access_policy|"The 'Equal Opportunity in Education Act' mandates that all federally funded educational programs must be accessible to all citizens."
access_policy|"Public events will be scheduled at times that are convenient for working parents and include free childcare options."
access_policy|"The institution’s policy requires that all public access services are available equally to men and women without restriction."
access_policy|"A policy is in place to provide necessary accommodations for attendees with various learning disabilities during public events."
access_policy|"The access policy guarantees priority enrollment in vocational programs for veterans and military spouses."
access_policy|"We have a written commitment to review and update all access policies annually based on community feedback."
access_policy|"The policy ensures that public events are held at various locations throughout the city to overcome transport barriers."
access_policy|"We offer public resource documentation in simplified Chinese and Spanish as a matter of institutional policy."
access_policy|"The university's policy includes a provision for reduced fees for public courses for individuals over the age of 65."
access_policy|"A policy prevents the use of public access programs to discriminate based on political affiliation or beliefs."
access_policy|"We mandate that all public engagement staff complete annual training on disability sensitivity and inclusive practices."
access_policy|"The policy on educational outreach prohibits charging fees to schools in low-income areas."
access_policy|"We ensure that our public event registration process is accessible and does not require complex digital identity verification."
access_policy|"The policy guarantees that all public lecture halls have hearing loops installed for the hard of hearing."
access_policy|"The university's public engagement policy ensures all activities are accessible to people regardless of their economic background."
access_policy|"A policy is in place to provide fee reductions for vocational training courses to individuals with long-term disabilities."
access_policy|"The access policy mandates that all public event venues must provide quiet rooms or sensory accommodations."
access_policy|"The university maintains a policy of non-discrimination in public programs based on sexual orientation or family status."
access_policy|"The institution's policy requires that all public education resources are compatible with low-bandwidth internet connections."
access_policy|"We have a written policy guaranteeing equal opportunity in public access to resources regardless of academic performance history."
access_policy|"The policy ensures that public events are held in spaces that are fully accessible to individuals using mobility aids."
access_policy|"The university offers free transit passes for eligible low-income participants attending public vocational training."
access_policy|"A policy prevents the use of criminal background checks for access to general public educational resources."
access_policy|"The policy on public outreach guarantees that all materials are available in formats suitable for individuals with low vision."
access_policy|"The university maintains a policy of non-discrimination regarding access to public resources based on housing status."
access_policy|"The access policy requires the provision of large-font digital materials for all online public courses."
access_policy|"A clear policy ensures that primary caregivers receive priority enrollment and flexible scheduling options for public courses."
access_policy|"The university guarantees equal access to its public collections and archives regardless of the user's nationality."
access_policy|"The institution's public events policy includes a commitment to provide gender-inclusive access to all facilities."
access_policy|"We have a policy that all public programs will be offered free of charge to seniors over the age of 70."
access_policy|"The policy ensures that all public access applications are available in paper form for those without internet access."
access_policy|"The university's access policy mandates that all public communication includes a clear statement of non-discrimination."
access_policy|"A policy ensures that individuals with speech impairments are provided with necessary communication support at public events."
access_policy|"The policy prohibits discrimination in public programs based on an individual's level of formal education."
access_policy|"The university maintains a policy that grants access to public resources to all community members, regardless of their employment status."
access_policy|"The policy on vocational training ensures financial aid is available to applicants from geographically remote areas."
access_policy|"We guarantee that public events are advertised through multiple channels to reach diverse ethnic and language groups."
access_policy|"The university's policy ensures that access to educational outreach activities is not restricted by the student's primary language."
access_policy|"A policy is in place to provide simplified reading materials for public resources aimed at users with limited literacy skills."
access_policy|"The access policy guarantees that public lectures published online are always free of charge and subscription."
access_policy|"The university requires all public engagement activities to adhere to a strict code of conduct against harassment."
access_policy|"The policy on public events ensures that registration deadlines are flexible and communicated well in advance."
access_policy|"We maintain a policy of non-discrimination in public access based on an individual's personal appearance or style."
access_policy|"The university's policy ensures that vocational training program sites are near major public transportation routes."
access_policy|"The policy mandates the inclusion of a clear feedback mechanism for reporting accessibility issues in public programs."








public_resource, public_events|"The university provides free online access to its digital repository of teaching resources while also hosting monthly public workshops to help educators implement these materials effectively. The workshops feature master teachers demonstrating practical applications of the online resources in various classroom contexts. Participants leave with both digital tools and the pedagogical knowledge to use them successfully in their teaching practice."
public_events, vocational_training|"Our institution hosts quarterly education career fairs that are open to the public while also offering vocational certification programs for aspiring teacher assistants and paraprofessionals. The career fairs feature information sessions about our vocational training pathways and opportunities to meet with program advisors. This combined approach helps community members explore education careers while providing direct pathways to employment in educational settings."
education_outreach, access_policy|"The university's literacy outreach program sends tutors to underserved schools while operating under a strict access policy that prioritizes schools with high percentages of students from low-income families and those with learning disabilities. The policy ensures that resources are directed to communities with the greatest need while maintaining inclusive practices that welcome all learners. This targeted approach addresses educational equity through both direct service and systemic commitment to access."
public_resource, vocational_training, access_policy|"We provide free online modules for early childhood education certification while maintaining an access policy that offers fee waivers and sliding-scale pricing for the accompanying vocational program. The digital resources are available to all, while the certification component includes economic accommodations to ensure financial barriers do not prevent participation. This comprehensive approach combines open educational resources with accessible pathways to professional certification."
public_events, education_outreach, access_policy|"The university hosts public STEM education festivals in community parks while simultaneously conducting outreach to ensure participation from schools serving marginalized communities, all governed by an access policy that provides transportation support and materials in multiple languages. The festivals feature hands-on science activities while outreach efforts ensure broad participation across diverse community groups. This integrated approach combines public engagement with proactive inclusion measures."
public_resource, education_outreach|"Our education department offers free digital curriculum planning tools while also sending teams to help schools in underserved areas implement these resources effectively. The online platform provides open access to high-quality instructional materials while the outreach component ensures equitable implementation across diverse school contexts. This two-pronged approach addresses both resource availability and capacity building for effective use."
vocational_training, access_policy|"The university's vocational program for special education paraprofessionals operates under an explicit access policy that reserves seats for individuals from underrepresented backgrounds and provides comprehensive support services. The policy includes mentorship, tutoring, and flexible scheduling to accommodate diverse life circumstances while maintaining rigorous training standards. This commitment ensures that the paraprofessional workforce better reflects the diversity of the students they will serve."
public_events, access_policy|"All public education policy forums hosted by the university feature real-time captioning, sign language interpretation, and materials in multiple formats as required by our comprehensive access policy. The policy also ensures that events are scheduled at varied times to accommodate different work schedules and caregiving responsibilities. These accommodations demonstrate our commitment to inclusive dialogue about educational issues that affect the entire community."
public_resource, access_policy|"The university's digital library of educational research operates under a strict access policy that prohibits geo-blocking and ensures compatibility with assistive technologies for users with disabilities. The policy mandates that all new digital resources undergo accessibility testing before being added to the collection. This commitment ensures that educational research remains globally accessible to all researchers, practitioners, and community members regardless of location or ability."
education_outreach, vocational_training|"Our education outreach program partners with community centers to offer vocational training information sessions for individuals interested in education careers. The sessions provide overviews of various educational roles, certification requirements, and employment pathways while connecting participants with relevant training programs. This outreach approach helps diversify the education workforce by making career information accessible in community settings."
public_resource, public_events, education_outreach|"The university maintains a public digital archive of teaching resources while hosting regional workshops to demonstrate their use and sending outreach teams to help rural schools implement these materials. The digital collection provides foundational resources, the workshops build pedagogical skills, and the outreach ensures implementation support where needed most. This comprehensive approach addresses educational improvement through multiple coordinated strategies."
vocational_training, education_outreach|"Our vocational training program for adult education instructors includes an outreach component where participants gain practical experience by teaching literacy classes in community centers. The program combines theoretical coursework with hands-on teaching experience in authentic community settings. This approach both prepares effective instructors and provides direct educational services to underserved adult learners."
public_events, vocational_training, access_policy|"The university hosts public information sessions about career pathways in education while offering vocational training programs that operate under an access policy specifically designed to support career-changers and individuals from non-traditional backgrounds. The information sessions provide exploration opportunities while the training programs include supports like evening classes and prior learning assessment. This approach makes education careers accessible to diverse prospective educators."
public_resource, vocational_training|"We provide free access to our online curriculum development tools while offering vocational certification in educational technology integration for teachers seeking to enhance their digital teaching skills. The open resources support immediate classroom improvement while the certification program builds deeper expertise for sustainable technology integration. This combination addresses both immediate needs and long-term professional development."
education_outreach, access_policy, public_events|"The university's science education outreach program brings hands-on activities to community centers while operating under an access policy that ensures materials are available in multiple languages and formats, with public demonstration events held regularly to showcase these inclusive approaches. The outreach reaches diverse communities where they are, the access policy ensures inclusion, and the public events build broader awareness. This multi-faceted approach promotes equitable science education through coordinated strategies."
public_resource, education_outreach, access_policy|"Our digital repository of special education resources is freely available online while our outreach teams help schools implement these materials, all governed by an access policy that prioritizes support for schools serving high percentages of students with disabilities from low-income families. The resources provide the foundation, the outreach ensures effective implementation, and the access policy directs resources equitably. This comprehensive approach addresses special education needs through multiple coordinated interventions."
public_events, vocational_training, education_outreach|"The university hosts public education innovation showcases while offering vocational training in emerging educational roles and conducting outreach to identify talent from underrepresented communities for these training programs. The showcases inspire interest in education careers, the training builds necessary skills, and the outreach ensures diverse participation. This pipeline approach addresses both innovation in education and diversity in the education workforce."
public_resource, public_events, access_policy|"Our institution provides free digital access to educational research findings while hosting public research translation events that operate under an access policy ensuring physical and linguistic accessibility for all community members. The digital access supports individual learning, the events facilitate collective sense-making, and the access policy ensures broad participation. This approach bridges research and practice through multiple accessible channels."
vocational_training, education_outreach, access_policy|"The university's vocational program for bilingual education aides includes an outreach component where participants provide language support in community settings, all operating under an access policy that specifically welcomes individuals from immigrant and refugee backgrounds. The training builds professional skills, the outreach provides practical experience, and the access policy ensures program diversity. This approach both prepares bilingual educators and serves linguistic minority communities."
public_resource, public_events, vocational_training|"We offer free online modules for classroom management while hosting public workshops that demonstrate these strategies and providing vocational certification for individuals seeking careers as classroom support staff. The online resources provide foundational knowledge, the workshops offer practical demonstration, and the certification creates career pathways. This tiered approach supports both immediate skill development and long-term career preparation."
education_outreach, public_events, access_policy|"The university's mathematics education outreach program brings engaging math activities to community centers while hosting public family math nights that operate under an access policy ensuring activities are adaptable for diverse ability levels and available in multiple languages. The outreach reaches communities directly, the events build family engagement, and the access policy ensures inclusion. This comprehensive approach addresses mathematics learning through multiple access points."
public_resource, vocational_training, education_outreach|"Our digital library of literacy development resources is freely available online while we offer vocational training for reading specialists and conduct outreach to help schools implement comprehensive literacy programs. The resources provide materials, the training builds expertise, and the outreach supports implementation. This coordinated approach addresses literacy improvement through resource provision, capacity building, and direct support."
public_events, education_outreach, vocational_training|"The university hosts public education technology demonstrations while conducting outreach to schools with limited technology resources and offering vocational training for technology integration specialists. The demonstrations inspire innovation, the outreach addresses equity gaps, and the training builds implementation capacity. This multi-pronged approach supports educational technology integration through inspiration, equity, and expertise development."
public_resource, access_policy, education_outreach|"Our open educational resources platform operates under a strict access policy requiring all materials to meet accessibility standards while our outreach teams help schools in underserved communities integrate these resources into their curriculum. The platform provides equitable access to materials, the access policy ensures usability for diverse learners, and the outreach supports implementation where needs are greatest. This approach addresses educational resource equity through both technical and human support systems."
vocational_training, public_events, access_policy|"The university's vocational programs for education careers host public information sessions that operate under an access policy ensuring physical accessibility, language interpretation, and materials in multiple formats. The sessions provide exploration opportunities for prospective students while the access policy removes barriers to information about education careers. This approach supports diverse recruitment into education professions through accessible information sharing."
public_resource, public_events, vocational_training, access_policy|"We provide free digital access to our complete collection of teaching resources while hosting public implementation workshops, offering vocational certification in curriculum development, and maintaining an access policy that ensures all these offerings are available to individuals regardless of their background or circumstances. The resources support immediate needs, the workshops build skills, the certification creates expertise, and the access policy ensures equity. This comprehensive approach supports educational improvement through multiple interconnected strategies."
education_outreach, vocational_training, public_events|"The university's education outreach program includes vocational training components where participants develop professional skills while providing direct services in community settings, with public showcase events held periodically to demonstrate this work. The outreach addresses community needs, the training builds professional capacity, and the showcases build awareness and support. This integrated approach simultaneously serves communities and develops education professionals."
public_resource, education_outreach, vocational_training|"Our digital repository of assessment tools is freely available online while our outreach teams help schools use these tools effectively and our vocational programs train assessment coordinators for educational settings. The repository provides resources, the outreach supports implementation, and the training builds professional capacity. This coordinated approach improves educational assessment through resource provision, support, and expertise development."
public_events, access_policy, education_outreach|"The university hosts public dialogues about educational equity that operate under a strict access policy while conducting outreach to ensure participation from communities most affected by educational disparities. The dialogues facilitate important conversations, the access policy ensures inclusive participation, and the outreach centers marginalized voices. This approach ensures that conversations about educational equity actually include those experiencing educational inequity."
public_resource, vocational_training, access_policy, education_outreach|"We provide free online courses for teacher professional development while offering vocational certification in instructional coaching, operating under an access policy that prioritizes participants from underserved schools, and conducting outreach to identify potential candidates for these programs. The courses support skill development, the certification builds leadership capacity, the access policy addresses equity, and the outreach ensures inclusion. This comprehensive approach supports educational improvement through multiple coordinated interventions."
public_events, vocational_training, education_outreach, access_policy|"The university hosts public education career panels that feature diverse education professionals while offering vocational training programs with outreach to underrepresented communities, all operating under comprehensive access policies that address financial, physical, and linguistic barriers. The panels provide role models and information, the training builds skills, the outreach ensures diversity, and the access policies remove barriers. This pipeline approach addresses workforce diversity through multiple strategic interventions."
public_resource, public_events, education_outreach, access_policy|"Our digital library of multicultural education resources is freely available online while we host public workshops on culturally responsive teaching, conduct outreach to help schools implement these approaches, and maintain access policies that ensure all these offerings are available in multiple languages and formats. The resources provide materials, the workshops build understanding, the outreach supports implementation, and the access policies ensure inclusion. This comprehensive approach supports cultural responsiveness in education through multiple access points."
vocational_training, education_outreach, public_events, access_policy|"The university's vocational program for family engagement specialists includes outreach components where participants work with community organizations, public events where they showcase effective family engagement strategies, and operates under an access policy that ensures services reach families from diverse linguistic and cultural backgrounds. The training builds professional skills, the outreach provides practical experience, the events share knowledge, and the access policy ensures equitable service provision. This approach both prepares family engagement professionals and directly serves diverse families."
public_resource, vocational_training, public_events|"We provide free online access to our complete collection of educational leadership resources while offering vocational certification for aspiring school administrators and hosting public forums where current leaders discuss educational challenges and innovations. The resources support knowledge development, the certification builds skills, and the forums facilitate professional dialogue. This multi-faceted approach supports educational leadership development through resources, training, and community building."
education_outreach, access_policy, vocational_training|"The university's STEM education outreach program brings hands-on science activities to underserved communities while operating under an access policy that ensures materials are adaptable for diverse abilities and offers vocational training for individuals interested in STEM education careers. The outreach engages communities, the access policy ensures inclusion, and the training builds professional capacity. This approach addresses STEM education equity through engagement, accessibility, and workforce development."
public_resource, public_events, vocational_training, education_outreach|"Our digital platform for project-based learning resources is freely available online while we host public implementation workshops, offer vocational certification in project-based learning facilitation, and conduct outreach to help high-needs schools adopt these approaches. The platform provides resources, the workshops build skills, the certification develops expertise, and the outreach supports implementation. This comprehensive approach promotes project-based learning through multiple support systems."
public_events, education_outreach, vocational_training, access_policy|"The university hosts public demonstrations of innovative teaching practices while conducting outreach to ensure educators from under-resourced schools can attend, offering vocational training in these innovative approaches, and maintaining access policies that provide scholarships and support services for participants from diverse backgrounds. The demonstrations inspire innovation, the outreach ensures broad participation, the training builds capacity, and the access policies promote equity. This integrated approach supports educational innovation through inspiration, inclusion, and implementation support."
public_resource, education_outreach, vocational_training, access_policy|"We provide free digital access to our special education intervention library while conducting outreach to help schools implement these strategies, offering vocational training for special education paraprofessionals, and operating under an access policy that prioritizes support for schools serving high percentages of students with disabilities from low-income families. The resources provide interventions, the outreach supports implementation, the training builds capacity, and the access policy directs resources equitably. This comprehensive approach addresses special education needs through coordinated multi-level support."
public_events, vocational_training, education_outreach, public_resource|"The university hosts public education research symposiums while offering vocational training in educational research methods, conducting outreach to involve community members in research projects, and providing free digital access to research findings. The symposiums share knowledge, the training builds research capacity, the outreach ensures community engagement, and the digital access broadens dissemination. This approach supports evidence-based education through knowledge sharing, capacity building, and inclusive engagement."
education_outreach, public_events, vocational_training, access_policy, public_resource|"Our comprehensive education initiative includes outreach to underserved communities, public events that showcase educational innovations, vocational training for education professionals, strict access policies that ensure equity, and free digital resources that support ongoing learning. The outreach addresses immediate needs, the events build awareness, the training develops expertise, the access policies ensure inclusion, and the resources provide ongoing support. This integrated approach addresses educational improvement through multiple coordinated strategies that support both individual growth and systemic change."
public_resource|access_policy|"The Dr. Emily Carter STEM Scholarship, which offers a full tuition waiver, is available via an online application form that has been designed to be fully accessible via any standard mobile device and is compatible with screen-reading software. This ensures both financial access and digital accessibility for all applicants. The application deadline is January 15th."
education_outreach|public_events|"Student volunteers run a weekly after-school tutoring program in advanced mathematics, and the university will host a free public science and engineering fair where the tutored students are strongly encouraged to exhibit their projects. This links ongoing academic support with a high-profile public showcase of student achievement. The fair provides cash prizes."
vocational_training|public_events|"A short-term course on professional certification preparation for PMP is available, and the program will host an open public lecture on advanced project risk management featuring a guest speaker from a major construction firm. The lecture acts as a free sample of the quality of the vocational training offered. The event is targeted at mid-level project managers."
public_resource|education_outreach|"The Local Teacher Education Scholarship provides $10,000 annually to students, and the College of Education offers free workshops to local teachers on integrating mental health awareness into the curriculum, which is a service the scholarship recipients are encouraged to participate in. The scholarship supports the teaching community the workshops serve. The workshops offer CPE credits."
access_policy|vocational_training|"The policy ensures that vocational training programs are offered both during the day and in the evenings, which applies to the certified course in advanced HVAC system installation and repair. This scheduling flexibility ensures that individuals who are currently employed can still pursue the necessary trade certification. The majority of modules are offered in both time slots."
public_events|public_resource|"The School of Law is hosting a free public panel discussion on current issues in police reform, and all attendees receive information on the Dean's Public Interest Fellowship, which covers up to 75% of tuition costs for students dedicated to public sector law. This event is a recruitment tool for the fellowship program. The panel includes alumni fellowship recipients."
education_outreach|access_policy|"A clear policy ensures that local youth who are economically disadvantaged receive automatic fee waivers for the summer robotics and coding camp, ensuring this education outreach is not limited by financial barriers. The camp aims to introduce technical careers to high-potential youth. Proof of free/reduced lunch eligibility is sufficient for the waiver."
vocational_training|public_resource|"The technical institute hosts a vocational program for certified diesel engine mechanics, and the program's students are automatically eligible for the Veterans' Education Fund, which provides a monthly living allowance to student veterans. This funding supports veterans entering a critical trade. The fund is supported by private university endowments."
public_events|access_policy|"The access policy mandates that all public event communication must include a clear statement detailing the process for requesting ASL interpretation, which applies to the free public lecture series on the history of local culinary traditions. This ensures that cultural events are fully inclusive. Requests for interpretation must be made two weeks in advance."
public_resource|vocational_training|"The university provides a free online database of external funding sources specifically targeting non-traditional adult students, and this database is a mandatory resource review for the vocational certificate program in commercial building property management. This ensures trainees are aware of potential funding for their studies. The database is updated quarterly."
access_policy|education_outreach|"The university conducts a mobile outreach program providing free vision and hearing screenings for low-income children, and the policy ensures that this outreach is non-discriminatory based on the child's citizenship or immigration status. This commitment ensures that essential health services are accessible to all vulnerable children. No proof of legal status is required for the screening."
public_events|vocational_training|"The university hosts a free community electronics recycling and secure document shredding event, and the technical college offers a certified course in advanced computer forensics and digital evidence analysis whose students assist with secure data destruction at the event. This links a public service with practical training experience. The students gain real-world data security experience."
public_resource|education_outreach|"The Graduate Assistantship Program provides a full tuition waiver and stipend for graduate students, and the faculty conduct free workshops on navigating federal and state benefit programs for low-income populations. The assistantship recipients are encouraged to volunteer at these public benefit workshops. This pairs internal funding with external public service."
access_policy|public_events|"The university's policy ensures that public events are held at times that do not conflict with typical working hours, which governs the scheduling of the free public seminar on avoiding online scams and identity theft. This scheduling flexibility ensures working adults can attend the safety event. The seminar is held on Wednesday evenings at 7 PM."
vocational_training|education_outreach|"The college runs a certified vocational course providing accreditation for Certified Pharmacy Technicians, and students from this program participate in a required community outreach initiative providing free health education on safe medication disposal at local senior centers. This ensures students gain real-world experience while promoting public safety. The outreach is supervised by pharmacy faculty."
public_events|vocational_training|"A short-term, practical course on strategic pricing and profitability analysis is available to sales and marketing leadership, and the department will host a free public seminar on managing student loan debt and navigating repayment plans led by financial experts. The seminar addresses the financial well-being of the professional community. The event serves as recruitment for the executive course."
public_resource|access_policy|"The International Student Hardship Grant provides up to $3,000 in emergency funding, and the university maintains a policy of non-discrimination in public access based on an individual's financial history, ensuring past financial issues do not prevent access to this or other essential resources. This promotes financial security and inclusion. Financial records are not requested for grant consideration."
education_outreach|public_events|"Faculty from the journalism department conduct free workshops on fact-checking and recognizing media bias, and they will host a public forum on the state of local healthcare access and affordability where critical analysis skills are immediately put to use. The forum encourages attendees to use the fact-checking tools discussed. The event is a demonstration of civic media literacy."
vocational_training|public_resource|"The university hosts a professional certificate program in user experience (UX) and user interface (UI) design, and all participants are eligible to apply for the Student Technology Fund, which provides grants of up to $800 to purchase required software or technology. This funding supports students pursuing this in-demand vocational skill. The grant aims to bridge the digital resource gap."
access_policy|education_outreach|"The policy mandates the inclusion of a clear, dedicated line for reporting technical or digital accessibility issues with all online public resources, which covers the free educational talks on healthy aging and preventative care hosted online by the School of Public Health. This ensures that any barriers to accessing health information are resolved quickly. The feedback line is managed by the IT accessibility office."
public_events|education_outreach|"The university hosts a free public reading by student playwrights and screenwriters, and the arts faculty conducts free introductory workshops on creative writing for poetry and short fiction for adults at local libraries. The playwrights often mentor attendees of the writing workshops. This connects the creative community through shared events."
vocational_training|public_resource|"The continuing education unit provides vocational training for physical therapy assistants (PTA), and the university manages the Florence Nightingale Loan Repayment Program, offering to pay off up to $15,000 of student loan debt for graduates who commit to rural service. The loan repayment resource is highly attractive to PTA program applicants. The service commitment is for two years."
access_policy|public_events|"The policy mandates that all public event announcements must include a clear, easy-to-find summary of all available accessibility features, which is applied to the free public book talk and signing with a prominent political historian. This proactive disclosure allows attendees to know what accommodations are available before arrival. This information is clearly listed on the event page."
public_resource|vocational_training|"The Transfer Student Excellence Award offers a $4,000 merit scholarship to high-achieving transfer students, and this scholarship can be used to cover the tuition for the certified course in advanced automotive collision repair and refinishing. This funding resource encourages community college students to pursue specialized technical careers. The minimum GPA required is 3.5."
education_outreach|vocational_training|"A student-run group offers free workshops on basic home gardening and indoor plant care for neighborhood residents, and the technical college offers a certified course on basic residential masonry and concrete work, whose instructors often present on foundation and patio preparation at the gardening workshops. This links sustainability outreach with practical vocational skills. Participants receive starter seeds and soil."
public_events|public_resource|"The university hosts a free public seminar on managing student loan debt and navigating repayment plans, and all attendees receive information on the Public Policy Advocacy Fellowship, which offers a $6,000 scholarship for students engaging in year-long research. The seminar is a direct pipeline for applicants to the fellowship. The event focuses on financial planning for students."
vocational_training|access_policy|"The university runs a certified vocational program for licensed massage therapists, and the access policy guarantees reasonable accommodations for applicants with chronic health conditions, including options for flexible clinical rotation scheduling. This ensures that physical challenges don't prevent dedicated individuals from entering this healthcare field. The accommodations are managed by the campus disability services."
public_resource|education_outreach|"The First-Generation Student Success Scholarship offers $3,000 per year to students, and recipients are automatically enrolled in a specialized mentorship program for high school students interested in law and legal careers to serve as mentors. This links financial aid with a mandatory education outreach service role. The mentorship focuses on college readiness."
access_policy|vocational_training|"The policy on vocational training ensures reasonable flexibility in attendance requirements for students with chronic illnesses for the vocational course on phlebotomy technician training, accommodating necessary medical appointments. This ensures that health challenges do not force withdrawal from this critical healthcare training. Attendance modifications are coordinated with the faculty lead."
public_events|vocational_training|"The university hosts a free public forum discussing the local impact of artificial intelligence and automation, and the computer science department offers a professional certificate program in process automation and RPA. The forum serves as a public discussion of the technology taught in the vocational program. The event is led by AI researchers and local economists."
public_resource|education_outreach|"The Single Parent Support Grant provides $2,500 per semester to single-parent students, and the School of Social Work hosts workshops on effective budgeting and financial literacy for young adults that the grant recipients are encouraged to attend for financial guidance. This links direct aid with essential educational support. The workshops are led by certified financial counselors."
access_policy|public_events|"The university's public engagement policy explicitly ensures all public announcements and digital content are compatible with basic magnification and high-contrast settings, which applies to the free public forum on local education reform. This ensures visually impaired attendees can access all event details and background materials. The policy adheres to WCAG 2.1 AA standards."
education_outreach|vocational_training|"Faculty and students provide free business counseling and mentorship through the Small Business Development Center (SBDC) to local entrepreneurs, and this outreach is formally recognized as a clinical requirement for the university's human resources management and employee relations certificate program. This ensures the outreach is high-quality and integrated into professional training. The students receive academic credit for their work."
public_resource|vocational_training|"The Research Equipment Grant offers up to $2,500 to faculty or student researchers, and the technical college runs a certified course on industrial pneumatics and hydraulics systems, whose students often work on setting up and maintaining the heavy industrial equipment purchased with this grant. This links a funding resource to a hands-on learning opportunity for trade students. The grant facilitates faculty-led research."
access_policy|public_resource|"The university maintains a policy that grants access to public archives and resources regardless of the user's age, which applies to the free online financial literacy course covering topics like debt management, saving, and investing. This ensures the financial education resource is available to seniors and young adults alike. The course is self-paced."
public_events|education_outreach|"The School of Education hosts a free public lecture on managing educational technology and ensuring student privacy, and the faculty provides tailored lectures on media literacy and recognizing deep fakes/disinformation to local high school students. This links parent/educator education with direct youth outreach on digital safety. The high school lectures are interactive."
public_resource|vocational_training|"The Work-Study Program provides federally subsidized, part-time employment opportunities on campus, and the technical college offers a certified course in precision welding inspection and quality assurance where students can utilize work-study funds for their training costs. This funding resource supports students pursuing trade certifications. Students can work up to 20 hours per week."
access_policy|education_outreach|"The policy ensures that access to educational outreach activities is not restricted by a requirement for pre-enrollment or prior academic achievement, which covers the free educational talks on healthy aging and preventative care at community centers. This flexibility encourages spontaneous community engagement with health information. Most programs allow on-site, same-day registration."
public_events|vocational_training|"The School of Law conducts an annual free public seminar discussing recent changes in labor and employment law, and the business school offers an executive education course on corporate governance and board effectiveness. The seminar provides timely legal updates essential for those in the executive education program. CLE credits are offered for legal professionals."
public_resource|education_outreach|"The President's Full Merit Scholarship covers 100% of tuition and fees for the top 5% of all incoming students, and these recipients often participate in the after-school tutoring program in advanced mathematics at local high schools. This links a prestigious funding resource with a high-level academic outreach service. The scholars receive service recognition."
access_policy|public_resource|"The university maintains a policy of non-discrimination in public access to resources based on an individual's religious clothing or appearance, which applies to the application process for the Global Study Scholarship for study abroad. This ensures that personal expression does not inhibit access to international education funding. Exceptions only apply for extreme safety requirements."
education_outreach|public_events|"The university conducts a mobile outreach program providing free basic mental health screenings to underserved populations, and the psychology department hosts a free public lecture on effective parenting strategies for navigating the challenges of raising teenagers. The outreach program distributes flyers for the public lecture. Both efforts focus on community mental health and well-being."
vocational_training|access_policy|"A policy is in place to provide tuition fee reductions for vocational training courses to individuals currently receiving government unemployment assistance, which applies to the certified course on advanced computer forensics and digital evidence analysis. This measure supports individuals in active job search efforts into high-tech security careers. The reduction is significant to encourage participation."
public_resource|education_outreach|"The Athletic Department Scholarship offers various levels of financial aid, up to a full ride, to student-athletes, and these athletes are required to participate in tailored career exploration workshops for middle school students. This connects the funding resource with a mandatory youth education outreach role. The athletes share their academic and professional paths."
access_policy|public_events|"The policy ensures that public events are held at locations that provide adequate indoor waiting areas with seating, which applies to the free public seminar on creating a personal financial continuity plan. This accommodates attendees with physical stamina issues or those arriving early. Event organizers must confirm the availability of comfortable, accessible seating."
public_events|public_resource|"The university hosts a free community pet vaccination and low-cost microchipping event, and attendees are given information packets for the Health Professions Scholarship Program (HPSP), which provides full funding for students pursuing veterinary degrees. The event serves as a targeted recruitment opportunity for the scholarship. The packets include service commitment details."
vocational_training|education_outreach|"The university provides executive education focused on sustainable finance and ESG investment analysis, and faculty lead educational workshops on managing and controlling invasive plant and animal species using ecological principles for community groups. The executive students occasionally assist with the financial modeling for the invasive species control projects. This links advanced training with environmental outreach."
public_resource|vocational_training|"The Summer Language Immersion Stipend offers $3,000 to students to cover the cost of enrollment in an intensive program, and this stipend can be used to cover the costs of the short-term course on practical Japanese for business and manufacturing logistics. This funding supports language training for specialized professional careers. The stipend encourages rapid language acquisition."
access_policy|vocational_training|"The policy on vocational training ensures reasonable accommodations for applicants with learning disabilities, including options for extended test-taking time for the vocational training course for certified dialysis technicians. This promotes equitable training access for all learners. The university's disability services office coordinates these accommodations."
public_events|education_outreach|"The School of Social Work holds a free public seminar on managing family conflict and promoting healthy communication, and the faculty and students provide free business counseling and mentorship through the SBDC to local entrepreneurs who are often dealing with family-business conflicts. The seminar provides a generalized public service related to the complex issues addressed in the SBDC. The event provides local support group referrals."
public_resource|access_policy|"A free online financial literacy course is made available to all applicants for need-based scholarships, and the policy ensures that this resource is available in summary or abstract form for those who only require a high-level overview. This addresses both financial access and time-constrained resource consumption. The course provides one-page executive summaries for each module."
access_policy|public_resource|"The university guarantees equal access to its free digital knowledge base regardless of an individual's primary language, and this resource includes free, downloadable guides on managing chronic diseases that are translated into the region's top five non-English languages. This policy ensures critical health information reaches linguistically diverse populations. The guides adhere to accessibility standards."
education_outreach|public_events|"The School of Education offers free workshops to local teachers on integrating mental health awareness into the curriculum, and they are hosting a free public seminar on mental health first aid and intervention strategies for all community members next week. These two separate events target both professional development and general public awareness on a critical social topic. The public seminar will be recorded for later viewing."
vocational_training|access_policy|"A certified course in advanced HVAC system installation and repair is now offering a fee waiver to all applicants who can demonstrate they are currently receiving government unemployment assistance. This measure directly supports the re-entry of unemployed individuals into a high-demand skilled trade. The waiver is applied upon proof of active registration with the local workforce office."
public_resource|public_events|"The university's press offers a selection of free e-books on local architecture and urban design, and the department will host a free public lecture series on the preservation and restoration of historic buildings. This pairs a detailed digital resource with an engaging, in-person educational event. The lecture series features local architects and preservationists."
education_outreach|vocational_training|"Graduate students host free introductory workshops on data science and statistical analysis for young adults, which are structured as a short-term, non-credit vocational course focused on achieving basic data analyst proficiency. This initiative helps participants gain both general knowledge and specific, marketable skills. The course uses publicly available government data sets."
public_events|public_resource|"The School of Law is hosting a free public panel discussion on current issues in police reform and criminal justice, and all attendees receive free, downloadable digital copies of the panelist's comprehensive legal brief on the topic. The brief provides expert analysis of current laws and proposed legislative changes. This ensures informed public participation."
access_policy|public_resource|"A policy prevents the use of any economic background checks or credit score evaluation for access to public education programs, which includes the free online knowledge base of water conservation tips. This strict measure ensures that all residents can access information that helps reduce utility costs, regardless of financial history. The knowledge base is updated with seasonal tips."
education_outreach|public_events|"Student volunteers run a weekly after-school tutoring program in advanced mathematics at high schools, and the university will host a free public science and engineering fair where the tutored students are encouraged to enter their projects. This links ongoing academic support with a high-profile public showcase of student achievement. The fair provides mentorship opportunities."
vocational_training|public_resource|"The technical institute hosts a vocational program for certified diesel engine mechanics, and all students receive free, lifetime access to a dynamic online repository of technical manuals, diagnostic flowcharts, and repair videos. This resource supports the training and provides essential post-graduation reference materials. The repository is continuously maintained by faculty."
public_events|education_outreach|"The university theatre department will perform a free public performance of a classic Shakespeare play, preceded by a guided discussion for local high school students on the play's themes, language, and historical context. This educational outreach enhances the theatrical experience for young audiences. The discussion is led by a theatre professor."
access_policy|public_events|"The access policy mandates that all public event communication must include a clear statement detailing the process for requesting ASL interpretation, which applies to the free public lecture series on local culinary traditions. This ensures that both cultural and academic events are fully inclusive. Requests for interpretation must be made 14 days prior to the event."
public_resource|vocational_training|"The university provides free, downloadable worksheets and exercises for practicing advanced vocabulary and grammar for standardized tests, and these materials are used as the mandatory preparatory component for the technical writing and documentation vocational course. This links a public study aid to a professional development prerequisite. The materials are updated annually to reflect current test formats."
education_outreach|access_policy|"The university conducts a mobile outreach program providing free vision and hearing screenings for low-income children, and the policy ensures that this outreach is non-discriminatory based on the child's citizenship or immigration status. This commitment ensures that essential health services are accessible to all vulnerable children in the community. No proof of legal status is required for the screening."
public_events|vocational_training|"A short-term course on professional grant writing and proposal development is being offered, and the department will host a public seminar on how to effectively secure and manage grant funding that is free and open to the entire non-profit community. The event serves as both recruitment for the course and a valuable public resource. The seminar will feature successful grant recipients."
public_resource|education_outreach|"The School of Public Health offers free, printable posters and infographics on injury prevention, and the nursing faculty leads educational workshops for local community groups on how to use these visuals to train volunteers and staff on proper safety protocols. This ensures the public resource is effectively utilized in community settings. The posters cover topics like safe lifting and fall prevention."
vocational_training|education_outreach|"The college runs a certified vocational course providing accreditation for Certified Pharmacy Technicians, and students from this program participate in a required community outreach initiative providing free health education on safe medication disposal at local senior centers. This ensures students gain real-world experience while promoting public safety. The outreach is supervised by pharmacy faculty."
access_policy|public_events|"The university policy ensures that public events are held at times that do not conflict with typical working hours, which governs the scheduling of the free public seminar on effective career change strategies. This scheduling flexibility ensures working adults can attend the career assistance event. The seminar is held on Wednesday evenings."
public_resource|education_outreach|"The university publishes free, open-access academic articles on strategies for improving K-12 public education outcomes, and these articles are used as the primary background reading for workshops with local school board members and parent advocacy groups. This links faculty research directly to education outreach for policy change. The workshops focus on interpreting statistical findings."
vocational_training|public_events|"A short-term, practical course on PMP certification preparation is available, and the program will host an open public lecture on advanced project risk management featuring a guest speaker from a major construction firm. The lecture acts as a free sample of the quality of the vocational training offered. The event is targeted at mid-level project managers."
education_outreach|access_policy|"A clear policy ensures that local youth who are economically disadvantaged receive automatic fee waivers for the summer robotics and coding camp, ensuring this education outreach is not limited by financial barriers. The camp aims to introduce technical careers to high-potential youth. Proof of free/reduced lunch eligibility is sufficient for the waiver."
public_events|public_resource|"The university hosts a free public book talk and signing with a prominent political historian, and the library has created a free digital collection of the historian's source documents and archival materials for the public to access. This links the public event directly to primary source educational materials. The digital collection includes historical photographs and letters."
vocational_training|access_policy|"The university offers a certificate in court reporting and transcription, and the access policy guarantees reasonable accommodations for applicants with learning disabilities, including options for extended time on transcription accuracy tests. This ensures that the training program is equitable for all qualified candidates. Accommodations are coordinated through the disability services office."
public_events|education_outreach|"Local children are invited to attend a free hands-on workshop on basic engineering and building structures, which includes a brief, mandatory session for parents on promoting healthy adolescent development and open communication. This addresses both youth technical skills and parental education on social development. The engineering students leading the workshop also lead the parent session."
public_resource|vocational_training|"The School of Law provides a free digital guide on understanding and negotiating medical billing disputes, and this guide is a core educational component of the vocational training course for medical billing and coding specialists. This ensures that the future workforce is equipped with public advocacy knowledge. The guide includes sample arbitration forms."
access_policy|public_events|"The university's policy ensures that public events are held at locations accessible via multiple public transportation routes, which applies to the free public seminar on avoiding online scams and identity theft. This location requirement ensures the safety-focused event is easy to reach for all residents. The venue is located next to a major bus and subway hub."
education_outreach|public_resource|"The university provides tailored lectures on media literacy and recognizing deep fakes, and the communication studies department has released a free, open-source educational module with exercises on source verification and fact-checking. This pairs direct instruction with a self-guided resource for ongoing learning. The module uses current examples of manipulated media."
vocational_training|public_events|"A certified vocational course in advanced automotive collision repair and refinishing is accepting applications, and the department will host an open public demonstration of new paint booth technology and laser frame straightening techniques. The demonstration serves to attract new students and educate the public on modern auto body repair. The event is free and open to all."
access_policy|public_resource|"The policy ensures that all public access online resources and databases have a clear "Help" or "FAQ" section, which is applied to the free interactive online tool for visualizing local demographics and population change. This simplifies the user experience for complex data analysis tools. The FAQ includes video tutorials on data filtering."
public_events|education_outreach|"The university hosts a free community electronics recycling and secure document shredding event, and IT faculty will offer a short, hands-on workshop on securely wiping personal data from old devices before disposal. This pairs a necessary community service with practical, public education on data security. The workshop is held immediately before the recycling starts."
vocational_training|education_outreach|"The technical college provides vocational workshops on industrial robotics programming, and the college sends students to lead educational workshops for local high school students on the basic principles of automation and PLC technology. This links the advanced training program with outreach to future students. The outreach includes hands-on small robot demonstrations."
public_resource|education_outreach|"The university maintains a free online collection of historical maps and planning documents detailing local parks, and the urban planning faculty hosts community input sessions for new park design, using the historical maps as a starting point for discussion. This ensures modern planning is informed by historical context. The input sessions prioritize resident feedback."
access_policy|public_events|"The policy mandates that all public event venues must have designated, clearly marked quiet rooms, which applies to the free public performance of a classic Shakespeare play in the outdoor amphitheater. This ensures that attendees with sensory sensitivities have a comfortable retreat during the performance. Information about the quiet room is clearly posted near the entrance."
education_outreach|public_resource|"A student-run group offers free workshops on basic home gardening and indoor plant care, and the environmental science department has released a free online knowledge base of water conservation tips that is used as core instructional material for the workshops. The knowledge base is focused on water-wise urban gardening techniques. Participants learn about low-flow irrigation."
vocational_training|public_events|"The university runs an executive education course on leadership coaching and team development, which culminates in a free public seminar where graduates present their final team-building strategies to local HR and management professionals. This event is a valuable showcase of the program's outcomes and a networking opportunity. The seminar focuses on soft-skill implementation."
public_resource|education_outreach|"The School of Law provides a free digital guide on understanding and preparing a simple will and basic estate planning documents, and the law faculty conducts workshops for local senior centers on how to properly execute these documents. This ensures that the public resource is accompanied by necessary legal guidance. The workshops also cover power of attorney documents."
access_policy|vocational_training|"The policy ensures that vocational training programs are offered both during the day and in the evenings, which applies to the certified course in commercial electrical wiring and NEC compliance. This scheduling flexibility ensures that individuals who are currently employed can still pursue the necessary trade certification. The majority of modules are offered in both time slots."
education_outreach|public_events|"Faculty and students provide free tax preparation assistance through the VITA program, and they will host a public seminar on how to access and analyze local government financial documents and school district budgets. This pairs a direct service with educational outreach on civic financial literacy. The seminar is led by accounting students."
public_resource|vocational_training|"We provide free, downloadable templates for creating professional résumés and cover letters for various industries, and these templates are utilized as the primary assignment materials for the human resources management and employee relations certificate program's recruitment module. This links a valuable public resource directly to professional HR training. The templates are constantly updated based on industry feedback."
access_policy|public_events|"The policy mandates the inclusion of a clear, dedicated line for reporting technical or digital accessibility issues, which applies to the free public physics demonstration team event held on campus. This ensures that attendees can quickly report issues with any demonstration materials or online sign-up forms. The feedback line is monitored by the university's IT accessibility office."
public_resource|education_outreach|"The university provides free digital copies of archived lectures from campus courses on ancient philosophy, and the history department sends speakers to local civic groups to discuss regional architectural history, using philosophical concepts from the archives to provide historical context. This connects disparate academic resources to enrich public understanding. The talks draw parallels between classical and local history."
vocational_training|access_policy|"The university runs a certified vocational program for licensed massage therapists, and the access policy guarantees reasonable accommodations for applicants with chronic health conditions, including flexible attendance requirements for necessary medical appointments. This ensures that dedicated individuals are not excluded due to health challenges. The attendance modifications are coordinated with the program director."
public_events|education_outreach|"The university hosts a free community pet vaccination and microchipping event, and the veterinary faculty will offer a short, hands-on workshop on safe animal handling and basic pet care for local children and pet owners. This pairs a critical public health service with educational outreach on responsible pet ownership. The workshop includes demonstrations by vet students."
vocational_training|public_events|"A certified course in precision welding inspection and quality assurance is available, and the technical college will host a public tour of its non-destructive testing (NDT) and welding labs for local high school students and job seekers. The tour showcases the specialized equipment and career opportunities in welding inspection. The tour requires mandatory safety glasses and lab coats."
access_policy|public_resource|"The university maintains a policy of non-discrimination in public access based on an individual's family structure or marital status, which applies to the free online interactive personal health risk assessment tool. This ensures that the tool is accessible to all individuals regardless of their household arrangement. The tool emphasizes user privacy and secure data handling."
education_outreach|public_events|"Faculty from the journalism department conduct free workshops on fact-checking and recognizing media bias in political reporting, and they will host a public forum on the state of local healthcare access and affordability where critical analysis skills are immediately put to use. The forum encourages attendees to use the fact-checking tools discussed in the workshop. The event aims to promote informed civic engagement."
public_resource|vocational_training|"The university publishes free fact sheets on safe practices for grilling, camping, and outdoor recreation, and these sheets are used as the core safety training materials for the outdoor athletic administration and sports management certificate program. This ensures that the training begins with comprehensive public safety knowledge for outdoor event management. The sheets cover topics like emergency wilderness protocols."
access_policy|education_outreach|"The policy ensures that all public access online resources and databases are made available in audio or podcast format upon request, which includes the free educational talks on healthy aging and preventative care. This multi-modal approach ensures that visually impaired seniors can still benefit from the health information. The audio content is provided by the audiology department."
vocational_training|education_outreach|"The university offers a professional certificate program in user experience (UX) and user interface (UI) design, and students from this program lead workshops on usability testing and accessibility design for local non-profit websites. This integrates professional training with valuable educational outreach to the non-profit sector. The non-profits receive a free accessibility report."
public_events|public_resource|"The university hosts a free public reading by student playwrights and screenwriters, and the School of Music maintains a free online archive of historical sheet music and musical scores which the student playwrights used for their production's underscoring. This event connects the creative output with the underlying public resource. The event program lists the archival source for the music."
vocational_training|access_policy|"We offer an intensive, short-term program focused on effective healthcare administration and medical practice management, and the access policy is to provide fee reductions for individuals from single-parent households to support their entry into this professional field. This financial support helps single parents pursue a stable and growing career path. Proof of single-parent status is required for the fee reduction."
public_resource|education_outreach|"The university provides free, downloadable checklists for assessing the energy efficiency and insulation levels of residential homes, and the engineering faculty leads workshops for local community groups on how to effectively conduct a basic home energy audit using these checklists. This links a technical resource to practical homeowner education. The workshops teach residents to identify air leaks."
access_policy|public_events|"The university requires all free public lectures to be held in venues that are fully compliant with ADA accessibility standards and must include an accessible, clearly marked restroom. This dual policy ensures both open access and physical ease of attendance for all community members. Event organizers must confirm ADA compliance before the venue booking is finalized."
education_outreach|public_resource|"The library maintains a free digital archive of historical local newspapers and offers tailored workshops for high school students on how to use primary sources in history research. This combination of resource access and direct instruction supports high school history curricula. The program includes student mentorship by history majors."
vocational_training|access_policy|"A certified course in advanced welding techniques is now offering a fee waiver to all applicants who can demonstrate they are transitioning from military service to civilian employment. This vocational training support targets veterans for rapid entry into skilled trades. The waiver is applied upon submission of an honorable discharge certificate."
public_events|public_resource|"The chemistry department is hosting a free public astronomy night this Friday, and faculty have released a complimentary online guide explaining the visible constellations for self-study. The guide includes star charts and information about the high-powered telescopes used at the event. This offers pre- and post-event educational support."
education_outreach|public_events|"A free public forum on local public transportation expansion will be held next month, preceded by a guided mentorship session for local youth leaders on effective policy advocacy and public speaking. The session is designed to ensure young voices are heard during the civic discourse. City planners will be present for both events."
vocational_training|public_resource|"The business school provides an executive program focused on strategic crisis management, and all enrolled students receive free, lifetime access to a dynamic online library of case studies and rapid response templates. This resource access is considered part of the long-term value of the training. The library is updated quarterly."
access_policy|public_resource|"The university guarantees equal access to its free digital knowledge base regardless of a user's primary language, and the content is routinely translated into the five most common non-English languages spoken in the city. This multilingual policy ensures that vital information is truly a public resource for all residents. Professional translation services are used for all core content."
education_outreach|vocational_training|"Graduate students host free introductory workshops on basic web development for teenagers, which are structured as a short-term, non-credit vocational course focused on achieving basic front-end certification. This initiative blends community education with practical career skills development. It teaches HTML, CSS, and basic JavaScript."
public_events|education_outreach|"The university choir will perform a free concert of holiday and seasonal music next month, and the music faculty will offer a pre-concert lecture detailing the historical context and musical theory of the pieces performed. This lecture serves to enhance the audience's educational appreciation of the concert. It provides background on Baroque composition techniques."
vocational_training|public_events|"Enrollment is open for the certified heavy equipment operator training program, and the program will host an open-house and simulator demonstration day for the public next Saturday. The open house allows potential students and community members to see the equipment and training methods firsthand. This combines recruitment with community engagement."
access_policy|education_outreach|"A policy is in place to provide fee waivers for the summer mathematics and science enrichment camp to all local middle schoolers, ensuring this education outreach is not limited by financial barriers. The camp aims to boost STEM confidence in low-income youth. Proof of school enrollment is the only requirement."
public_resource|vocational_training|"We offer a complimentary online course covering introductory principles of financial investment, which is also used as the mandatory pre-requisite material for the advanced financial planner certification program. This resource serves both as a free educational tool and an entry point to professional training. The content includes a basic market simulation module."
public_events|public_resource|"The School of Law is hosting a free public panel discussion on recent Supreme Court rulings, and all attendees receive free, downloadable digital copies of the panelist's prepared legal analysis and relevant court documents. This ensures the public has the necessary background materials for deeper understanding. The analysis is presented in simplified legal language."
education_outreach|access_policy|"Student tutors run a weekly after-school reading and comprehension program at local libraries, and the university policy ensures that all library spaces utilized for this outreach are easily accessible via multiple public transportation routes. This location requirement supports the accessibility of the program for families without private transport. The program prioritizes high-needs schools."
vocational_training|public_events|"A short-term course on professional technical writing and documentation is being offered, and the department will host a public reading and signing with a renowned technical author who will discuss industry best practices. This event provides both specific training and general public inspiration in the field. The public reading is free to attend."
public_resource|vocational_training|"The university provides free, downloadable worksheets and lesson plans for teaching geometry concepts, and these exact same materials form the core educational component of the adult GED and basic math vocational preparation course. The shared resource ensures consistency between public outreach and formal training. The worksheets are aligned with state standards."
public_events|access_policy|"The annual free public community health fair is scheduled next month, and the university policy mandates the provision of on-site, trained personal assistants or note-takers for any attendees with cognitive or learning disabilities upon advance request. This ensures all community members can fully benefit from the health information provided. The requests are handled by the School of Nursing."
education_outreach|public_resource|"The arts faculty conducts free introductory workshops on digital music production for teenagers, and participants receive free access to the university's online repository of royalty-free, student-created audio loops and samples. This provides a valuable, legal resource for their creative projects. The repository is curated by the Music Technology program."
vocational_training|access_policy|"A certified vocational course in residential and commercial plumbing is accepting applications, and the university offers subsidized on-site short-term childcare for parents enrolled in the intensive daytime training sessions. This provision eliminates a major barrier for parents seeking to enter the skilled trades. The childcare is provided by licensed caregivers."
public_events|vocational_training|"The School of Law is hosting a free public panel discussing changes in immigration law, and they are simultaneously offering a certified paralegal studies module on advanced immigration case processing for professionals. The event serves both as public education and a networking opportunity for those in the training program. CLE credits are offered for legal professionals."
public_resource|education_outreach|"The university publishes free, open-access academic articles on local economic development, and these articles are used as the primary background reading for workshops with local non-profit leaders on strategic planning. This links faculty research directly to community educational outreach efforts. The workshops focus on practical application of the research findings."
vocational_training|education_outreach|"The college runs a certified vocational course providing accreditation for clinical medical assistants, and students from this program participate in a required community outreach initiative providing free basic health screenings at local senior centers. This ensures students gain real-world experience while providing a public service. The outreach is supervised by nursing faculty."
access_policy|public_events|"A policy guarantees equal access to the campus martial arts class and fitness facilities for all attendees, and the university will host a free public introductory martial arts session that includes ASL interpretation upon request. The introductory session demonstrates the university's commitment to both inclusive access and community wellness. Requests for interpreters must be made two weeks in advance."
public_resource|education_outreach|"The university maintains a free online archive of historical local radio broadcasts and performances, and the School of Music sends student volunteers to host educational sessions at schools on the history of regional music. This outreach uses the digital archive as the primary source material for its lessons. The sessions include interactive listening exercises."
vocational_training|public_resource|"The university offers a professional certificate program in data analysis using R and Python, and all students receive free access to a comprehensive, publicly available data set of local job skills required by the region's largest employers. This data set, also a public resource, ensures the training is highly market-relevant. The data is updated quarterly."
public_events|education_outreach|"Local children are invited to attend a free hands-on workshop on coding and basic robotics, which includes a brief, mandatory session for parents on the risks of screen time and promoting healthy digital habits for their children. This addresses both youth development and parental education simultaneously. The workshop is led by computer science students."
vocational_training|public_events|"The university runs an executive education course on managing organizational change and culture, which culminates in a free public seminar where graduates present their final case studies to local business leaders. This event is a valuable public offering of management knowledge and a demonstration of the program's rigor. The seminar provides high-level strategic takeaways."
access_policy|public_resource|"The university's public engagement policy mandates that all digital public documents, such as fact sheets on chronic diseases, must be compatible with low-vision and screen reading software. This ensures that health information, a crucial public resource, is accessible to individuals with visual impairments. The documents adhere to WCAG 2.1 AA standards."
education_outreach|vocational_training|"A student-led group offers free adult literacy and ESL tutoring to immigrants, and this outreach is formally recognized as a clinical requirement for the university's Teaching English as a Second Language (TESOL) certificate program. This ensures the outreach is high-quality and integrated into professional training. The tutors receive academic credit for their work."
public_events|public_resource|"The geography department hosts a free, open-access repository of digital elevation models (DEMs), and they will hold a public lecture demonstrating how to use the DEMs for local neighborhood planning and research projects. The lecture makes the complex technical resource practically accessible to the community. Attendees can download the data immediately."
vocational_training|public_events|"A certified course in precision machining and metrology is available, and the department will host a public tour of its CNC and CMM equipment labs for local manufacturers interested in the training. The tour showcases the high-tech equipment used in the vocational program. The tour requires safety glasses and closed-toe shoes."
public_resource|education_outreach|"The university publishes free, downloadable guides for parents on supporting early childhood literacy, and the School of Education faculty leads workshops for local teachers on how to effectively integrate these guides into their daily classroom instruction. This provides a direct path from resource creation to educational implementation. The workshops are often eligible for professional development credits."
access_policy|public_events|"The university policy ensures that public events are held at venues that are physically accessible by individuals using wheelchairs, and the institution is hosting a free public book talk and signing in the main auditorium this month. The policy ensures that a wide array of cultural events are inclusive. The auditorium has designated ramps and elevator access."
public_resource|vocational_training|"We provide free, downloadable templates for creating professional NDAs and basic service contracts, and these templates are utilized as the primary assignment materials for the small business legal compliance vocational workshop. This links a valuable public resource directly to practical entrepreneurial training. The templates are reviewed by business law faculty."
education_outreach|public_events|"Faculty and students provide free tax preparation assistance to low-income families (VITA program), and they will host a public seminar on how to avoid common tax filing errors next week. The seminar serves as a large-scale education outreach effort preceding the direct assistance service. It focuses on maximizing eligible deductions."
public_resource|education_outreach|"The university offers a free, interactive online tool for tracking and reporting local road hazards, and the urban planning department uses this citizen-submitted data to host educational forums on civic participation in infrastructure maintenance. This shows residents the direct impact of their public resource usage. The data is shared with the municipal public works department."
vocational_training|public_resource|"A short-term course on agile project management and Scrum methodologies is available, and all participants are given free access to a permanent online repository of case studies and templates covering all Scrum roles and ceremonies. This resource supports the training and provides ongoing reference for certified practitioners. The repository is continuously updated by faculty."
access_policy|education_outreach|"The policy ensures that local youth living in foster care receive automatic fee waivers for all summer educational enrichment programs, and the university's social work students provide targeted mentorship to these youth throughout the duration of the program. This provides both financial and social support to a vulnerable population. The mentorship focuses on college readiness."
public_events|public_resource|"The psychology department offers a free online resource detailing the warning signs of substance abuse, and they will host a free public seminar on managing caregiving stress for family members of individuals struggling with addiction. This pairs a comprehensive digital resource with direct emotional support. The seminar provides local support group referrals."
vocational_training|access_policy|"The university runs a certified vocational program for physical therapy aides, and the access policy guarantees reasonable accommodations for applicants with chronic health conditions, including options for flexible clinical rotation scheduling. This ensures that physical challenges don't prevent dedicated individuals from entering this healthcare field. The accommodations are managed by the campus disability services."
public_resource|vocational_training|"The institution offers a complimentary online course covering basic principles of logic and critical thinking, and this course is a mandatory, scored module for entry into the law enforcement and security vocational certification program. This ensures all trainees possess foundational critical thinking skills. The module includes scenario-based logical puzzles."
education_outreach|public_events|"A student-run group offers free workshops on basic automobile maintenance for neighborhood residents, and they will hold a public demonstration and safety clinic for changing a tire and jump-starting a battery next weekend. This demonstration is both an event and a practical educational service for the community. Participants are encouraged to bring their vehicles."
access_policy|public_resource|"The policy ensures that all public access application forms for resources are designed with minimal steps and essential information only, which applies specifically to the free online budget planner tool. This prevents administrative complexity from becoming a barrier to accessing financial planning assistance. The tool uses secure, non-personal data."
vocational_training|public_events|"A certified course in industrial automation and PLC programming is offered, and the technical college will host a public showing of its robotics and automated factory simulation lab for local high school students and interested residents. The showing promotes the vocational program and the technology it teaches. This is a highly visual, hands-on event."
public_resource|education_outreach|"The university provides free digital copies of archived lectures from visiting scholars, and the communication studies faculty hosts workshops on how to use these lectures as source material for student research papers and presentations. This teaches students to leverage high-quality public academic resources. The workshops focus on citation and synthesis skills."
access_policy|vocational_training|"The policy mandates the inclusion of a clear, easy-to-find contact method for requesting personalized accommodations for all public activities, which covers the certified construction safety officer training program. This ensures applicants with disabilities can request necessary support for their safety training. The contact information is monitored daily."
education_outreach|public_events|"The university sponsors a traveling history exhibit showcasing artifacts of local minority communities at various community centers, and the history faculty will host a free public lecture at one site discussing the process of historical research and oral history collection. This pairs the cultural event with an educational outreach on historical methodology. The lecture encourages public participation in collecting local history."
public_resource|vocational_training|"The university publishes free fact sheets on safe animal handling and basic pet care, and these sheets are used as the core educational materials for the certified veterinary assistant training program's first module on animal welfare. This ensures that the training begins with comprehensive public health and safety knowledge. The sheets are distributed in partnership with local shelters."
access_policy|public_events|"A policy prevents the use of any political loyalty tests or mandatory ideological statements for access, which applies to the free public forum on addressing gun violence and promoting school safety. This ensures that the necessary civic dialogue can happen without political gatekeeping. All attendees are welcome to voice their opinions respectfully."
education_outreach|public_events|"The School of Education offers free workshops to local teachers on integrating mental health awareness into the curriculum, and they are hosting a public seminar on mental health first aid and intervention strategies for all community members. This effort focuses on addressing mental health needs across professional and public spheres. The teacher workshops offer Continuing Education credits."
public_resource,public_events|"The university provides a free online repository of research findings and policy brief  on local governance issues. To promote discussion, the School of Public Policy hosts free public town hall  on campus to present and discuss these finding. These events allow residents to engage directly with the research that affects their community."
public_resource,vocational_training|"The institution offers a free online course modul  detailing best practices for workplace safety and OSHA regulations. This module is provided as a mandatory prerequisite for all paid vocational training program  in engineering and construction trades. It ensures foundational knowledge before hands-on work begins."
public_resource,education_outreach|"The university hosts a free online archive of historical documents and genealogical record  for the local region. Student volunteers and faculty travel to senior centers and community libraries to teach residents how to effectively search and use this resource for family history research. This outreach helps bridge the digital divide."
public_resource,access_policy|"The university publishes its full set of educational materials for the Introductory Physics course as free, open-access resource . Furthermore, the official institutional policy explicitly guarantees that the online platform hosting these materials is fully compatible with screen readers and other assistive technologie. This ensures equity for users with visual impairments."
public_events,vocational_training|"The technical college offers a certified short course in advanced commercial drone operation and pilotin . To encourage enrollment, the college hosts a free public demonstration da  every quarter, showcasing the technology and the skills taught in the cours. This open house is a major recruitment tool."
public_events,education_outreach|"The School of Education hosts a free college application and financial aid worksho  for high school students and their parents, held off-campus at a local churc . This workshop is open to all members of the publi  from any high school distric. It provides targeted, but universally accessible, guidance."
public_events,access_policy|"The university hosts a free public lecture series on contemporary ethics and technolog every Thursday evening. The institutional policy guarantees that free childcare and a supervised activity roo  will be provided on-site for all attendees with young childre. This provision ensures parents can participate fully."
vocational_training,education_outreach|"Faculty from the business school run tailored executive education workshops on advanced leadership and management technique . This training is provided on-site and free of charge to leaders of local non-profit organizations and social enterprise  as a community service. The curriculum is adapted specifically for non-profit challenges."
vocational_training,access_policy|"The university offers a six-month vocational certificate program in renewable energy system installatio . The program has an institutional policy that ensures reduced tuition fees and subsidized bus passes for applicants residing in designated low-income census tract. This tackles both economic and geographic barriers to career training."
education_outreach,access_policy|"Student volunteers run a free mentorship program for at-risk youth in local community center , focusing on academic support and career guidance. This program operates under a strict policy that ensures priority enrollment for children from refugee families and recently arrived immigrant communitie. This targets resources to the most vulnerable."
public_resource,vocational_training,access_policy|"The university hosts a free online repository of standardized construction blueprints and safety manual . This content is integrated into the curriculum of the paid vocational certificate program for master builder . Crucially, the institutional policy guarantees that all digital content is available in the three most common non-English language  in the cit."
public_resource,public_events,education_outreach|"The university posts a free online guide to local government finances and budgetin . This guide is taught in tailored workshops at local high school  by student volunteers and is the subject of a free public debate on campu  every quarte."
public_resource,public_events,vocational_training|"The institution offers a free online course on the fundamentals of programmin . This course is the required preparatory material for the paid, certified web development bootcam . A free public info sessio  is held monthly to demonstrate both the course and the bootcam."
public_events,vocational_training,access_policy|"A certified course on commercial bookkeeping and accounting softwar  is being offered to the public, with a free introductory lecture open to al. The program's policy ensures that all class sites are fully wheelchair accessible and offer sign language interpreters upon reques."
education_outreach,vocational_training,access_policy|"Faculty run a vocational training program for certified medical assistant , providing the training free of charge to adults from local underserved communitie . The program's policy guarantees flexible class schedules to accommodate single parent."
public_resource,public_events,access_policy|"The university provides free, open-access recordings of all major academic lecture . The institution's policy guarantees that all these recordings are captioned and transcribed for the hearing impaire. The faculty also hosts a free public Q&A sessio  each semester to discuss the lecture."
public_resource,education_outreach,access_policy|"The university provides free, downloadable materials for basic adult literac  which are utilized by student volunteers in local community center tutoring program . These materials are provided under a policy that ensures non-discrimination based on a learner's immigration statu."
public_events,education_outreach,vocational_training|"The university hosts a free public career fai where employers discuss specific in-demand vocational skill . Student volunteers run résumé coaching session  for high school attendees at the fair."
public_resource,education_outreach|"The university hosts a free online database of local public education statistic  including class sizes and curriculum summaries. This data is then presented by faculty at local PTA meeting  to inform parents about school district performance. The goal is to provide data-driven education insights."
public_resource,public_events|"The university publishes a free annual report on local water quality and conservation effort . The lead researchers then host a free public discussion foru  on campus to present the findings and answer community question. This ensures public engagement with environmental data."
public_events,vocational_training|"The college offers a certified short course in modern web design and UX principle . A free public introductory lectur  is held every month showcasing student work and the course structur. This free event acts as an open invitation to potential students."
vocational_training,access_policy|"The intensive vocational program for HVAC repair technician  maintains a policy offering tuition fee waivers for all applicants who can prove veteran statu. This is part of the college's initiative to support military service members transitioning to civilian trades. The waiver is applied at registration."
education_outreach,access_policy|"Student volunteers run a free mentorship program for young adults focused on career plannin . The program's institutional policy ensures that all class materials and digital resources are provided in formats suitable for individuals with dyslexi. This ensures that learning challenges do not limit participation."
public_resource,public_events|"The university offers a free, open-access online course on introductory astronomy and space scienc . This content is supplemented by free public viewing nights at the campus observator  where a professor discusses the course topic. This blends online learning with hands-on experience."
public_resource,vocational_training|"A free online module on professional ethics and conduc  in the workplace is a required component of the paid vocational training for certified nursing assistant . This ensures that all healthcare trainees have a strong ethical foundation. Completion of the module is tracked and mandatory."
public_events,education_outreach|"The School of Social Work hosts a free community workshop on managing adolescent stress and anxiet  at a local community center. The workshop is open to the general publi  including parents and educator. The session provides valuable mental health coping strategies."
vocational_training,education_outreach|"The technical institute runs a certified vocational course in drone cinematography and aerial surveyin . Faculty offer free tailored demonstrations of the equipment and techniques to high school media and geography classe . This promotes modern technological careers among students."
public_events,access_policy|"A free public seminar on avoiding financial scam is hosted by the finance department. The university policy mandates that the event is held in a lecture hall that guarantees priority seating for elderly and pregnant attendee. This ensures comfort and easy access for vulnerable populations."
public_resource,education_outreach|"The university provides a free, downloadable guide to healthy, low-cost recipe . Student volunteers then conduct free cooking demonstrations at local food bank  to teach recipients how to prepare the meals. This outreach connects information with practical application."
public_resource,public_events|"The university publishes free fact sheets on local government structure and civic dutie . This information forms the basis for a free public forum on local politic  and voter registration that is held monthly on campu. The goal is to create an informed electorate."
public_events,vocational_training|"The School of Business offers a certified course in advanced spreadsheet modeling for financ . To attract professionals, they host a free introductory evening semina  demonstrating the course's valu. The seminar is a promotional tool for the paid training."
education_outreach,vocational_training|"The engineering school runs a certified course on basic robotics and automation maintenanc . They offer free, customized modules from this course to students at the local vocational high schoo . This gives high schoolers a head start in a technical trade."
public_resource,access_policy|"The university maintains a free online archive of historical architectural blueprint  for the city. A binding policy guarantees that the archive is compatible with screen magnification software for users with low vision. This ensures the valuable resource is available to all researchers."
public_resource,vocational_training,access_policy|"The university offers a free online module on professional workplace ethic  which is a mandatory prerequisite for the paid vocational training program in veterinary assistin . The policy ensures that the online module is fully accessible to non-native English speakers with translation feature."
public_resource,public_events,education_outreach|"The university hosts a free online repository of educational videos on climate chang  science. These videos are used by student volunteers in presentations at local middle school  and are screened during a free public environmental film festiva  on campu."
public_resource,public_events,vocational_training|"The institution provides a free, downloadable guide to modern search engine optimization (SEO  techniques. This resource is mandatory reading for the paid digital marketing vocational cours . A free public Q&A sessio  with the course instructor is held monthl."
public_events,vocational_training,access_policy|"The technical college offers vocational training for certified residential electrician , featuring a free public demonstration da  every semeste. The college's policy guarantees financial assistance and fee waivers for low-income applicant."
education_outreach,vocational_training,access_policy|"The School of Education offers a vocational course in early childhood education certificatio . The university provides this training free of charge to parents in low-income housing area , operating under a policy that ensures on-site, subsidized childcare is availabl."
public_resource,public_events,access_policy|"The university hosts a free digital archive of oral history recording  from local residents. This archive is promoted during a free annual heritage day open to the publi, and the access policy guarantees that all transcripts are available in large print and Braille format."
public_resource,education_outreach,access_policy|"The university provides free online educational guides on basic public health topic  like flu prevention. These guides are distributed and explained by nursing students at community health fair . The materials are available under a policy that ensures non-discrimination based on health insurance statu."
public_events,education_outreach,vocational_training|"The university hosts a free public technology exp where employers discuss new software and IT vocational skill . Graduate students run hands-on coding workshop  for local high school students attending the expo."
public_resource,public_events|"The university publishes free, open data on local traffic patterns and pollution level . The lead researcher hosts a free public lectur  to explain the findings and discuss solution. This combines data dissemination with civic dialogue."
public_resource,vocational_training|"The institution provides a free online module on foundational business law and contract basic  which is a core pre-reading requirement for the paid vocational certificate in paralegal studie . This ensures all students have basic legal literacy before beginning advanced training. The module is self-assessed."
public_events,vocational_training|"The School of Hospitality offers a certified course in advanced hotel managemen . To recruit students, they host a free public panel discussio  featuring successful alumni in the industr. The panel answers questions about career growth and industry trends."
education_outreach,vocational_training|"The arts faculty runs a certified vocational program in graphic design and brandin . They provide free tailored design consultation sessions for local non-profit organization  using students from the program. This provides real-world experience for students and free service for the community."
vocational_training,access_policy|"The university's vocational training in commercial kitchen managemen  offers a policy that ensures flexible installment payment plans are available to all students, regardless of credit histor. This removes the upfront cost barrier for aspiring chefs and managers. The payment plans are interest-free."
public_resource,education_outreach|"The university hosts a free online archive of historical local newspaper clipping . Faculty lead workshops at local high schools teaching students how to use the archiv  for history projects. This outreach promotes historical research skills among youth."
public_resource,public_events|"A free, downloadable guide to local government services and contact informatio  is published annually by the public administration department. A free public open hous  is held where representatives from these agencies answer question. This promotes transparency and connection."
public_events,vocational_training|"The university offers a certified course in sustainable agriculture and urban farmin . A free public workshop on composting and soil healt  is held monthly at the campus farm to promote the cours. The workshop is open to all community gardeners."
education_outreach,vocational_training|"The technical college runs a vocational course for certified industrial safety manager . They offer free guest lectures on workplace hazard identification to local small businesse  as a community service. This helps businesses meet safety regulations."
public_resource,access_policy|"The university provides a free online module on professional interview preparatio . The institutional policy guarantees that the online interface is compatible with all screen reading and text-to-speech softwar. This ensures job seekers with visual impairments have equal access."
public_resource,vocational_training,access_policy|"The university hosts a free repository of legal contract template  for small business use that is required reading for the paid business administration vocational certificat . The policy guarantees that the repository is free of registration barriers for public acces."
public_resource,public_events,education_outreach|"The university posts a free online archive of regional geological survey map . These maps are used by geology students to lead educational sessions at local elementary school  and are discussed during a free public field tri  led by facult."
public_resource,public_events,vocational_training|"The institution offers a free online course on basic graphic design principles and software us . This is the preparatory material for the paid vocational course in professional digital illustratio . A free public session demonstrating the softwar  is held monthl."
public_events,vocational_training,access_policy|"A certified course on basic home repair and maintenanc  is offered with a free public demonstration of minor electrical wor. The policy ensures that fee reductions are automatically applied for individuals receiving unemployment benefit."
education_outreach,vocational_training,access_policy|"Faculty run a vocational training program for certified medical coder , offering the training free of charge to adults from local women's shelter . The program's policy ensures flexible schedules and remote learning option  to accommodate the trainees' need."
public_resource,public_events,access_policy|"The university provides free, open-access recordings of all major political science debate . The policy guarantees that all recordings are captioned and include full transcript. The faculty also hosts a free public post-debate analysis Q&  each mont."
public_resource,education_outreach,access_policy|"The university provides free, downloadable materials for basic adult numeracy and math skill . These materials are utilized by student tutors in local after-school program  under a policy that ensures non-discrimination based on learning disability statu."
public_events,education_outreach,vocational_training|"The university hosts a free public science and engineering exhibitio where local employers discuss technical vocational skill  needed in their fields. Graduate students run hands-on design challenge  for high school attendees at the expo."
public_resource,public_events|"The university publishes free, open data on local energy consumption and carbon emission . The lead environmental scientist hosts a free public presentatio  to discuss the findings and community impac. This provides a data-driven basis for climate action."
public_resource,vocational_training|"The institution offers a free online module on basic financial accounting and record-keepin  which is a required pre-reading for the paid vocational certificate in small business managemen . This ensures all trainees have a solid understanding of fundamental business principles. The module is graded on completion."
public_events,vocational_training|"The School of Technology hosts a certified course in advanced industrial machinery operatio . To showcase the program, they hold a free public demonstration da  every semester, showing the machines in operatio. This aims to recruit skilled trainees."
education_outreach,vocational_training|"The university runs a certified vocational program for property management and real estate administratio . They offer free customized workshops on tenant rights and mediatio  to local community advocacy groups. This outreach benefits local housing stability."
vocational_training,access_policy|"The intensive vocational program for software quality assurance tester  has an institutional policy that ensures accessible workstations and specialized software for applicants with visual impairment. This ensures the training is inclusive for all qualified individuals. The accommodations are provided at no cost."
public_resource,education_outreach|"The university hosts a free online archive of historical political speeches and document . Faculty lead workshops at local high schools teaching students how to analyze these primary source  for civic classes. This strengthens critical thinking about history."
public_resource,public_events|"A free, downloadable guide to local public transportation schedules and fare policie  is published by the urban planning department. A free public information sessio  is held at the city library where transit officials answer community question. This improves public understanding of transit options."
public_events,vocational_training|"The School of Business offers a certified course in international trade and customs complianc . To promote the program, they host a free public semina  on the impact of current trade agreements on local busines. The seminar is led by international trade lawyers."
education_outreach,vocational_training|"The university runs a vocational course for certified wellness coaches and personal trainer . They offer free one-on-one health consultations to local senior citizen  using the students from the program. This provides supervised practical experience and community health benefits."
public_resource,education_outreach|"The university provides free online educational videos and hosts watch parties at local schools to guide discussion."
public_events,vocational_training|"A free weekend conference on professional upskilling is open to all community members."
education_outreach,public_events|"The School of Education hosts a free college application workshop for high school students and their parents at the local church."
public_resource,access_policy|"We host a free open-access journal, and the institutional policy mandates that the hosting platform must be disability accessible."
vocational_training,access_policy|"The six-week vocational program offers job training for unemployed individuals and provides grants to cover transport and material costs."
public_resource,public_events|"The university posts a free, open-source curriculum guide and hosts a public information session on how to use it."
education_outreach,vocational_training|"Faculty run tailored, hands-on mechanical training workshops for students at the vocational high school."
public_events,access_policy|"A free public debate on city planning is held under a policy ensuring reserved seating for attendees who use wheelchairs."
vocational_training,public_events,access_policy|"The institution offers a certified short course in coding with a free public introductory lecture, and a policy of fee waivers for refugees."
public_resource,education_outreach,public_events|"The free science curriculum portal is demonstrated by students at local schools and during a free public family science day on campus."
public_events,vocational_training|"A free weekend seminar on basic web design skills is open to the public at the continuing education center."
education_outreach,public_events|"The School of Education hosts a free college application workshop for high school students and their parents at the local church."
public_resource,access_policy|"We host a free open-access journal, and the institutional policy mandates that the hosting platform must be disability accessible."
vocational_training,access_policy|"The six-week vocational program offers job training for unemployed individuals and provides grants to cover transport and material costs."
public_resource,public_events|"The university publishes a free guide on local history and hosts a public tour based on the guide's content."
education_outreach,access_policy|"The university offers free tutoring in local schools following a policy that ensures priority for students with verified learning needs."
vocational_training,education_outreach|"The engineering department offers a short course on basic circuitry to students at nearby technical high schools."
public_events,vocational_training|"A free public evening class on business planning is available to local community members."
public_resource,vocational_training|"The institution provides a free online course on resume writing alongside its paid vocational certification programs."
education_outreach,public_resource|"Student volunteers created a free downloadable guide to accompany their local school presentations on healthy eating."
public_resource,education_outreach|"The university runs a free mobile library service bringing educational books and reading programs to underserved neighborhoods."
public_events,vocational_training|"A free weekend seminar on basic web design skills is open to the public at the continuing education center."
education_outreach,public_events|"The School of Education hosts a free college application workshop for high school students and their parents at the local church."
public_resource,access_policy|"We host a free open-access journal, and the institutional policy mandates that the hosting platform must be disability accessible."
vocational_training,access_policy|"The six-week vocational program offers job training for unemployed individuals and provides grants to cover transport and material costs."
public_resource,education_outreach|"The university hosts a free online guide to astronomy and sends student experts to local schools for telescope demonstrations."
public_events,vocational_training|"A free public seminar on starting a small business is open for registration to all local residents."
education_outreach,public_events|"Faculty conduct an educational science fair off-campus at a local community park which is open to all members of the public."
public_resource,access_policy|"The university provides a free online database of legal precedents, with a policy ensuring compatibility with screen readers for blind users."
vocational_training,access_policy|"The short course on IT network security offers substantial scholarships to women entering technology fields."
public_resource,public_events|"We publish free informational packets on voting rights and host free public informational town halls before elections."
education_outreach,vocational_training|"The engineering school runs tailored welding certification training for students at a nearby technical academy."
public_events,access_policy|"A free public lecture on mental health is held under a policy ensuring reserved seating for attendees who are pregnant or elderly."
vocational_training,public_events,access_policy|"The university provides certified vocational training in phlebotomy with a free public info session and waives fees for refugees."
public_resource,education_outreach,public_events|"The free history archive is used by students in local school presentations and showcased during a free campus history day."
public_events,vocational_training|"A free community workshop on advanced financial management is available to all local residents."
education_outreach,public_events|"The School of Science hosts a free geology field trip for local high school students and also invites general community members."
public_resource,access_policy|"The university offers a free online course on basic computer skills, and the policy guarantees equal access regardless of education level."
vocational_training,access_policy|"The six-month vocational program in culinary arts offers childcare stipends to support single parents' attendance."
public_resource,public_events|"The university releases a free annual report on local water quality and hosts a public discussion forum on the findings."
education_outreach,access_policy|"The university provides free tutoring services in disadvantaged schools under a policy ensuring non-discrimination based on the students' immigration status."
vocational_training,education_outreach|"Faculty run practical training sessions on using 3D printing technology for students at the local vocational high school."
public_events,vocational_training|"A free public weekend course on basic electrical safety is open for enrollment to all community residents."
public_resource,vocational_training|"The institution provides a free online module on workplace safety laws to supplement its paid vocational courses."
education_outreach,public_resource|"Student volunteers created a free guide to study skills that they distribute during their mentorship sessions at local schools."
public_resource,education_outreach|"The university hosts a free online guide to effective time management and sends student tutors to local libraries to coach students on its use."
public_events,vocational_training|"A free public weekend course on advanced data analysis is open to the public without prior enrollment barriers."
education_outreach,public_events|"Faculty conduct an educational workshop on healthy cooking for families at a local community kitchen which is open to all community members."
public_resource,access_policy|"The university provides a free online module on digital citizenship, with a policy ensuring the materials are compatible with all major browsers and devices."
vocational_training,access_policy|"The three-month certificate in professional grant writing offers flexible evening classes to accommodate single parents' schedules."
public_resource,public_events|"We publish free informational packets on environmental conservation and host free public informational guided nature walks."
education_outreach,vocational_training|"The humanities department runs tailored public speaking certification training for students at a nearby community college."
public_events,access_policy|"A free public seminar on personal finance is held under a policy ensuring the provision of translation services for Spanish speakers."
vocational_training,public_events,access_policy|"The university provides certified vocational training in phlebotomy with a free public info session and waives fees for refugees."
public_resource,education_outreach,public_events|"The free historical map archive is used by students in local school presentations and showcased during a free campus heritage day."
public_events,vocational_training|"A free community seminar on advanced Excel modeling for finance is available to all local professionals."
education_outreach,public_events|"The School of Science hosts a free biology field trip for local high school students and also invites general community members."
public_resource,access_policy|"The university offers a free online course on basic computer skills, and the policy guarantees equal access regardless of education level."
vocational_training,access_policy|"The six-month vocational program in culinary arts offers childcare stipends to support single parents' attendance."
public_resource,public_events|"The university releases a free annual report on local water quality and hosts a public discussion forum on the findings."
education_outreach,access_policy|"The university provides free tutoring services in disadvantaged schools under a policy ensuring non-discrimination based on the students' immigration status."
vocational_training,education_outreach|"Faculty run practical training sessions on using 3D printing technology for students at the local vocational high school."
public_events,vocational_training|"A free public weekend course on basic electrical safety is open for enrollment to all community residents."
public_resource,vocational_training|"The institution provides a free online module on workplace safety laws to supplement its paid vocational courses."
education_outreach,public_resource|"Student volunteers created a free guide to study skills that they distribute during their mentorship sessions at local schools."
public_resource, public_events|"The university's public digital library of local history is freely accessible online, and they also host a monthly genealogy workshop open to all in the community center."
public_events, vocational_training|"The university hosts a public career fair open to everyone, which features executive education program booths and short course advisors for vocational upskilling."
education_outreach, access_policy|"Our student volunteers run a science outreach program in underserved schools, operating under a strict access policy to ensure it reaches children of all backgrounds."
public_resource, vocational_training, access_policy|"The university provides free online modules for vocational skills, with an access policy ensuring they are available to all, including those with disabilities."
public_events, education_outreach, access_policy|"The university's public astronomy night and its school outreach program both operate under the same access policy, ensuring events are free and accommodating for all."
public_resource, education_outreach|"We provide free online teaching resources for local schoolteachers and our students volunteer to run coding clubs in community centers."
vocational_training, access_policy|"Our new vocational training in carpentry has an access policy that provides scholarships and tools for participants from low-income immigrant backgrounds."
public_events, access_policy|"All public lectures on campus now feature live captioning and hearing loops, in strict adherence to the university's updated access policy."
public_resource, access_policy|"The free online journal repository is being upgraded to be fully screen-reader compatible, in line with the institution's digital access policy."
education_outreach, vocational_training|"Our outreach team visits youth centers to provide vocational guidance and introductory workshops for trades like electrical engineering."


